{
  "$type": "doxi",
  "files": [
    "../../../ext/packages/charts/src/draw/engine/Canvas.js"
  ],
  "global": {
    "$type": "namespace",
    "items": [
      {
        "$type": "class",
        "ignore": true,
        "name": "CanvasRenderingContext2D",
        "items": [
          {
            "$type": "methods",
            "items": [
              {
                "$type": "method",
                "ignore": true,
                "name": "rect",
                "text": "Adds a new closed subpath to the path, representing the given rectangle.\n",
                "items": [
                  {
                    "$type": "return",
                    "type": "*",
                    "src": {
                      "type": "0,385,25"
                    }
                  },
                  {
                    "$type": "param",
                    "name": "x",
                    "src": {
                      "name": "0,388,0"
                    }
                  },
                  {
                    "$type": "param",
                    "name": "y",
                    "src": {
                      "name": "0,388,0"
                    }
                  },
                  {
                    "$type": "param",
                    "name": "w",
                    "src": {
                      "name": "0,388,0"
                    }
                  },
                  {
                    "$type": "param",
                    "name": "h",
                    "src": {
                      "name": "0,388,0"
                    }
                  }
                ],
                "src": {
                  "ignore": "0,386,16",
                  "name": "0,388,0",
                  "text": "0,384,16,73"
                }
              },
              {
                "$type": "method",
                "ignore": true,
                "name": "fillRect",
                "text": "Paints the given rectangle onto the canvas, using the current fill style.\n",
                "items": [
                  {
                    "$type": "param",
                    "name": "x",
                    "src": {
                      "name": "0,396,0"
                    }
                  },
                  {
                    "$type": "param",
                    "name": "y",
                    "src": {
                      "name": "0,396,0"
                    }
                  },
                  {
                    "$type": "param",
                    "name": "w",
                    "src": {
                      "name": "0,396,0"
                    }
                  },
                  {
                    "$type": "param",
                    "name": "h",
                    "src": {
                      "name": "0,396,0"
                    }
                  }
                ],
                "src": {
                  "ignore": "0,394,16",
                  "name": "0,396,0",
                  "text": "0,393,16,74"
                }
              },
              {
                "$type": "method",
                "ignore": true,
                "name": "strokeRect",
                "text": "Paints the box that outlines the given rectangle onto the canvas, using the current stroke style.\n",
                "items": [
                  {
                    "$type": "param",
                    "name": "x",
                    "src": {
                      "name": "0,406,0"
                    }
                  },
                  {
                    "$type": "param",
                    "name": "y",
                    "src": {
                      "name": "0,406,0"
                    }
                  },
                  {
                    "$type": "param",
                    "name": "w",
                    "src": {
                      "name": "0,406,0"
                    }
                  },
                  {
                    "$type": "param",
                    "name": "h",
                    "src": {
                      "name": "0,406,0"
                    }
                  }
                ],
                "src": {
                  "ignore": "0,404,16",
                  "name": "0,406,0",
                  "text": "0,403,16,98"
                }
              },
              {
                "$type": "method",
                "ignore": true,
                "name": "clearRect",
                "text": "Clears all pixels on the canvas in the given rectangle to transparent black.\n",
                "items": [
                  {
                    "$type": "param",
                    "name": "x",
                    "src": {
                      "name": "0,416,0"
                    }
                  },
                  {
                    "$type": "param",
                    "name": "y",
                    "src": {
                      "name": "0,416,0"
                    }
                  },
                  {
                    "$type": "param",
                    "name": "w",
                    "src": {
                      "name": "0,416,0"
                    }
                  },
                  {
                    "$type": "param",
                    "name": "h",
                    "src": {
                      "name": "0,416,0"
                    }
                  }
                ],
                "src": {
                  "ignore": "0,414,16",
                  "name": "0,416,0",
                  "text": "0,413,16,77"
                }
              },
              {
                "$type": "method",
                "ignore": true,
                "name": "moveTo",
                "text": "Creates a new subpath with the given point.\n",
                "items": [
                  {
                    "$type": "param",
                    "name": "x",
                    "src": {
                      "name": "0,424,0"
                    }
                  },
                  {
                    "$type": "param",
                    "name": "y",
                    "src": {
                      "name": "0,424,0"
                    }
                  }
                ],
                "src": {
                  "ignore": "0,422,16",
                  "name": "0,424,0",
                  "text": "0,421,16,44"
                }
              },
              {
                "$type": "method",
                "ignore": true,
                "name": "lineTo",
                "text": "Adds the given point to the current subpath, connected to the previous one by a straight line.\n",
                "items": [
                  {
                    "$type": "param",
                    "name": "x",
                    "src": {
                      "name": "0,432,0"
                    }
                  },
                  {
                    "$type": "param",
                    "name": "y",
                    "src": {
                      "name": "0,432,0"
                    }
                  }
                ],
                "src": {
                  "ignore": "0,430,16",
                  "name": "0,432,0",
                  "text": "0,429,16,95"
                }
              },
              {
                "$type": "method",
                "ignore": true,
                "name": "arc",
                "text": "Adds points to the subpath such that the arc described by the circumference of the\ncircle described by the arguments, starting at the given start angle and ending at\nthe given end angle, going in the given direction (defaulting to clockwise), is added\nto the path, connected to the previous point by a straight line.\n",
                "items": [
                  {
                    "$type": "param",
                    "name": "x",
                    "src": {
                      "name": "0,443,0"
                    }
                  },
                  {
                    "$type": "param",
                    "name": "y",
                    "src": {
                      "name": "0,443,0"
                    }
                  },
                  {
                    "$type": "param",
                    "name": "radius",
                    "src": {
                      "name": "0,443,0"
                    }
                  },
                  {
                    "$type": "param",
                    "name": "startAngle",
                    "src": {
                      "name": "0,443,0"
                    }
                  },
                  {
                    "$type": "param",
                    "name": "endAngle",
                    "src": {
                      "name": "0,443,0"
                    }
                  },
                  {
                    "$type": "param",
                    "name": "anticlockwise",
                    "src": {
                      "name": "0,443,0"
                    }
                  }
                ],
                "src": {
                  "ignore": "0,441,16",
                  "name": "0,443,0",
                  "text": "0,437,16,317"
                }
              },
              {
                "$type": "method",
                "ignore": true,
                "name": "arcTo",
                "text": "Adds an arc with the given control points and radius to the current subpath,\nconnected to the previous point by a straight line.  If two radii are provided, the\nfirst controls the width of the arc\u0027s ellipse, and the second controls the height. If\nonly one is provided, or if they are the same, the arc is from a circle.\n\nIn the case of an ellipse, the rotation argument controls the clockwise inclination\nof the ellipse relative to the x-axis.\n",
                "items": [
                  {
                    "$type": "param",
                    "name": "x1",
                    "src": {
                      "name": "0,459,0"
                    }
                  },
                  {
                    "$type": "param",
                    "name": "y1",
                    "src": {
                      "name": "0,459,0"
                    }
                  },
                  {
                    "$type": "param",
                    "name": "x2",
                    "src": {
                      "name": "0,459,0"
                    }
                  },
                  {
                    "$type": "param",
                    "name": "y2",
                    "src": {
                      "name": "0,459,0"
                    }
                  },
                  {
                    "$type": "param",
                    "name": "radius",
                    "src": {
                      "name": "0,459,0"
                    }
                  }
                ],
                "src": {
                  "ignore": "0,457,16",
                  "name": "0,459,0",
                  "text": "0,450,16,444"
                }
              },
              {
                "$type": "method",
                "ignore": true,
                "name": "save",
                "text": "Pushes the context state to the state stack.\n",
                "src": {
                  "ignore": "0,467,16",
                  "name": "0,469,0",
                  "text": "0,466,16,45"
                }
              },
              {
                "$type": "method",
                "ignore": true,
                "name": "restore",
                "text": "Pops the state stack and restores the state.\n",
                "src": {
                  "ignore": "0,478,16",
                  "name": "0,480,0",
                  "text": "0,477,16,45"
                }
              },
              {
                "$type": "method",
                "ignore": true,
                "name": "updatePrecisionCompensate",
                "src": {
                  "ignore": "0,488,16",
                  "name": "0,490,0"
                }
              },
              {
                "$type": "method",
                "ignore": true,
                "name": "updatePrecisionCompensateRect",
                "src": {
                  "ignore": "0,500,16",
                  "name": "0,502,0"
                }
              },
              {
                "$type": "method",
                "ignore": true,
                "name": "setTransform",
                "text": "Changes the transformation matrix to the matrix given by the arguments as described below.\n",
                "items": [
                  {
                    "$type": "param",
                    "name": "x2x",
                    "src": {
                      "name": "0,515,0"
                    }
                  },
                  {
                    "$type": "param",
                    "name": "x2y",
                    "src": {
                      "name": "0,515,0"
                    }
                  },
                  {
                    "$type": "param",
                    "name": "y2x",
                    "src": {
                      "name": "0,515,0"
                    }
                  },
                  {
                    "$type": "param",
                    "name": "y2y",
                    "src": {
                      "name": "0,515,0"
                    }
                  },
                  {
                    "$type": "param",
                    "name": "newDx",
                    "src": {
                      "name": "0,515,0"
                    }
                  },
                  {
                    "$type": "param",
                    "name": "newDy",
                    "src": {
                      "name": "0,515,0"
                    }
                  }
                ],
                "src": {
                  "ignore": "0,513,16",
                  "name": "0,515,0",
                  "text": "0,512,16,91"
                }
              },
              {
                "$type": "method",
                "ignore": true,
                "name": "transform",
                "text": "Changes the transformation matrix to apply the matrix given by the arguments as described below.\n",
                "items": [
                  {
                    "$type": "param",
                    "name": "x2x",
                    "src": {
                      "name": "0,524,0"
                    }
                  },
                  {
                    "$type": "param",
                    "name": "x2y",
                    "src": {
                      "name": "0,524,0"
                    }
                  },
                  {
                    "$type": "param",
                    "name": "y2x",
                    "src": {
                      "name": "0,524,0"
                    }
                  },
                  {
                    "$type": "param",
                    "name": "y2y",
                    "src": {
                      "name": "0,524,0"
                    }
                  },
                  {
                    "$type": "param",
                    "name": "newDx",
                    "src": {
                      "name": "0,524,0"
                    }
                  },
                  {
                    "$type": "param",
                    "name": "newDy",
                    "src": {
                      "name": "0,524,0"
                    }
                  }
                ],
                "src": {
                  "ignore": "0,522,16",
                  "name": "0,524,0",
                  "text": "0,521,16,97"
                }
              },
              {
                "$type": "method",
                "ignore": true,
                "name": "scale",
                "text": "Scales the transformation matrix.\n",
                "items": [
                  {
                    "$type": "return",
                    "type": "*",
                    "src": {
                      "type": "0,531,25"
                    }
                  },
                  {
                    "$type": "param",
                    "name": "sx",
                    "src": {
                      "name": "0,534,0"
                    }
                  },
                  {
                    "$type": "param",
                    "name": "sy",
                    "src": {
                      "name": "0,534,0"
                    }
                  }
                ],
                "src": {
                  "ignore": "0,532,16",
                  "name": "0,534,0",
                  "text": "0,530,16,34"
                }
              },
              {
                "$type": "method",
                "ignore": true,
                "name": "translate",
                "text": "Translates the transformation matrix.\n",
                "items": [
                  {
                    "$type": "return",
                    "type": "*",
                    "src": {
                      "type": "0,540,25"
                    }
                  },
                  {
                    "$type": "param",
                    "name": "dx",
                    "src": {
                      "name": "0,543,0"
                    }
                  },
                  {
                    "$type": "param",
                    "name": "dy",
                    "src": {
                      "name": "0,543,0"
                    }
                  }
                ],
                "src": {
                  "ignore": "0,541,16",
                  "name": "0,543,0",
                  "text": "0,539,16,38"
                }
              },
              {
                "$type": "method",
                "ignore": true,
                "name": "rotate",
                "text": "Rotates the transformation matrix.\n",
                "items": [
                  {
                    "$type": "return",
                    "type": "*",
                    "src": {
                      "type": "0,549,25"
                    }
                  },
                  {
                    "$type": "param",
                    "name": "radians",
                    "src": {
                      "name": "0,552,0"
                    }
                  }
                ],
                "src": {
                  "ignore": "0,550,16",
                  "name": "0,552,0",
                  "text": "0,548,16,35"
                }
              },
              {
                "$type": "method",
                "ignore": true,
                "name": "quadraticCurveTo",
                "text": "Adds the given point to the current subpath, connected to the previous one by a\nquadratic Bézier curve with the given control point.\n",
                "items": [
                  {
                    "$type": "return",
                    "type": "*",
                    "src": {
                      "type": "0,561,25"
                    }
                  },
                  {
                    "$type": "param",
                    "name": "cx",
                    "src": {
                      "name": "0,564,0"
                    }
                  },
                  {
                    "$type": "param",
                    "name": "cy",
                    "src": {
                      "name": "0,564,0"
                    }
                  },
                  {
                    "$type": "param",
                    "name": "x",
                    "src": {
                      "name": "0,564,0"
                    }
                  },
                  {
                    "$type": "param",
                    "name": "y",
                    "src": {
                      "name": "0,564,0"
                    }
                  }
                ],
                "src": {
                  "ignore": "0,562,16",
                  "name": "0,564,0",
                  "text": "0,559,16,133"
                }
              },
              {
                "$type": "method",
                "ignore": true,
                "name": "bezierCurveTo",
                "text": "Adds the given point to the current subpath, connected to the previous one by a cubic\nBézier curve with the given control points.\n",
                "items": [
                  {
                    "$type": "return",
                    "type": "*",
                    "src": {
                      "type": "0,576,25"
                    }
                  },
                  {
                    "$type": "param",
                    "name": "c1x",
                    "src": {
                      "name": "0,579,0"
                    }
                  },
                  {
                    "$type": "param",
                    "name": "c1y",
                    "src": {
                      "name": "0,579,0"
                    }
                  },
                  {
                    "$type": "param",
                    "name": "c2x",
                    "src": {
                      "name": "0,579,0"
                    }
                  },
                  {
                    "$type": "param",
                    "name": "c2y",
                    "src": {
                      "name": "0,579,0"
                    }
                  },
                  {
                    "$type": "param",
                    "name": "x",
                    "src": {
                      "name": "0,579,0"
                    }
                  },
                  {
                    "$type": "param",
                    "name": "y",
                    "src": {
                      "name": "0,579,0"
                    }
                  }
                ],
                "src": {
                  "ignore": "0,577,16",
                  "name": "0,579,0",
                  "text": "0,574,16,130"
                }
              },
              {
                "$type": "method",
                "ignore": true,
                "name": "createLinearGradient",
                "text": "Returns an object that represents a linear gradient that paints along the line given\nby the coordinates represented by the arguments.\n",
                "items": [
                  {
                    "$type": "return",
                    "type": "*",
                    "src": {
                      "type": "0,593,25"
                    }
                  },
                  {
                    "$type": "param",
                    "name": "x0",
                    "src": {
                      "name": "0,596,0"
                    }
                  },
                  {
                    "$type": "param",
                    "name": "y0",
                    "src": {
                      "name": "0,596,0"
                    }
                  },
                  {
                    "$type": "param",
                    "name": "x1",
                    "src": {
                      "name": "0,596,0"
                    }
                  },
                  {
                    "$type": "param",
                    "name": "y1",
                    "src": {
                      "name": "0,596,0"
                    }
                  }
                ],
                "src": {
                  "ignore": "0,594,16",
                  "name": "0,596,0",
                  "text": "0,591,16,134"
                }
              },
              {
                "$type": "method",
                "ignore": true,
                "name": "createRadialGradient",
                "text": "Returns a CanvasGradient object that represents a radial gradient that paints along\nthe cone given by the circles represented by the arguments.  If either of the radii\nare negative, throws an IndexSizeError exception.\n",
                "items": [
                  {
                    "$type": "return",
                    "type": "*",
                    "src": {
                      "type": "0,612,25"
                    }
                  },
                  {
                    "$type": "param",
                    "name": "x0",
                    "src": {
                      "name": "0,615,0"
                    }
                  },
                  {
                    "$type": "param",
                    "name": "y0",
                    "src": {
                      "name": "0,615,0"
                    }
                  },
                  {
                    "$type": "param",
                    "name": "r0",
                    "src": {
                      "name": "0,615,0"
                    }
                  },
                  {
                    "$type": "param",
                    "name": "x1",
                    "src": {
                      "name": "0,615,0"
                    }
                  },
                  {
                    "$type": "param",
                    "name": "y1",
                    "src": {
                      "name": "0,615,0"
                    }
                  },
                  {
                    "$type": "param",
                    "name": "r1",
                    "src": {
                      "name": "0,615,0"
                    }
                  }
                ],
                "src": {
                  "ignore": "0,613,16",
                  "name": "0,615,0",
                  "text": "0,609,16,218"
                }
              },
              {
                "$type": "method",
                "ignore": true,
                "name": "fillText",
                "text": "Fills the given text at the given position. If a maximum width is provided, the text\nwill be scaled to fit that width if necessary.\n",
                "items": [
                  {
                    "$type": "param",
                    "name": "text",
                    "src": {
                      "name": "0,634,0"
                    }
                  },
                  {
                    "$type": "param",
                    "name": "x",
                    "src": {
                      "name": "0,634,0"
                    }
                  },
                  {
                    "$type": "param",
                    "name": "y",
                    "src": {
                      "name": "0,634,0"
                    }
                  },
                  {
                    "$type": "param",
                    "name": "maxWidth",
                    "src": {
                      "name": "0,634,0"
                    }
                  }
                ],
                "src": {
                  "ignore": "0,632,16",
                  "name": "0,634,0",
                  "text": "0,630,16,132"
                }
              },
              {
                "$type": "method",
                "ignore": true,
                "name": "strokeText",
                "text": "Strokes the given text at the given position. If a\nmaximum width is provided, the text will be scaled to\nfit that width if necessary.\n",
                "items": [
                  {
                    "$type": "param",
                    "name": "text",
                    "src": {
                      "name": "0,650,0"
                    }
                  },
                  {
                    "$type": "param",
                    "name": "x",
                    "src": {
                      "name": "0,650,0"
                    }
                  },
                  {
                    "$type": "param",
                    "name": "y",
                    "src": {
                      "name": "0,650,0"
                    }
                  },
                  {
                    "$type": "param",
                    "name": "maxWidth",
                    "src": {
                      "name": "0,650,0"
                    }
                  }
                ],
                "src": {
                  "ignore": "0,648,16",
                  "name": "0,650,0",
                  "text": "0,645,16,134"
                }
              },
              {
                "$type": "method",
                "ignore": true,
                "name": "fill",
                "text": "Fills the subpaths of the current default path or the given path with the current fill style.\n",
                "src": {
                  "ignore": "0,662,16",
                  "name": "0,664,0",
                  "text": "0,661,16,94"
                }
              },
              {
                "$type": "method",
                "ignore": true,
                "name": "stroke",
                "text": "Strokes the subpaths of the current default path or the given path with the current stroke style.\n",
                "src": {
                  "ignore": "0,677,16",
                  "name": "0,679,0",
                  "text": "0,676,16,98"
                }
              },
              {
                "$type": "method",
                "ignore": true,
                "name": "drawImage",
                "text": "Draws the given image onto the canvas.  If the first argument isn\u0027t an img, canvas,\nor video element, throws a TypeMismatchError exception. If the image has no image\ndata, throws an InvalidStateError exception. If the one of the source rectangle\ndimensions is zero, throws an IndexSizeError exception. If the image isn\u0027t yet fully\ndecoded, then nothing is drawn.\n",
                "items": [
                  {
                    "$type": "return",
                    "type": "*",
                    "src": {
                      "type": "0,696,25"
                    }
                  },
                  {
                    "$type": "param",
                    "name": "img_elem",
                    "src": {
                      "name": "0,699,0"
                    }
                  },
                  {
                    "$type": "param",
                    "name": "arg1",
                    "src": {
                      "name": "0,699,0"
                    }
                  },
                  {
                    "$type": "param",
                    "name": "arg2",
                    "src": {
                      "name": "0,699,0"
                    }
                  },
                  {
                    "$type": "param",
                    "name": "arg3",
                    "src": {
                      "name": "0,699,0"
                    }
                  },
                  {
                    "$type": "param",
                    "name": "arg4",
                    "src": {
                      "name": "0,699,0"
                    }
                  },
                  {
                    "$type": "param",
                    "name": "dst_x",
                    "src": {
                      "name": "0,699,0"
                    }
                  },
                  {
                    "$type": "param",
                    "name": "dst_y",
                    "src": {
                      "name": "0,699,0"
                    }
                  },
                  {
                    "$type": "param",
                    "name": "dw",
                    "src": {
                      "name": "0,699,0"
                    }
                  },
                  {
                    "$type": "param",
                    "name": "dh",
                    "src": {
                      "name": "0,699,0"
                    }
                  }
                ],
                "src": {
                  "ignore": "0,697,16",
                  "name": "0,699,0",
                  "text": "0,691,16,363"
                }
              },
              {
                "$type": "method",
                "name": "updateRect",
                "text": "Normally, a surface will have a single canvas.\nHowever, on certain platforms/browsers there\u0027s a limit to how big a canvas can be.\n\u0027splitThreshold\u0027 is used to determine maximum width/height of a single canvas element.\nWhen a surface is wider/taller than the splitThreshold, extra canvas element(s)\nwill be created and tiled inside the surface.\n",
                "items": [
                  {
                    "$type": "param",
                    "name": "rect",
                    "src": {
                      "name": "0,721,0"
                    }
                  }
                ],
                "src": {
                  "name": "0,721,0",
                  "text": "0,715,8,343"
                }
              },
              {
                "$type": "method",
                "inheritdoc": true,
                "name": "clearTransform",
                "src": {
                  "inheritdoc": "0,785,8",
                  "name": "0,787,0"
                }
              },
              {
                "$type": "method",
                "access": "private",
                "inheritdoc": true,
                "name": "renderSprite",
                "items": [
                  {
                    "$type": "param",
                    "name": "sprite",
                    "src": {
                      "name": "0,823,0"
                    }
                  }
                ],
                "src": {
                  "access": "0,820,8",
                  "inheritdoc": "0,821,8",
                  "name": "0,823,0"
                }
              },
              {
                "$type": "method",
                "inheritdoc": true,
                "name": "clear",
                "src": {
                  "inheritdoc": "0,935,8",
                  "name": "0,937,0"
                }
              },
              {
                "$type": "method",
                "name": "destroy",
                "text": "Destroys the Canvas element and prepares it for Garbage Collection.\n",
                "src": {
                  "name": "0,955,0",
                  "text": "0,953,8,68"
                }
              }
            ]
          }
        ],
        "src": {
          "ignore": "0,379,12",
          "name": "0,378,19"
        }
      }
    ]
  },
  "version": 1
}