{
  "$type": "doxi",
  "files": [
    "../../../ext/classic/classic/src/dd/DD.js",
    "../../../ext/classic/classic/src/dd/DragDrop.js"
  ],
  "global": {
    "$type": "namespace",
    "items": [
      {
        "$type": "class",
        "extends": "Ext.dd.DragDrop",
        "name": "Ext.dd.DD",
        "requires": "Ext.dd.DragDropManager",
        "text": "A DragDrop implementation where the linked element follows the\nmouse cursor during a drag.\n",
        "items": [
          {
            "$type": "methods",
            "items": [
              {
                "$type": "method",
                "name": "constructor",
                "text": "Creates new DD instance.\n",
                "items": [
                  {
                    "$type": "param",
                    "name": "id",
                    "text": "the id of the linked element\n",
                    "type": "String",
                    "src": {
                      "name": "0,20,24",
                      "text": "0,20,27,29",
                      "type": "0,20,16"
                    }
                  },
                  {
                    "$type": "param",
                    "name": "sGroup",
                    "text": "the group of related DragDrop items\n",
                    "type": "String",
                    "src": {
                      "name": "0,21,24",
                      "text": "0,21,31,36",
                      "type": "0,21,16"
                    }
                  },
                  {
                    "$type": "param",
                    "name": "config",
                    "text": "an object containing configurable attributes.\nValid properties for DD: scroll\n",
                    "type": "Object",
                    "src": {
                      "name": "0,22,24",
                      "text": "0,22,31,46:0,23,8,32",
                      "type": "0,22,16"
                    }
                  }
                ],
                "src": {
                  "name": "0,25,0",
                  "text": "0,19,8,25"
                }
              },
              {
                "$type": "method",
                "name": "autoOffset",
                "text": "Sets the pointer offset to the distance between the linked element\u0027s top\nleft corner and the location the element was clicked.\n",
                "items": [
                  {
                    "$type": "param",
                    "name": "iPageX",
                    "text": "the X coordinate of the click\n",
                    "type": "Number",
                    "src": {
                      "name": "0,41,24",
                      "text": "0,41,31,30",
                      "type": "0,41,16"
                    }
                  },
                  {
                    "$type": "param",
                    "name": "iPageY",
                    "text": "the Y coordinate of the click\n",
                    "type": "Number",
                    "src": {
                      "name": "0,42,24",
                      "text": "0,42,31,30",
                      "type": "0,42,16"
                    }
                  }
                ],
                "src": {
                  "name": "0,44,0",
                  "text": "0,39,8,127"
                }
              },
              {
                "$type": "method",
                "name": "setDelta",
                "text": "Sets the pointer offset.  You can call this directly to force the\noffset to be in a particular location (e.g., pass in 0,0 to set it\nto the center of the object)\n",
                "items": [
                  {
                    "$type": "param",
                    "name": "iDeltaX",
                    "text": "the distance from the left\n",
                    "type": "Number",
                    "src": {
                      "name": "0,54,24",
                      "text": "0,54,32,27",
                      "type": "0,54,16"
                    }
                  },
                  {
                    "$type": "param",
                    "name": "iDeltaY",
                    "text": "the distance from the top\n",
                    "type": "Number",
                    "src": {
                      "name": "0,55,24",
                      "text": "0,55,32,26",
                      "type": "0,55,16"
                    }
                  }
                ],
                "src": {
                  "name": "0,57,0",
                  "text": "0,51,8,162"
                }
              },
              {
                "$type": "method",
                "name": "setDragElPos",
                "text": "Sets the drag element to the location of the mousedown or click event,\nmaintaining the cursor location relative to the location on the element\nthat was clicked.  Override this if you want to place the element in a\nlocation other than where the cursor is.\n",
                "items": [
                  {
                    "$type": "param",
                    "name": "iPageX",
                    "text": "the X coordinate of the mousedown or drag event\n",
                    "type": "Number",
                    "src": {
                      "name": "0,67,24",
                      "text": "0,67,31,48",
                      "type": "0,67,16"
                    }
                  },
                  {
                    "$type": "param",
                    "name": "iPageY",
                    "text": "the Y coordinate of the mousedown or drag event\n",
                    "type": "Number",
                    "src": {
                      "name": "0,68,24",
                      "text": "0,68,31,48",
                      "type": "0,68,16"
                    }
                  }
                ],
                "src": {
                  "name": "0,70,0",
                  "text": "0,63,8,255"
                }
              },
              {
                "$type": "method",
                "name": "alignElWithMouse",
                "text": "Sets the element to the location of the mousedown or click event,\nmaintaining the cursor location relative to the location on the element\nthat was clicked.  Override this if you want to place the element in a\nlocation other than where the cursor is.\n",
                "items": [
                  {
                    "$type": "param",
                    "name": "el",
                    "text": "the element to move\n",
                    "type": "HTMLElement",
                    "src": {
                      "name": "0,83,29",
                      "text": "0,83,32,20",
                      "type": "0,83,16"
                    }
                  },
                  {
                    "$type": "param",
                    "name": "iPageX",
                    "text": "the X coordinate of the mousedown or drag event\n",
                    "type": "Number",
                    "src": {
                      "name": "0,84,24",
                      "text": "0,84,31,48",
                      "type": "0,84,16"
                    }
                  },
                  {
                    "$type": "param",
                    "name": "iPageY",
                    "text": "the Y coordinate of the mousedown or drag event\n",
                    "type": "Number",
                    "src": {
                      "name": "0,85,24",
                      "text": "0,85,31,48",
                      "type": "0,85,16"
                    }
                  }
                ],
                "src": {
                  "name": "0,87,0",
                  "text": "0,79,8,250"
                }
              },
              {
                "$type": "method",
                "name": "cachePosition",
                "text": "Saves the most recent position so that we can reset the constraints and\ntick marks on-demand.  We need to know this so that we can calculate the\nnumber of pixels the element is offset from its original position.\n",
                "items": [
                  {
                    "$type": "param",
                    "name": "iPageX",
                    "optional": true,
                    "text": "the current x position (this just makes it so we\ndon\u0027t have to look it up again)\n",
                    "type": "Number",
                    "src": {
                      "name": "0,126,25",
                      "text": "0,126,33,49:0,127,8,32",
                      "type": "0,126,16"
                    }
                  },
                  {
                    "$type": "param",
                    "name": "iPageY",
                    "optional": true,
                    "text": "the current y position (this just makes it so we\ndon\u0027t have to look it up again)\n",
                    "type": "Number",
                    "src": {
                      "name": "0,128,25",
                      "text": "0,128,33,49:0,129,8,32",
                      "type": "0,128,16"
                    }
                  }
                ],
                "src": {
                  "name": "0,131,0",
                  "text": "0,122,8,213"
                }
              },
              {
                "$type": "method",
                "access": "private",
                "name": "autoScroll",
                "text": "Auto-scroll the window if the dragged object has been moved beyond the\nvisible window boundary.\n",
                "items": [
                  {
                    "$type": "param",
                    "name": "x",
                    "text": "the drag element\u0027s x position\n",
                    "type": "Number",
                    "src": {
                      "name": "0,145,24",
                      "text": "0,145,26,30",
                      "type": "0,145,16"
                    }
                  },
                  {
                    "$type": "param",
                    "name": "y",
                    "text": "the drag element\u0027s y position\n",
                    "type": "Number",
                    "src": {
                      "name": "0,146,24",
                      "text": "0,146,26,30",
                      "type": "0,146,16"
                    }
                  },
                  {
                    "$type": "param",
                    "name": "h",
                    "text": "the height of the drag element\n",
                    "type": "Number",
                    "src": {
                      "name": "0,147,24",
                      "text": "0,147,26,31",
                      "type": "0,147,16"
                    }
                  },
                  {
                    "$type": "param",
                    "name": "w",
                    "text": "the width of the drag element\n",
                    "type": "Number",
                    "src": {
                      "name": "0,148,24",
                      "text": "0,148,26,30",
                      "type": "0,148,16"
                    }
                  }
                ],
                "src": {
                  "access": "0,149,8",
                  "name": "0,151,0",
                  "text": "0,143,8,96"
                }
              },
              {
                "$type": "method",
                "access": "private",
                "name": "getTargetCoord",
                "text": "Finds the location the element should be placed if we want to move\nit to where the mouse location less the click offset would place us.\n",
                "items": [
                  {
                    "$type": "param",
                    "name": "iPageX",
                    "text": "the X coordinate of the click\n",
                    "type": "Number",
                    "src": {
                      "name": "0,209,24",
                      "text": "0,209,31,30",
                      "type": "0,209,16"
                    }
                  },
                  {
                    "$type": "param",
                    "name": "iPageY",
                    "text": "the Y coordinate of the click\n",
                    "type": "Number",
                    "src": {
                      "name": "0,210,24",
                      "text": "0,210,31,30",
                      "type": "0,210,16"
                    }
                  },
                  {
                    "$type": "return",
                    "text": "An object that contains the coordinates (Object.x and Object.y)\n",
                    "type": "Object",
                    "items": [
                      {
                        "$type": "property",
                        "name": "x",
                        "type": "Number",
                        "src": {
                          "name": "0,212,32",
                          "type": "0,212,17"
                        }
                      },
                      {
                        "$type": "property",
                        "name": "y",
                        "type": "Number",
                        "src": {
                          "name": "0,213,32",
                          "type": "0,213,17"
                        }
                      }
                    ],
                    "src": {
                      "text": "0,211,25,64",
                      "type": "0,211,17"
                    }
                  }
                ],
                "src": {
                  "access": "0,214,8",
                  "name": "0,216,0",
                  "text": "0,207,8,136"
                }
              },
              {
                "$type": "method",
                "name": "applyConfig",
                "text": "Sets up config options specific to this class. Overrides\nExt.dd.DragDrop, but all versions of this method through the\ninheritance chain are called\n",
                "src": {
                  "name": "0,250,0",
                  "text": "0,246,8,147"
                }
              },
              {
                "$type": "method",
                "name": "b4MouseDown",
                "text": "Event that fires prior to the onMouseDown event.  Overrides\nExt.dd.DragDrop.\n",
                "items": [
                  {
                    "$type": "param",
                    "name": "e",
                    "src": {
                      "name": "0,259,0"
                    }
                  }
                ],
                "src": {
                  "name": "0,259,0",
                  "text": "0,256,8,77"
                }
              },
              {
                "$type": "method",
                "name": "b4Drag",
                "text": "Event that fires prior to the onDrag event.  Overrides\nExt.dd.DragDrop.\n",
                "items": [
                  {
                    "$type": "param",
                    "name": "e",
                    "src": {
                      "name": "0,269,0"
                    }
                  }
                ],
                "src": {
                  "name": "0,269,0",
                  "text": "0,266,8,72"
                }
              },
              {
                "$type": "method",
                "name": "lock",
                "text": "Locks this instance\n",
                "src": {
                  "name": "1,178,0",
                  "text": "1,176,8,20"
                }
              },
              {
                "$type": "method",
                "name": "unlock",
                "text": "Unlocks this instace\n",
                "src": {
                  "name": "1,192,0",
                  "text": "1,190,8,21"
                }
              },
              {
                "$type": "method",
                "access": "private",
                "name": "b4StartDrag",
                "text": "Code that executes immediately before the startDrag event\n",
                "items": [
                  {
                    "$type": "param",
                    "name": "x",
                    "src": {
                      "name": "1,322,0"
                    }
                  },
                  {
                    "$type": "param",
                    "name": "y",
                    "src": {
                      "name": "1,322,0"
                    }
                  }
                ],
                "src": {
                  "access": "1,320,8",
                  "name": "1,322,0",
                  "text": "1,319,8,58"
                }
              },
              {
                "$type": "method",
                "name": "startDrag",
                "text": "Abstract method called after a drag/drop object is clicked\nand the drag or mousedown time thresholds have beeen met.\n",
                "items": [
                  {
                    "$type": "param",
                    "name": "x",
                    "text": "X click location\n",
                    "type": "Number",
                    "src": {
                      "name": "1,327,24",
                      "text": "1,327,26,17",
                      "type": "1,327,16"
                    }
                  },
                  {
                    "$type": "param",
                    "name": "y",
                    "text": "Y click location\n",
                    "type": "Number",
                    "src": {
                      "name": "1,328,24",
                      "text": "1,328,26,17",
                      "type": "1,328,16"
                    }
                  }
                ],
                "src": {
                  "name": "1,330,0",
                  "text": "1,325,8,117"
                }
              },
              {
                "$type": "method",
                "name": "onDrag",
                "text": "Abstract method called during the onMouseMove event while dragging an\nobject.\n",
                "items": [
                  {
                    "$type": "param",
                    "name": "e",
                    "text": "the mousemove event\n",
                    "type": "Event",
                    "src": {
                      "name": "1,341,23",
                      "text": "1,341,25,20",
                      "type": "1,341,16"
                    }
                  }
                ],
                "src": {
                  "name": "1,343,0",
                  "text": "1,339,8,78"
                }
              },
              {
                "$type": "method",
                "name": "onDragEnter",
                "text": "Abstract method called when this element fist begins hovering over\nanother DragDrop obj\n",
                "items": [
                  {
                    "$type": "param",
                    "name": "e",
                    "text": "the mousemove event\n",
                    "type": "Event",
                    "src": {
                      "name": "1,348,23",
                      "text": "1,348,25,20",
                      "type": "1,348,16"
                    }
                  },
                  {
                    "$type": "param",
                    "name": "id",
                    "text": "In POINT mode, the element\nid this is hovering over.  In INTERSECT mode, an array of one or more\ndragdrop items being hovered over.\n",
                    "type": "String/Ext.dd.DragDrop[]",
                    "src": {
                      "name": "1,349,42",
                      "text": "1,349,45,27:1,350,8,105",
                      "type": "1,349,16"
                    }
                  }
                ],
                "src": {
                  "name": "1,353,0",
                  "text": "1,346,8,88"
                }
              },
              {
                "$type": "method",
                "access": "private",
                "name": "b4DragOver",
                "text": "Code that executes immediately before the onDragOver event\n",
                "items": [
                  {
                    "$type": "param",
                    "name": "e",
                    "src": {
                      "name": "1,359,0"
                    }
                  }
                ],
                "src": {
                  "access": "1,357,8",
                  "name": "1,359,0",
                  "text": "1,356,8,59"
                }
              },
              {
                "$type": "method",
                "name": "onDragOver",
                "text": "Abstract method called when this element is hovering over another\nDragDrop obj\n",
                "items": [
                  {
                    "$type": "param",
                    "name": "e",
                    "text": "the mousemove event\n",
                    "type": "Event",
                    "src": {
                      "name": "1,364,23",
                      "text": "1,364,25,20",
                      "type": "1,364,16"
                    }
                  },
                  {
                    "$type": "param",
                    "name": "id",
                    "text": "In POINT mode, the element\nid this is hovering over.  In INTERSECT mode, an array of dd items\nbeing hovered over.\n",
                    "type": "String/Ext.dd.DragDrop[]",
                    "src": {
                      "name": "1,365,42",
                      "text": "1,365,45,27:1,366,8,87",
                      "type": "1,365,16"
                    }
                  }
                ],
                "src": {
                  "name": "1,369,0",
                  "text": "1,362,8,79"
                }
              },
              {
                "$type": "method",
                "access": "private",
                "name": "b4DragOut",
                "text": "Code that executes immediately before the onDragOut event\n",
                "items": [
                  {
                    "$type": "param",
                    "name": "e",
                    "src": {
                      "name": "1,375,0"
                    }
                  }
                ],
                "src": {
                  "access": "1,373,8",
                  "name": "1,375,0",
                  "text": "1,372,8,58"
                }
              },
              {
                "$type": "method",
                "name": "onDragOut",
                "text": "Abstract method called when we are no longer hovering over an element\n",
                "items": [
                  {
                    "$type": "param",
                    "name": "e",
                    "text": "the mousemove event\n",
                    "type": "Event",
                    "src": {
                      "name": "1,379,23",
                      "text": "1,379,25,20",
                      "type": "1,379,16"
                    }
                  },
                  {
                    "$type": "param",
                    "name": "id",
                    "text": "In POINT mode, the element\nid this was hovering over.  In INTERSECT mode, an array of dd items\nthat the mouse is no longer over.\n",
                    "type": "String/Ext.dd.DragDrop[]",
                    "src": {
                      "name": "1,380,42",
                      "text": "1,380,45,27:1,381,8,102",
                      "type": "1,380,16"
                    }
                  }
                ],
                "src": {
                  "name": "1,384,0",
                  "text": "1,378,8,70"
                }
              },
              {
                "$type": "method",
                "access": "private",
                "name": "b4DragDrop",
                "text": "Code that executes immediately before the onDragDrop event\n",
                "items": [
                  {
                    "$type": "param",
                    "name": "e",
                    "src": {
                      "name": "1,390,0"
                    }
                  }
                ],
                "src": {
                  "access": "1,388,8",
                  "name": "1,390,0",
                  "text": "1,387,8,59"
                }
              },
              {
                "$type": "method",
                "name": "onDragDrop",
                "text": "Abstract method called when this item is dropped on another DragDrop\nobj\n",
                "items": [
                  {
                    "$type": "param",
                    "name": "e",
                    "text": "the mouseup event\n",
                    "type": "Event",
                    "src": {
                      "name": "1,395,23",
                      "text": "1,395,25,18",
                      "type": "1,395,16"
                    }
                  },
                  {
                    "$type": "param",
                    "name": "id",
                    "text": "In POINT mode, the element\nid this was dropped on.  In INTERSECT mode, an array of dd items this\nwas dropped on.\n",
                    "type": "String/Ext.dd.DragDrop[]",
                    "src": {
                      "name": "1,396,42",
                      "text": "1,396,45,27:1,397,8,86",
                      "type": "1,396,16"
                    }
                  }
                ],
                "src": {
                  "name": "1,400,0",
                  "text": "1,393,8,73"
                }
              },
              {
                "$type": "method",
                "name": "onInvalidDrop",
                "text": "Abstract method called when this item is dropped on an area with no\ndrop target\n",
                "items": [
                  {
                    "$type": "param",
                    "name": "e",
                    "text": "the mouseup event\n",
                    "type": "Event",
                    "src": {
                      "name": "1,405,23",
                      "text": "1,405,25,18",
                      "type": "1,405,16"
                    }
                  }
                ],
                "src": {
                  "name": "1,407,0",
                  "text": "1,403,8,80"
                }
              },
              {
                "$type": "method",
                "access": "private",
                "name": "b4EndDrag",
                "text": "Code that executes immediately before the endDrag event\n",
                "items": [
                  {
                    "$type": "param",
                    "name": "e",
                    "src": {
                      "name": "1,413,0"
                    }
                  }
                ],
                "src": {
                  "access": "1,411,8",
                  "name": "1,413,0",
                  "text": "1,410,8,56"
                }
              },
              {
                "$type": "method",
                "name": "endDrag",
                "text": "Called when we are done dragging the object\n",
                "items": [
                  {
                    "$type": "param",
                    "name": "e",
                    "text": "the mouseup event\n",
                    "type": "Event",
                    "src": {
                      "name": "1,417,23",
                      "text": "1,417,25,18",
                      "type": "1,417,16"
                    }
                  }
                ],
                "src": {
                  "name": "1,419,0",
                  "text": "1,416,8,44"
                }
              },
              {
                "$type": "method",
                "name": "onMouseDown",
                "text": "Called when a drag/drop obj gets a mousedown\n",
                "items": [
                  {
                    "$type": "param",
                    "name": "e",
                    "text": "the mousedown event\n",
                    "type": "Event",
                    "src": {
                      "name": "1,430,23",
                      "text": "1,430,25,20",
                      "type": "1,430,16"
                    }
                  }
                ],
                "src": {
                  "name": "1,432,0",
                  "text": "1,429,8,45"
                }
              },
              {
                "$type": "method",
                "name": "onMouseUp",
                "text": "Called when a drag/drop obj gets a mouseup\n",
                "items": [
                  {
                    "$type": "param",
                    "name": "e",
                    "text": "the mouseup event\n",
                    "type": "Event",
                    "src": {
                      "name": "1,436,23",
                      "text": "1,436,25,18",
                      "type": "1,436,16"
                    }
                  }
                ],
                "src": {
                  "name": "1,438,0",
                  "text": "1,435,8,43"
                }
              },
              {
                "$type": "method",
                "name": "onAvailable",
                "text": "Override the onAvailable method to do what is needed after the initial\nposition was determined.\n",
                "src": {
                  "name": "1,444,0",
                  "text": "1,441,8,96"
                }
              },
              {
                "$type": "method",
                "name": "constrainTo",
                "text": "Initializes the drag drop object\u0027s constraints to restrict movement to a certain element.\n\nUsage:\n\n    var dd \u003d new Ext.dd.DDProxy(\"dragDiv1\", \"proxytest\",\n                   { dragElId: \"existingProxyDiv\" });\n    dd.startDrag \u003d function(){\n        this.constrainTo(\"parent-id\");\n    };\n\nOr you can initalize it using the {@link Ext.dom.Element} object:\n\n    Ext.get(\"dragDiv1\").initDDProxy(\"proxytest\", {dragElId: \"existingProxyDiv\"}, {\n        startDrag : function(){\n            this.constrainTo(\"parent-id\");\n        }\n    });\n",
                "items": [
                  {
                    "$type": "param",
                    "name": "constrainTo",
                    "text": "The element or element ID to constrain to.\n",
                    "type": "String/HTMLElement/Ext.dom.Element",
                    "src": {
                      "name": "1,477,52",
                      "text": "1,477,64,43",
                      "type": "1,477,16"
                    }
                  },
                  {
                    "$type": "param",
                    "name": "pad",
                    "text": "(optional) Pad provides a way to specify \"padding\" of the constraints,\nand can be either a number for symmetrical padding (4 would be equal to `{left:4, right:4, top:4, bottom:4}`) or\nan object containing the sides to pad. For example: `{right:10, bottom:10}`\n",
                    "type": "Object/Number",
                    "src": {
                      "name": "1,478,31",
                      "text": "1,478,35,71:1,479,8,189",
                      "type": "1,478,16"
                    }
                  },
                  {
                    "$type": "param",
                    "name": "inContent",
                    "text": "(optional) Constrain the draggable in the content box of the element (inside padding and borders)\n",
                    "type": "Boolean",
                    "src": {
                      "name": "1,481,25",
                      "text": "1,481,35,98",
                      "type": "1,481,16"
                    }
                  }
                ],
                "src": {
                  "name": "1,483,0",
                  "text": "1,459,8,532"
                }
              },
              {
                "$type": "method",
                "name": "getEl",
                "text": "Returns a reference to the linked element\n",
                "items": [
                  {
                    "$type": "return",
                    "text": "the html element\n",
                    "type": "HTMLElement",
                    "src": {
                      "text": "1,530,30,17",
                      "type": "1,530,17"
                    }
                  }
                ],
                "src": {
                  "name": "1,532,0",
                  "text": "1,529,8,42"
                }
              },
              {
                "$type": "method",
                "name": "getDragEl",
                "text": "Returns a reference to the actual element to drag.  By default this is\nthe same as the html element, but it can be assigned to another\nelement. An example of this can be found in Ext.dd.DDProxy\n",
                "items": [
                  {
                    "$type": "return",
                    "text": "the html element\n",
                    "type": "HTMLElement",
                    "src": {
                      "text": "1,544,30,17",
                      "type": "1,544,17"
                    }
                  }
                ],
                "src": {
                  "name": "1,546,0",
                  "text": "1,541,8,194"
                }
              },
              {
                "$type": "method",
                "name": "init",
                "text": "Sets up the DragDrop object.  Must be called in the constructor of any\nExt.dd.DragDrop subclass\n",
                "items": [
                  {
                    "$type": "param",
                    "name": "id",
                    "text": "the id of the linked element\n",
                    "type": "String",
                    "src": {
                      "name": "1,553,24",
                      "text": "1,553,27,29",
                      "type": "1,553,16"
                    }
                  },
                  {
                    "$type": "param",
                    "name": "sGroup",
                    "text": "the group of related items\n",
                    "type": "String",
                    "src": {
                      "name": "1,554,24",
                      "text": "1,554,31,27",
                      "type": "1,554,16"
                    }
                  },
                  {
                    "$type": "param",
                    "name": "config",
                    "text": "configuration attributes\n",
                    "type": "Object",
                    "src": {
                      "name": "1,555,24",
                      "text": "1,555,31,25",
                      "type": "1,555,16"
                    }
                  }
                ],
                "src": {
                  "name": "1,557,0",
                  "text": "1,551,8,96"
                }
              },
              {
                "$type": "method",
                "name": "initTarget",
                "text": "Initializes Targeting functionality only... the object does not\nget a mousedown handler.\n",
                "items": [
                  {
                    "$type": "param",
                    "name": "id",
                    "text": "the id of the linked element\n",
                    "type": "String",
                    "src": {
                      "name": "1,575,24",
                      "text": "1,575,27,29",
                      "type": "1,575,16"
                    }
                  },
                  {
                    "$type": "param",
                    "name": "sGroup",
                    "text": "the group of related items\n",
                    "type": "String",
                    "src": {
                      "name": "1,576,24",
                      "text": "1,576,31,27",
                      "type": "1,576,16"
                    }
                  },
                  {
                    "$type": "param",
                    "name": "config",
                    "text": "configuration attributes\n",
                    "type": "Object",
                    "src": {
                      "name": "1,577,24",
                      "text": "1,577,31,25",
                      "type": "1,577,16"
                    }
                  }
                ],
                "src": {
                  "name": "1,579,0",
                  "text": "1,573,8,89"
                }
              },
              {
                "$type": "method",
                "access": "private",
                "name": "handleOnAvailable",
                "text": "Executed when the linked element is available\n",
                "src": {
                  "access": "1,636,8",
                  "name": "1,638,0",
                  "text": "1,635,8,46"
                }
              },
              {
                "$type": "method",
                "name": "setPadding",
                "text": "Configures the padding for the target zone in px.  Effectively expands\n(or reduces) the virtual object size for targeting calculations.\nSupports css-style shorthand; if only one parameter is passed, all sides\nwill have that padding, and if only two are passed, the top and bottom\nwill have the first param, the left and right the second.\n",
                "items": [
                  {
                    "$type": "param",
                    "name": "iTop",
                    "text": "Top pad\n",
                    "type": "Number",
                    "src": {
                      "name": "1,650,24",
                      "text": "1,650,29,8",
                      "type": "1,650,16"
                    }
                  },
                  {
                    "$type": "param",
                    "name": "iRight",
                    "text": "Right pad\n",
                    "type": "Number",
                    "src": {
                      "name": "1,651,24",
                      "text": "1,651,31,10",
                      "type": "1,651,16"
                    }
                  },
                  {
                    "$type": "param",
                    "name": "iBot",
                    "text": "Bot pad\n",
                    "type": "Number",
                    "src": {
                      "name": "1,652,24",
                      "text": "1,652,29,8",
                      "type": "1,652,16"
                    }
                  },
                  {
                    "$type": "param",
                    "name": "iLeft",
                    "text": "Left pad\n",
                    "type": "Number",
                    "src": {
                      "name": "1,653,24",
                      "text": "1,653,30,9",
                      "type": "1,653,16"
                    }
                  }
                ],
                "src": {
                  "name": "1,655,0",
                  "text": "1,645,8,338"
                }
              },
              {
                "$type": "method",
                "name": "setInitPosition",
                "text": "Stores the initial placement of the linked element.\n",
                "items": [
                  {
                    "$type": "param",
                    "name": "diffX",
                    "text": "the X offset, default 0\n",
                    "type": "Number",
                    "src": {
                      "name": "1,668,24",
                      "text": "1,668,30,24",
                      "type": "1,668,16"
                    }
                  },
                  {
                    "$type": "param",
                    "name": "diffY",
                    "text": "the Y offset, default 0\n",
                    "type": "Number",
                    "src": {
                      "name": "1,669,24",
                      "text": "1,669,30,24",
                      "type": "1,669,16"
                    }
                  }
                ],
                "src": {
                  "name": "1,671,0",
                  "text": "1,667,8,52"
                }
              },
              {
                "$type": "method",
                "access": "private",
                "name": "setStartPosition",
                "text": "Sets the start position of the element.  This is set when the obj\nis initialized, the reset when a drag is started.\n",
                "items": [
                  {
                    "$type": "param",
                    "name": "pos",
                    "text": "current position (from previous lookup)\n",
                    "src": {
                      "name": "1,696,15",
                      "text": "1,696,19,40"
                    }
                  }
                ],
                "src": {
                  "access": "1,697,8",
                  "name": "1,699,0",
                  "text": "1,694,8,116"
                }
              },
              {
                "$type": "method",
                "name": "addToGroup",
                "text": "Adds this instance to a group of related drag/drop objects.  All\ninstances belong to at least one group, and can belong to as many\ngroups as needed.\n",
                "items": [
                  {
                    "$type": "param",
                    "name": "sGroup",
                    "text": "the name of the group\n",
                    "type": "String",
                    "src": {
                      "name": "1,711,24",
                      "text": "1,711,31,22",
                      "type": "1,711,16"
                    }
                  }
                ],
                "src": {
                  "name": "1,713,0",
                  "text": "1,708,8,149"
                }
              },
              {
                "$type": "method",
                "name": "removeFromGroup",
                "text": "Removes this instance from the supplied interaction group\n",
                "items": [
                  {
                    "$type": "param",
                    "name": "sGroup",
                    "text": "The group to drop\n",
                    "type": "String",
                    "src": {
                      "name": "1,720,24",
                      "text": "1,720,31,18",
                      "type": "1,720,16"
                    }
                  }
                ],
                "src": {
                  "name": "1,722,0",
                  "text": "1,719,8,58"
                }
              },
              {
                "$type": "method",
                "name": "setDragElId",
                "text": "Allows you to specify that an element other than the linked element\nwill be moved with the cursor during a drag\n",
                "items": [
                  {
                    "$type": "param",
                    "name": "id",
                    "text": "the id of the element that will be used to initiate the drag\n",
                    "type": "String",
                    "src": {
                      "name": "1,733,24",
                      "text": "1,733,27,61",
                      "type": "1,733,16"
                    }
                  }
                ],
                "src": {
                  "name": "1,735,0",
                  "text": "1,731,8,112"
                }
              },
              {
                "$type": "method",
                "name": "setHandleElId",
                "text": "Allows you to specify a child of the linked element that should be\nused to initiate the drag operation.  An example of this would be if\nyou have a content div with text and links.  Clicking anywhere in the\ncontent area would normally start the drag operation.  Use this method\nto specify that an element inside of the content div is the element\nthat starts the drag operation.\n",
                "items": [
                  {
                    "$type": "param",
                    "name": "id",
                    "text": "the id of the element that will be used to\ninitiate the drag.\n",
                    "type": "String",
                    "src": {
                      "name": "1,746,24",
                      "text": "1,746,27,43:1,747,8,19",
                      "type": "1,746,16"
                    }
                  }
                ],
                "src": {
                  "name": "1,749,0",
                  "text": "1,740,8,377"
                }
              },
              {
                "$type": "method",
                "name": "setOuterHandleElId",
                "text": "Allows you to set an element outside of the linked element as a drag\nhandle\n",
                "items": [
                  {
                    "$type": "param",
                    "name": "id",
                    "text": "the id of the element that will be used to initiate the drag\n",
                    "type": "String",
                    "src": {
                      "name": "1,760,24",
                      "text": "1,760,27,61",
                      "type": "1,760,16"
                    }
                  }
                ],
                "src": {
                  "name": "1,762,0",
                  "text": "1,758,8,76"
                }
              },
              {
                "$type": "method",
                "name": "unreg",
                "text": "Removes all drag and drop hooks for this element\n",
                "src": {
                  "name": "1,775,0",
                  "text": "1,773,8,49"
                }
              },
              {
                "$type": "method",
                "name": "isLocked",
                "text": "Returns true if this instance is locked, or the drag drop mgr is locked\n(meaning that all drag/drop is disabled on the page.)\n",
                "items": [
                  {
                    "$type": "return",
                    "text": "true if this obj or all drag/drop is locked, else\nfalse\n",
                    "type": "Boolean",
                    "src": {
                      "text": "1,797,26,50:1,798,8,6",
                      "type": "1,797,17"
                    }
                  }
                ],
                "src": {
                  "name": "1,800,0",
                  "text": "1,795,8,126"
                }
              },
              {
                "$type": "method",
                "access": "private",
                "name": "handleMouseDown",
                "text": "Called when this object is clicked\n",
                "items": [
                  {
                    "$type": "param",
                    "name": "e",
                    "type": "Event",
                    "src": {
                      "name": "1,806,23",
                      "type": "1,806,16"
                    }
                  },
                  {
                    "$type": "param",
                    "name": "oDD",
                    "text": "the clicked dd object (this dd obj)\n",
                    "type": "Ext.dd.DragDrop",
                    "src": {
                      "name": "1,807,33",
                      "text": "1,807,37,36",
                      "type": "1,807,16"
                    }
                  }
                ],
                "src": {
                  "access": "1,808,8",
                  "name": "1,810,0",
                  "text": "1,805,8,35"
                }
              },
              {
                "$type": "method",
                "name": "addInvalidHandleType",
                "text": "Allows you to specify a tag name that should not start a drag operation\nwhen clicked.  This is designed to facilitate embedding links within a\ndrag handle that do something other than start the drag.\n",
                "items": [
                  {
                    "$type": "param",
                    "name": "tagName",
                    "text": "the type of element to exclude\n",
                    "type": "String",
                    "src": {
                      "name": "1,845,24",
                      "text": "1,845,32,31",
                      "type": "1,845,16"
                    }
                  }
                ],
                "src": {
                  "name": "1,844,16",
                  "text": "1,841,8,200"
                }
              },
              {
                "$type": "method",
                "name": "addInvalidHandleId",
                "text": "Lets you to specify an element id for a child of a drag handle\nthat should not initiate a drag\n",
                "items": [
                  {
                    "$type": "param",
                    "name": "id",
                    "text": "the element id of the element you wish to ignore\n",
                    "type": "String",
                    "src": {
                      "name": "1,856,24",
                      "text": "1,856,27,49",
                      "type": "1,856,16"
                    }
                  }
                ],
                "src": {
                  "name": "1,855,16",
                  "text": "1,853,8,95"
                }
              },
              {
                "$type": "method",
                "name": "addInvalidHandleClass",
                "text": "Lets you specify a css class of elements that will not initiate a drag\n",
                "items": [
                  {
                    "$type": "param",
                    "name": "cssClass",
                    "text": "the class of the elements you wish to ignore\n",
                    "type": "String",
                    "src": {
                      "name": "1,867,24",
                      "text": "1,867,33,45",
                      "type": "1,867,16"
                    }
                  }
                ],
                "src": {
                  "name": "1,869,0",
                  "text": "1,866,8,71"
                }
              },
              {
                "$type": "method",
                "name": "removeInvalidHandleType",
                "text": "Unsets an excluded tag name set by addInvalidHandleType\n",
                "items": [
                  {
                    "$type": "param",
                    "name": "tagName",
                    "text": "the type of element to unexclude\n",
                    "type": "String",
                    "src": {
                      "name": "1,875,24",
                      "text": "1,875,32,33",
                      "type": "1,875,16"
                    }
                  }
                ],
                "src": {
                  "name": "1,877,0",
                  "text": "1,874,8,56"
                }
              },
              {
                "$type": "method",
                "name": "removeInvalidHandleId",
                "text": "Unsets an invalid handle id\n",
                "items": [
                  {
                    "$type": "param",
                    "name": "id",
                    "text": "the id of the element to re-enable\n",
                    "type": "String",
                    "src": {
                      "name": "1,885,24",
                      "text": "1,885,27,35",
                      "type": "1,885,16"
                    }
                  }
                ],
                "src": {
                  "name": "1,887,0",
                  "text": "1,884,8,28"
                }
              },
              {
                "$type": "method",
                "name": "removeInvalidHandleClass",
                "text": "Unsets an invalid css class\n",
                "items": [
                  {
                    "$type": "param",
                    "name": "cssClass",
                    "text": "the class of the element(s) you wish to\nre-enable\n",
                    "type": "String",
                    "src": {
                      "name": "1,896,24",
                      "text": "1,896,33,40:1,897,8,10",
                      "type": "1,896,16"
                    }
                  }
                ],
                "src": {
                  "name": "1,899,0",
                  "text": "1,895,8,28"
                }
              },
              {
                "$type": "method",
                "name": "isValidHandleChild",
                "text": "Checks the tag exclusion list to see if this click should be ignored\n",
                "items": [
                  {
                    "$type": "param",
                    "name": "node",
                    "text": "the HTMLElement to evaluate\n",
                    "type": "HTMLElement",
                    "src": {
                      "name": "1,913,29",
                      "text": "1,913,34,28",
                      "type": "1,913,16"
                    }
                  },
                  {
                    "$type": "return",
                    "text": "true if this is a valid tag type, false if not\n",
                    "type": "Boolean",
                    "src": {
                      "text": "1,914,26,47",
                      "type": "1,914,17"
                    }
                  }
                ],
                "src": {
                  "name": "1,916,0",
                  "text": "1,912,8,69"
                }
              },
              {
                "$type": "method",
                "access": "private",
                "name": "setXTicks",
                "text": "Creates the array of horizontal tick marks if an interval was specified\nin setXConstraint().\n",
                "items": [
                  {
                    "$type": "param",
                    "name": "iStartX",
                    "src": {
                      "name": "1,944,0"
                    }
                  },
                  {
                    "$type": "param",
                    "name": "iTickSize",
                    "src": {
                      "name": "1,944,0"
                    }
                  }
                ],
                "src": {
                  "access": "1,942,8",
                  "name": "1,944,0",
                  "text": "1,940,8,93"
                }
              },
              {
                "$type": "method",
                "access": "private",
                "name": "setYTicks",
                "text": "Creates the array of vertical tick marks if an interval was specified in\nsetYConstraint().\n",
                "items": [
                  {
                    "$type": "param",
                    "name": "iStartY",
                    "src": {
                      "name": "1,973,0"
                    }
                  },
                  {
                    "$type": "param",
                    "name": "iTickSize",
                    "src": {
                      "name": "1,973,0"
                    }
                  }
                ],
                "src": {
                  "access": "1,971,8",
                  "name": "1,973,0",
                  "text": "1,969,8,91"
                }
              },
              {
                "$type": "method",
                "name": "setXConstraint",
                "text": "By default, the element can be dragged any place on the screen.  Use\nthis method to limit the horizontal travel of the element.  Pass in\n0,0 for the parameters if you want to lock the drag to the y axis.\n",
                "items": [
                  {
                    "$type": "param",
                    "name": "iLeft",
                    "text": "the number of pixels the element can move to the left\n",
                    "type": "Number",
                    "src": {
                      "name": "1,1001,24",
                      "text": "1,1001,30,54",
                      "type": "1,1001,16"
                    }
                  },
                  {
                    "$type": "param",
                    "name": "iRight",
                    "text": "the number of pixels the element can move to the\nright\n",
                    "type": "Number",
                    "src": {
                      "name": "1,1002,24",
                      "text": "1,1002,31,49:1,1003,8,6",
                      "type": "1,1002,16"
                    }
                  },
                  {
                    "$type": "param",
                    "name": "iTickSize",
                    "text": "(optional) parameter for specifying that the\nelement should move iTickSize pixels at a time.\n",
                    "type": "Number",
                    "src": {
                      "name": "1,1004,24",
                      "text": "1,1004,34,45:1,1005,8,48",
                      "type": "1,1004,16"
                    }
                  }
                ],
                "src": {
                  "name": "1,1007,0",
                  "text": "1,998,8,204"
                }
              },
              {
                "$type": "method",
                "name": "clearConstraints",
                "text": "Clears any constraints applied to this instance.  Also clears ticks\nsince they can\u0027t exist independent of a constraint at this time.\n",
                "src": {
                  "name": "1,1022,0",
                  "text": "1,1019,8,133"
                }
              },
              {
                "$type": "method",
                "name": "clearTicks",
                "text": "Clears any tick interval defined for this instance\n",
                "src": {
                  "name": "1,1031,0",
                  "text": "1,1029,8,51"
                }
              },
              {
                "$type": "method",
                "name": "setYConstraint",
                "text": "By default, the element can be dragged any place on the screen.  Set\nthis to limit the vertical travel of the element.  Pass in 0,0 for the\nparameters if you want to lock the drag to the x axis.\n",
                "items": [
                  {
                    "$type": "param",
                    "name": "iUp",
                    "text": "the number of pixels the element can move up\n",
                    "type": "Number",
                    "src": {
                      "name": "1,1042,24",
                      "text": "1,1042,28,45",
                      "type": "1,1042,16"
                    }
                  },
                  {
                    "$type": "param",
                    "name": "iDown",
                    "text": "the number of pixels the element can move down\n",
                    "type": "Number",
                    "src": {
                      "name": "1,1043,24",
                      "text": "1,1043,30,47",
                      "type": "1,1043,16"
                    }
                  },
                  {
                    "$type": "param",
                    "name": "iTickSize",
                    "text": "(optional) parameter for specifying that the\nelement should move iTickSize pixels at a time.\n",
                    "type": "Number",
                    "src": {
                      "name": "1,1044,24",
                      "text": "1,1044,34,45:1,1045,8,48",
                      "type": "1,1044,16"
                    }
                  }
                ],
                "src": {
                  "name": "1,1047,0",
                  "text": "1,1039,8,195"
                }
              },
              {
                "$type": "method",
                "name": "resetConstraints",
                "text": "Must be called if you manually reposition a dd element.\n",
                "items": [
                  {
                    "$type": "param",
                    "name": "maintainOffset",
                    "type": "Boolean",
                    "src": {
                      "name": "1,1061,25",
                      "type": "1,1061,16"
                    }
                  }
                ],
                "src": {
                  "name": "1,1063,0",
                  "text": "1,1060,8,56"
                }
              },
              {
                "$type": "method",
                "access": "private",
                "name": "getTick",
                "text": "Normally the drag element is moved pixel by pixel, but we can specify\nthat it move a number of pixels at a time.  This method resolves the\nlocation when we have it set up like this.\n",
                "items": [
                  {
                    "$type": "param",
                    "name": "val",
                    "text": "where we want to place the object\n",
                    "type": "Number",
                    "src": {
                      "name": "1,1094,24",
                      "text": "1,1094,28,34",
                      "type": "1,1094,16"
                    }
                  },
                  {
                    "$type": "param",
                    "name": "tickArray",
                    "text": "sorted array of valid points\n",
                    "type": "Number[]",
                    "src": {
                      "name": "1,1095,26",
                      "text": "1,1095,36,29",
                      "type": "1,1095,16"
                    }
                  },
                  {
                    "$type": "return",
                    "text": "the closest tick\n",
                    "type": "Number",
                    "src": {
                      "text": "1,1096,25,17",
                      "type": "1,1096,17"
                    }
                  }
                ],
                "src": {
                  "access": "1,1097,8",
                  "name": "1,1099,0",
                  "text": "1,1091,8,182"
                }
              },
              {
                "$type": "method",
                "name": "toString",
                "text": "toString method\n",
                "items": [
                  {
                    "$type": "return",
                    "text": "string representation of the dd obj\n",
                    "type": "String",
                    "src": {
                      "text": "1,1127,25,36",
                      "type": "1,1127,17"
                    }
                  }
                ],
                "src": {
                  "name": "1,1129,0",
                  "text": "1,1126,8,16"
                }
              }
            ]
          },
          {
            "$type": "properties",
            "items": [
              {
                "$type": "property",
                "name": "scroll",
                "text": "When set to true, the utility automatically tries to scroll the browser\nwindow when a drag and drop element is dragged near the viewport boundary.\n",
                "type": "Boolean",
                "src": {
                  "name": "0,32,28",
                  "text": "0,33,8,147",
                  "type": "0,32,19"
                }
              },
              {
                "$type": "property",
                "name": "ignoreSelf",
                "text": "Set to false to enable a DragDrop object to fire drag events while dragging\nover its own Element. Defaults to true - DragDrop objects do not by default\nfire drag events to themselves.\n",
                "type": "Boolean",
                "src": {
                  "name": "1,70,28",
                  "text": "1,71,8,184",
                  "type": "1,70,19"
                }
              },
              {
                "$type": "property",
                "name": "id",
                "text": "The id of the element associated with this object.  This is what we\nrefer to as the \"linked element\" because the size and position of\nthis element is used to determine when the drag and drop objects have\ninteracted.\n",
                "type": "String",
                "src": {
                  "name": "1,77,27",
                  "text": "1,78,8,216",
                  "type": "1,77,19"
                }
              },
              {
                "$type": "property",
                "name": "config",
                "text": "Configuration attributes passed into the constructor\n",
                "type": "Object",
                "src": {
                  "name": "1,86,27",
                  "text": "1,87,8,53",
                  "type": "1,86,19"
                }
              },
              {
                "$type": "property",
                "access": "private",
                "name": "dragElId",
                "text": "The id of the element that will be dragged.  By default this is same\nas the linked element, but could be changed to another element. Ex:\nExt.dd.DDProxy\n",
                "type": "String",
                "src": {
                  "access": "1,96,8",
                  "name": "1,92,27",
                  "text": "1,93,8,152",
                  "type": "1,92,19"
                }
              },
              {
                "$type": "property",
                "access": "private",
                "name": "handleElId",
                "text": "The ID of the element that initiates the drag operation.  By default\nthis is the linked element, but could be changed to be a child of this\nelement.  This lets us do things like only starting the drag when the\nheader element within the linked html element is clicked.\n",
                "type": "String",
                "src": {
                  "access": "1,106,8",
                  "name": "1,101,27",
                  "text": "1,102,8,268",
                  "type": "1,101,19"
                }
              },
              {
                "$type": "property",
                "name": "invalidHandleTypes",
                "text": "An object who\u0027s property names identify HTML tags to be considered invalid as drag handles.\nA non-null property value identifies the tag as invalid. Defaults to the\nfollowing value which prevents drag operations from being initiated by `\u003ca\u003e` elements:\n\n    {\n        A: \"A\"\n    }\n",
                "type": "Object",
                "src": {
                  "name": "1,111,27",
                  "text": "1,112,8,280",
                  "type": "1,111,19"
                }
              },
              {
                "$type": "property",
                "name": "invalidHandleIds",
                "text": "An object who\u0027s property names identify the IDs of elements to be considered invalid as drag handles.\nA non-null property value identifies the ID as invalid. For example, to prevent\ndragging from being initiated on element ID \"foo\", use:\n\n    {\n        foo: true\n    }\n",
                "type": "Object",
                "src": {
                  "name": "1,123,27",
                  "text": "1,124,8,269",
                  "type": "1,123,19"
                }
              },
              {
                "$type": "property",
                "name": "invalidHandleClasses",
                "text": "An Array of CSS class names for elements to be considered in valid as drag handles.\n",
                "type": "String[]",
                "src": {
                  "name": "1,135,29",
                  "text": "1,136,8,84",
                  "type": "1,135,19"
                }
              },
              {
                "$type": "property",
                "access": "private",
                "name": "startPageX",
                "text": "The linked element\u0027s absolute X position at the time the drag was\nstarted\n",
                "type": "Number",
                "src": {
                  "access": "1,144,8",
                  "name": "1,141,27",
                  "text": "1,142,8,74",
                  "type": "1,141,19"
                }
              },
              {
                "$type": "property",
                "access": "private",
                "name": "startPageY",
                "text": "The linked element\u0027s absolute X position at the time the drag was\nstarted\n",
                "type": "Number",
                "src": {
                  "access": "1,152,8",
                  "name": "1,149,27",
                  "text": "1,150,8,74",
                  "type": "1,149,19"
                }
              },
              {
                "$type": "property",
                "name": "groups",
                "text": "The group defines a logical collection of DragDrop objects that are\nrelated.  Instances only get events when interacting with other\nDragDrop object in the same group.  This lets us define multiple\ngroups using a single DragDrop subclass if we want.\n\nAn object in the format {\u0027group1\u0027:true, \u0027group2\u0027:true}\n",
                "type": "Object",
                "src": {
                  "name": "1,157,27",
                  "text": "1,158,8,305",
                  "type": "1,157,19"
                }
              },
              {
                "$type": "property",
                "access": "private",
                "name": "locked",
                "text": "Individual drag/drop instances can be locked.  This will prevent\nonmousedown start drag.\n",
                "type": "Boolean",
                "src": {
                  "access": "1,171,8",
                  "name": "1,168,28",
                  "text": "1,169,8,89",
                  "type": "1,168,19"
                }
              },
              {
                "$type": "property",
                "name": "moveOnly",
                "text": "When set to true, other DD objects in cooperating DDGroups do not receive\nnotification events when this DD object is dragged over them.\n",
                "type": "Boolean",
                "src": {
                  "name": "1,183,28",
                  "text": "1,184,8,136",
                  "type": "1,183,19"
                }
              },
              {
                "$type": "property",
                "name": "isTarget",
                "text": "By default, all instances can be a drop target.  This can be disabled by\nsetting isTarget to false.\n",
                "type": "Boolean",
                "src": {
                  "name": "1,197,28",
                  "text": "1,198,8,100",
                  "type": "1,197,19"
                }
              },
              {
                "$type": "property",
                "name": "padding",
                "text": "The padding configured for this drag and drop object for calculating\nthe drop zone intersection with this object.\nAn array containing the 4 padding values: [top, right, bottom, left]\n",
                "type": "Number[]",
                "src": {
                  "name": "1,204,29",
                  "text": "1,205,8,183",
                  "type": "1,204,19"
                }
              },
              {
                "$type": "property",
                "access": "private",
                "name": "_domRef",
                "text": "Cached reference to the linked element\n",
                "src": {
                  "access": "1,214,8",
                  "name": "1,212,18",
                  "text": "1,213,8,39"
                }
              },
              {
                "$type": "property",
                "access": "private",
                "name": "__ygDragDrop",
                "text": "Internal typeof flag\n",
                "src": {
                  "access": "1,221,8",
                  "name": "1,219,18",
                  "text": "1,220,8,21"
                }
              },
              {
                "$type": "property",
                "access": "private",
                "name": "constrainX",
                "text": "Set to true when horizontal contraints are applied\n",
                "type": "Boolean",
                "src": {
                  "access": "1,228,8",
                  "name": "1,226,28",
                  "text": "1,227,8,51",
                  "type": "1,226,19"
                }
              },
              {
                "$type": "property",
                "access": "private",
                "name": "constrainY",
                "text": "Set to true when vertical contraints are applied\n",
                "type": "Boolean",
                "src": {
                  "access": "1,235,8",
                  "name": "1,233,28",
                  "text": "1,234,8,49",
                  "type": "1,233,19"
                }
              },
              {
                "$type": "property",
                "access": "private",
                "name": "minX",
                "text": "The left constraint\n",
                "type": "Number",
                "src": {
                  "access": "1,242,8",
                  "name": "1,240,27",
                  "text": "1,241,8,20",
                  "type": "1,240,19"
                }
              },
              {
                "$type": "property",
                "access": "private",
                "name": "maxX",
                "text": "The right constraint\n",
                "type": "Number",
                "src": {
                  "access": "1,249,8",
                  "name": "1,247,27",
                  "text": "1,248,8,21",
                  "type": "1,247,19"
                }
              },
              {
                "$type": "property",
                "access": "private",
                "name": "minY",
                "text": "The up constraint\n",
                "type": "Number",
                "src": {
                  "access": "1,256,8",
                  "name": "1,254,27",
                  "text": "1,255,8,18",
                  "type": "1,254,19"
                }
              },
              {
                "$type": "property",
                "access": "private",
                "name": "maxY",
                "text": "The down constraint\n",
                "type": "Number",
                "src": {
                  "access": "1,263,8",
                  "name": "1,261,27",
                  "text": "1,262,8,20",
                  "type": "1,261,19"
                }
              },
              {
                "$type": "property",
                "name": "maintainOffset",
                "text": "Maintain offsets when we resetconstraints.  Set to true when you want\nthe position of the element relative to its parent to stay the same\nwhen the page changes\n",
                "type": "Boolean",
                "src": {
                  "name": "1,268,28",
                  "text": "1,269,8,160",
                  "type": "1,268,19"
                }
              },
              {
                "$type": "property",
                "name": "xTicks",
                "text": "Array of pixel locations the element will snap to if we specified a\nhorizontal graduation/interval.  This array is generated automatically\nwhen you define a tick interval.\n",
                "type": "Number[]",
                "src": {
                  "name": "1,276,29",
                  "text": "1,277,8,172",
                  "type": "1,276,19"
                }
              },
              {
                "$type": "property",
                "name": "yTicks",
                "text": "Array of pixel locations the element will snap to if we specified a\nvertical graduation/interval.  This array is generated automatically\nwhen you define a tick interval.\n",
                "type": "Number[]",
                "src": {
                  "name": "1,284,29",
                  "text": "1,285,8,170",
                  "type": "1,284,19"
                }
              },
              {
                "$type": "property",
                "name": "primaryButtonOnly",
                "text": "By default the drag and drop instance will only respond to the primary\nbutton click (left button for a right-handed mouse).  Set to true to\nallow drag and drop to start with any mouse click that is propogated\nby the browser\n",
                "type": "Boolean",
                "src": {
                  "name": "1,292,28",
                  "text": "1,293,8,224",
                  "type": "1,292,19"
                }
              },
              {
                "$type": "property",
                "name": "available",
                "text": "The available property is false until the linked dom element is accessible.\n",
                "type": "Boolean",
                "src": {
                  "name": "1,301,28",
                  "text": "1,302,8,76",
                  "type": "1,301,19"
                }
              },
              {
                "$type": "property",
                "name": "hasOuterHandles",
                "text": "By default, drags can only be initiated if the mousedown occurs in the\nregion the linked element is.  This is done in part to work around a\nbug in some browsers that mis-report the mousedown if the previous\nmouseup happened outside of the window.  This property is set to true\nif outer handles are defined. Defaults to false.\n",
                "type": "Boolean",
                "src": {
                  "name": "1,307,28",
                  "text": "1,308,8,326",
                  "type": "1,307,19"
                }
              },
              {
                "$type": "property",
                "name": "defaultPadding",
                "text": "Provides default constraint padding to \"constrainTo\" elements.\n",
                "type": "Object",
                "src": {
                  "name": "1,448,27",
                  "text": "1,449,8,63",
                  "type": "1,448,19"
                }
              }
            ]
          }
        ],
        "src": {
          "extends": "0,15,0",
          "name": "0,14,0",
          "requires": "0,16,0",
          "text": "0,11,4,91"
        }
      }
    ]
  },
  "version": 1
}