{
  "$type": "doxi",
  "files": [
    "../../../ext/packages/core/src/env/Feature.js"
  ],
  "global": {
    "$type": "namespace",
    "items": [
      {
        "$type": "class",
        "name": "Ext.feature",
        "singleton": true,
        "text": "\nA simple class to verify if a browser feature exists or not on the current device.\n\n    if (Ext.feature.has.Canvas) {\n        // do some cool things with canvas here\n    }\n\nSee the {@link #has} property/method for details of the features that can be detected.\n",
        "items": [
          {
            "$type": "methods",
            "items": [
              {
                "$type": "method",
                "name": "has",
                "text": "Verifies if a browser feature exists or not on the current device.\n\nA \"hybrid\" property, can be either accessed as a method call, i.e:\n\n    if (Ext.feature.has(\u0027Canvas\u0027)) {\n        // ...\n    }\n\nor as an object with boolean properties, i.e:\n\n    if (Ext.feature.has.Canvas) {\n        // ...\n    }\n\nFor possible properties/parameter values see `{@link Ext.supports}`.\n",
                "items": [
                  {
                    "$type": "param",
                    "name": "name",
                    "text": "The feature name to check.\n",
                    "type": "String",
                    "src": {
                      "name": "0,41,24",
                      "text": "0,41,29,27",
                      "type": "0,41,16"
                    }
                  },
                  {
                    "$type": "return",
                    "type": "Boolean",
                    "src": {
                      "type": "0,42,17"
                    }
                  }
                ],
                "src": {
                  "name": "0,23,16",
                  "text": "0,25,8,360"
                }
              },
              {
                "$type": "method",
                "access": "private",
                "name": "detect",
                "text": "Runs feature detection routines and sets the various flags. This is called when\nthe scripts loads (very early) and again at {@link Ext#onReady}. Some detections\ncan be run immediately. Others that require the document body will not run until\ndomready (these have the `ready` flag set).\n\nEach test is run only once, so calling this method from an onReady function is safe\nand ensures that all flags have been set.\n",
                "items": [
                  {
                    "$type": "param",
                    "name": "isReady",
                    "src": {
                      "name": "0,149,0"
                    }
                  }
                ],
                "src": {
                  "access": "0,147,8",
                  "name": "0,149,0",
                  "text": "0,140,8,413"
                }
              }
            ]
          }
        ],
        "src": {
          "name": "0,2,11",
          "singleton": "0,3,4",
          "text": "0,4,4,262"
        }
      }
    ]
  },
  "version": 1
}