{
  "$type": "doxi",
  "files": [
    "../../../ext/packages/core/src/data/schema/OneToOne.js",
    "../../../ext/packages/core/src/data/schema/Association.js"
  ],
  "global": {
    "$type": "namespace",
    "items": [
      {
        "$type": "class",
        "extends": "Ext.data.schema.Association",
        "name": "Ext.data.schema.OneToOne",
        "text": "This type of association is similar to {@link Ext.data.schema.ManyToOne many-to-one},\nexcept that the {@link Ext.data.field.Field#cfg-reference reference} field also has set\n{@link Ext.data.field.Field#cfg-unique unique} to `true`.\n\nWhile this type of association helps handle both sides of the association properly, it\nis problematic to enforce the uniqueness aspect. If the database were to enforce this\nuniqueness constraint, it would limit the field to be non-nullable. Even if this were\nacceptable, this also creates challenges for a \"soft-delete\" strategy where records are\nkept in the table, but only marked as \"deleted\" in a field.\n\nEnsuring uniqueness on the client-side is also difficult. So, at the present time, this\nis not enforced.\n",
        "items": [
          {
            "$type": "configs",
            "items": [
              {
                "$type": "property",
                "name": "name",
                "text": "The name of this association.\n",
                "type": "String",
                "src": {
                  "name": "1,74,22",
                  "text": "1,75,8,30",
                  "type": "1,74,14"
                }
              }
            ]
          },
          {
            "$type": "properties",
            "items": [
              {
                "$type": "property",
                "name": "owner",
                "readonly": true,
                "text": "Points at either `{@link #left left}` or `{@link #right right}` objects if one is the owning party in this\nassociation or is `null` if there is no owner.\n",
                "type": "Object",
                "src": {
                  "name": "1,79,27",
                  "readonly": "1,82,8",
                  "text": "1,80,8,125",
                  "type": "1,79,19"
                }
              },
              {
                "$type": "property",
                "name": "definedBy",
                "readonly": true,
                "type": "Ext.Class",
                "src": {
                  "name": "1,87,30",
                  "readonly": "1,88,8",
                  "type": "1,87,19"
                }
              },
              {
                "$type": "property",
                "name": "field",
                "readonly": true,
                "type": "Ext.data.field.Field",
                "src": {
                  "name": "1,92,41",
                  "readonly": "1,93,8",
                  "type": "1,92,19"
                }
              },
              {
                "$type": "property",
                "name": "schema",
                "readonly": true,
                "type": "Ext.data.schema.Schema",
                "src": {
                  "name": "1,98,43",
                  "readonly": "1,99,8",
                  "type": "1,98,19"
                }
              },
              {
                "$type": "property",
                "name": "nullable",
                "readonly": true,
                "type": "Boolean",
                "src": {
                  "name": "1,103,28",
                  "readonly": "1,104,8",
                  "type": "1,103,19"
                }
              },
              {
                "$type": "property",
                "name": "left",
                "readonly": true,
                "type": "Ext.data.schema.Role",
                "src": {
                  "name": "1,108,41",
                  "readonly": "1,109,8",
                  "type": "1,108,19"
                }
              },
              {
                "$type": "property",
                "name": "right",
                "readonly": true,
                "type": "Ext.data.schema.Role",
                "src": {
                  "name": "1,113,41",
                  "readonly": "1,114,8",
                  "type": "1,113,19"
                }
              }
            ]
          }
        ],
        "src": {
          "extends": "0,16,0",
          "name": "0,15,0",
          "text": "0,2,4,746"
        }
      }
    ]
  },
  "version": 1
}