{
  "$type": "doxi",
  "files": [
    "../../../ext/packages/core/src/lang/Date.js"
  ],
  "global": {
    "$type": "namespace",
    "items": [
      {
        "$type": "class",
        "name": "Ext.Date",
        "singleton": true,
        "text": "This class defines some basic methods for handling dates.\n\nThe date parsing and formatting syntax contains a subset of\n[PHP\u0027s `date()` function](http://www.php.net/date), and the formats that are\nsupported will provide results equivalent to their PHP versions.\n\nThe following is a list of all currently supported formats:\n\n     Format      Description                                                               Example returned values\n     ------      -----------------------------------------------------------------------   -----------------------\n       d         Day of the month, 2 digits with leading zeros                             01 to 31\n       D         A short textual representation of the day of the week                     Mon to Sun\n       j         Day of the month without leading zeros                                    1 to 31\n       l         A full textual representation of the day of the week                      Sunday to Saturday\n       N         ISO-8601 numeric representation of the day of the week                    1 (for Monday) through 7 (for Sunday)\n       S         English ordinal suffix for the day of the month, 2 characters             st, nd, rd or th. Works well with j\n       w         Numeric representation of the day of the week                             0 (for Sunday) to 6 (for Saturday)\n       z         The day of the year (starting from 0)                                     0 to 364 (365 in leap years)\n       W         ISO-8601 week number of year, weeks starting on Monday                    01 to 53\n       F         A full textual representation of a month, such as January or March        January to December\n       m         Numeric representation of a month, with leading zeros                     01 to 12\n       M         A short textual representation of a month                                 Jan to Dec\n       n         Numeric representation of a month, without leading zeros                  1 to 12\n       t         Number of days in the given month                                         28 to 31\n       L         Whether it\u0026#39;s a leap year                                                  1 if it is a leap year, 0 otherwise.\n       o         ISO-8601 year number (identical to (Y), but if the ISO week number (W)    Examples: 1998 or 2004\n                 belongs to the previous or next year, that year is used instead)\n       Y         A full numeric representation of a year, 4 digits                         Examples: 1999 or 2003\n       y         A two digit representation of a year                                      Examples: 99 or 03\n       a         Lowercase Ante meridiem and Post meridiem                                 am or pm\n       A         Uppercase Ante meridiem and Post meridiem                                 AM or PM\n       g         12-hour format of an hour without leading zeros                           1 to 12\n       G         24-hour format of an hour without leading zeros                           0 to 23\n       h         12-hour format of an hour with leading zeros                              01 to 12\n       H         24-hour format of an hour with leading zeros                              00 to 23\n       i         Minutes, with leading zeros                                               00 to 59\n       s         Seconds, with leading zeros                                               00 to 59\n       u         Decimal fraction of a second                                              Examples:\n                 (minimum 1 digit, arbitrary number of digits allowed)                     001 (i.e. 0.001s) or\n                                                                                           100 (i.e. 0.100s) or\n                                                                                           999 (i.e. 0.999s) or\n                                                                                           999876543210 (i.e. 0.999876543210s)\n       O         Difference to Greenwich time (GMT) in hours and minutes                   Example: +1030\n       P         Difference to Greenwich time (GMT) with colon between hours and minutes   Example: -08:00\n       T         Timezone abbreviation of the machine running the code                     Examples: EST, MDT, PDT ...\n       Z         Timezone offset in seconds (negative if west of UTC, positive if east)    -43200 to 50400\n       c         ISO 8601 date represented as the local time with an offset to UTC appended.\n                 Notes:                                                                    Examples:\n                 1) If unspecified, the month / day defaults to the current month / day,   1991 or\n                    the time defaults to midnight, while the timezone defaults to the      1992-10 or\n                    browser\u0027s timezone. If a time is specified, it must include both hours 1993-09-20 or\n                    and minutes. The \"T\" delimiter, seconds, milliseconds and timezone     1994-08-19T16:20+01:00 or\n                    are optional.                                                          1995-07-18T17:21:28-02:00 or\n                 2) The decimal fraction of a second, if specified, must contain at        1996-06-17T18:22:29.98765+03:00 or\n                    least 1 digit (there is no limit to the maximum number                 1997-05-16T19:23:30,12345-0400 or\n                    of digits allowed), and may be delimited by either a \u0027.\u0027 or a \u0027,\u0027      1998-04-15T20:24:31.2468Z or\n                 Refer to the examples on the right for the various levels of              1999-03-14T20:24:32Z or\n                 date-time granularity which are supported, or see                         2000-02-13T21:25:33\n                 http://www.w3.org/TR/NOTE-datetime for more info.                         2001-01-12 22:26:34\n       C         An ISO date string as implemented by the native Date object\u0027s             1962-06-17T09:21:34.125Z\n                 [Date.toISOString](https://developer.mozilla.org/en-US/docs/Web/JavaScript/Reference/Global_Objects/Date/toISOString)\n                 method. This outputs the numeric part with *UTC* hour and minute\n                 values, and indicates this by appending the `\u0027Z\u0027` timezone\n                 identifier.\n       U         Seconds since the Unix Epoch (January 1 1970 00:00:00 GMT)                1193432466 or -2138434463\n       MS        Microsoft AJAX serialized dates                                           \\/Date(1238606590509)\\/ (i.e. UTC milliseconds since epoch) or\n                                                                                           \\/Date(1238606590509+0800)\\/\n       time      A javascript millisecond timestamp                                        1350024476440\n       timestamp A UNIX timestamp (same as U)                                              1350024866\n\nExample usage (note that you must escape format specifiers with \u0027\\\\\u0027 to render them as character literals):\n\n    // Sample date:\n    // \u0027Wed Jan 10 2007 15:05:01 GMT-0600 (Central Standard Time)\u0027\n\n    var dt \u003d new Date(\u00271/10/2007 03:05:01 PM GMT-0600\u0027);\n    console.log(Ext.Date.format(dt, \u0027Y-m-d\u0027));                          // 2007-01-10\n    console.log(Ext.Date.format(dt, \u0027F j, Y, g:i a\u0027));                  // January 10, 2007, 3:05 pm\n    console.log(Ext.Date.format(dt, \u0027l, \\\\t\\\\he jS \\\\of F Y h:i:s A\u0027)); // Wednesday, the 10th of January 2007 03:05:01 PM\n\nHere are some standard date/time patterns that you might find helpful.  They\nare not part of the source of Ext.Date, but to use them you can simply copy this\nblock of code into any script that is included after Ext.Date and they will also become\nglobally available on the Date object.  Feel free to add or remove patterns as needed in your code.\n\n    Ext.Date.patterns \u003d {\n        ISO8601Long:\"Y-m-d H:i:s\",\n        ISO8601Short:\"Y-m-d\",\n        ShortDate: \"n/j/Y\",\n        LongDate: \"l, F d, Y\",\n        FullDateTime: \"l, F d, Y g:i:s A\",\n        MonthDay: \"F d\",\n        ShortTime: \"g:i A\",\n        LongTime: \"g:i:s A\",\n        SortableDateTime: \"Y-m-d\\\\TH:i:s\",\n        UniversalSortableDateTime: \"Y-m-d H:i:sO\",\n        YearMonth: \"F, Y\"\n    };\n\nExample usage:\n\n    var dt \u003d new Date();\n    console.log(Ext.Date.format(dt, Ext.Date.patterns.ShortDate));\n\nDeveloper-written, custom formats may be used by supplying both a formatting and a parsing function\nwhich perform to specialized requirements. The functions are stored in {@link #parseFunctions} and {@link #formatFunctions}.\n",
        "items": [
          {
            "$type": "methods",
            "items": [
              {
                "$type": "method",
                "access": "private",
                "name": "toString",
                "items": [
                  {
                    "$type": "param",
                    "name": "date",
                    "src": {
                      "name": "0,308,0"
                    }
                  }
                ],
                "src": {
                  "access": "0,306,8",
                  "name": "0,308,0"
                }
              },
              {
                "$type": "method",
                "name": "getElapsed",
                "text": "Returns the number of milliseconds between two dates.\n",
                "items": [
                  {
                    "$type": "param",
                    "name": "dateA",
                    "text": "The first date.\n",
                    "type": "Date",
                    "src": {
                      "name": "0,323,22",
                      "text": "0,323,28,16",
                      "type": "0,323,16"
                    }
                  },
                  {
                    "$type": "param",
                    "name": "dateB",
                    "optional": true,
                    "text": "(optional) The second date.\n",
                    "type": "Date",
                    "value": "new Date()",
                    "src": {
                      "name": "0,324,23",
                      "text": "0,324,41,28",
                      "type": "0,324,16",
                      "value": "0,324,29"
                    }
                  },
                  {
                    "$type": "return",
                    "text": "The difference in milliseconds\n",
                    "type": "Number",
                    "src": {
                      "text": "0,325,25,31",
                      "type": "0,325,17"
                    }
                  }
                ],
                "src": {
                  "name": "0,327,0",
                  "text": "0,322,8,54"
                }
              },
              {
                "$type": "method",
                "access": "private",
                "name": "formatCodeToRegex",
                "items": [
                  {
                    "$type": "param",
                    "name": "character",
                    "src": {
                      "name": "0,343,0"
                    }
                  },
                  {
                    "$type": "param",
                    "name": "currentGroup",
                    "src": {
                      "name": "0,343,0"
                    }
                  }
                ],
                "src": {
                  "access": "0,341,8",
                  "name": "0,343,0"
                }
              },
              {
                "$type": "method",
                "name": "getShortMonthName",
                "text": "Get the short month name for the given month number.\nOverride this function for international dates.\n",
                "items": [
                  {
                    "$type": "param",
                    "name": "month",
                    "text": "A zero-based JavaScript month number.\n",
                    "type": "Number",
                    "src": {
                      "name": "0,638,24",
                      "text": "0,638,30,38",
                      "type": "0,638,16"
                    }
                  },
                  {
                    "$type": "return",
                    "text": "The short month name.\n",
                    "type": "String",
                    "src": {
                      "text": "0,639,25,22",
                      "type": "0,639,17"
                    }
                  }
                ],
                "src": {
                  "name": "0,641,0",
                  "text": "0,636,8,101"
                }
              },
              {
                "$type": "method",
                "name": "getShortDayName",
                "text": "Get the short day name for the given day number.\nOverride this function for international dates.\n",
                "items": [
                  {
                    "$type": "param",
                    "name": "day",
                    "text": "A zero-based JavaScript day number.\n",
                    "type": "Number",
                    "src": {
                      "name": "0,650,24",
                      "text": "0,650,28,36",
                      "type": "0,650,16"
                    }
                  },
                  {
                    "$type": "return",
                    "text": "The short day name.\n",
                    "type": "String",
                    "src": {
                      "text": "0,651,25,20",
                      "type": "0,651,17"
                    }
                  }
                ],
                "src": {
                  "name": "0,653,0",
                  "text": "0,648,8,97"
                }
              },
              {
                "$type": "method",
                "name": "getMonthNumber",
                "text": "Get the zero-based JavaScript month number for the given short/full month name.\nOverride this function for international dates.\n",
                "items": [
                  {
                    "$type": "param",
                    "name": "name",
                    "text": "The short/full month name.\n",
                    "type": "String",
                    "src": {
                      "name": "0,662,24",
                      "text": "0,662,29,27",
                      "type": "0,662,16"
                    }
                  },
                  {
                    "$type": "return",
                    "text": "The zero-based JavaScript month number.\n",
                    "type": "Number",
                    "src": {
                      "text": "0,663,25,40",
                      "type": "0,663,17"
                    }
                  }
                ],
                "src": {
                  "name": "0,665,0",
                  "text": "0,660,8,128"
                }
              },
              {
                "$type": "method",
                "name": "formatContainsHourInfo",
                "text": "Checks if the specified format contains hour information\n",
                "items": [
                  {
                    "$type": "param",
                    "name": "format",
                    "text": "The format to check\n",
                    "type": "String",
                    "src": {
                      "name": "0,673,24",
                      "text": "0,673,31,20",
                      "type": "0,673,16"
                    }
                  },
                  {
                    "$type": "return",
                    "text": "True if the format contains hour information\n",
                    "type": "Boolean",
                    "src": {
                      "text": "0,674,26,45",
                      "type": "0,674,17"
                    }
                  }
                ],
                "src": {
                  "name": "0,677,0",
                  "text": "0,672,8,57"
                }
              },
              {
                "$type": "method",
                "name": "formatContainsDateInfo",
                "text": "Checks if the specified format contains information about\nanything other than the time.\n",
                "items": [
                  {
                    "$type": "param",
                    "name": "format",
                    "text": "The format to check\n",
                    "type": "String",
                    "src": {
                      "name": "0,684,24",
                      "text": "0,684,31,20",
                      "type": "0,684,16"
                    }
                  },
                  {
                    "$type": "return",
                    "text": "True if the format contains information about\ndate/day information.\n",
                    "type": "Boolean",
                    "src": {
                      "text": "0,685,26,46:0,686,8,22",
                      "type": "0,685,17"
                    }
                  }
                ],
                "src": {
                  "name": "0,689,0",
                  "text": "0,682,8,88"
                }
              },
              {
                "$type": "method",
                "name": "unescapeFormat",
                "text": "Removes all escaping for a date format string. In date formats,\nusing a \u0027\\\u0027 can be used to escape special characters.\n",
                "items": [
                  {
                    "$type": "param",
                    "name": "format",
                    "text": "The format to unescape\n",
                    "type": "String",
                    "src": {
                      "name": "0,696,24",
                      "text": "0,696,31,23",
                      "type": "0,696,16"
                    }
                  },
                  {
                    "$type": "return",
                    "text": "The unescaped format\n",
                    "type": "String",
                    "src": {
                      "text": "0,697,25,21",
                      "type": "0,697,17"
                    }
                  }
                ],
                "src": {
                  "name": "0,700,0",
                  "text": "0,694,8,118"
                }
              },
              {
                "$type": "method",
                "name": "isValid",
                "text": "Checks if the passed Date parameters will cause a JavaScript Date \"rollover\".\n",
                "items": [
                  {
                    "$type": "param",
                    "name": "year",
                    "text": "4-digit year.\n",
                    "type": "Number",
                    "src": {
                      "name": "0,773,24",
                      "text": "0,773,29,14",
                      "type": "0,773,16"
                    }
                  },
                  {
                    "$type": "param",
                    "name": "month",
                    "text": "1-based month-of-year.\n",
                    "type": "Number",
                    "src": {
                      "name": "0,774,24",
                      "text": "0,774,30,23",
                      "type": "0,774,16"
                    }
                  },
                  {
                    "$type": "param",
                    "name": "day",
                    "text": "Day of month.\n",
                    "type": "Number",
                    "src": {
                      "name": "0,775,24",
                      "text": "0,775,28,14",
                      "type": "0,775,16"
                    }
                  },
                  {
                    "$type": "param",
                    "name": "hour",
                    "text": "(optional) Hour.\n",
                    "type": "Number",
                    "src": {
                      "name": "0,776,24",
                      "text": "0,776,29,17",
                      "type": "0,776,16"
                    }
                  },
                  {
                    "$type": "param",
                    "name": "minute",
                    "text": "(optional) Minute.\n",
                    "type": "Number",
                    "src": {
                      "name": "0,777,24",
                      "text": "0,777,31,19",
                      "type": "0,777,16"
                    }
                  },
                  {
                    "$type": "param",
                    "name": "second",
                    "text": "(optional) Second.\n",
                    "type": "Number",
                    "src": {
                      "name": "0,778,24",
                      "text": "0,778,31,19",
                      "type": "0,778,16"
                    }
                  },
                  {
                    "$type": "param",
                    "name": "millisecond",
                    "text": "(optional) Millisecond.\n",
                    "type": "Number",
                    "src": {
                      "name": "0,779,24",
                      "text": "0,779,36,24",
                      "type": "0,779,16"
                    }
                  },
                  {
                    "$type": "return",
                    "text": "`true` if the passed parameters do not cause a Date \"rollover\", `false` otherwise.\n",
                    "type": "Boolean",
                    "src": {
                      "text": "0,780,26,83",
                      "type": "0,780,17"
                    }
                  }
                ],
                "src": {
                  "name": "0,782,0",
                  "text": "0,772,8,78"
                }
              },
              {
                "$type": "method",
                "name": "parse",
                "text": "Parses the passed string using the specified date format.\nNote that this function expects normal calendar dates, meaning that months are 1-based (i.e. 1 \u003d January).\nThe {@link #defaults} hash will be used for any date value (i.e. year, month, day, hour, minute, second or millisecond)\nwhich cannot be found in the passed string. If a corresponding default date value has not been specified in the {@link #defaults} hash,\nthe current date\u0027s year, month, day or DST-adjusted zero-hour time value will be used instead.\nKeep in mind that the input date string must precisely match the specified format string\nin order for the parse operation to be successful (failed parse operations return a\n`null` value).\n\nExample:\n\n    //dt \u003d Fri May 25 2007 (current date)\n    var dt \u003d new Date();\n\n    //dt \u003d Thu May 25 2006 (today\u0026#39;s month/day in 2006)\n    dt \u003d Ext.Date.parse(\"2006\", \"Y\");\n\n    //dt \u003d Sun Jan 15 2006 (all date parts specified)\n    dt \u003d Ext.Date.parse(\"2006-01-15\", \"Y-m-d\");\n\n    //dt \u003d Sun Jan 15 2006 15:20:01\n    dt \u003d Ext.Date.parse(\"2006-01-15 3:20:01 PM\", \"Y-m-d g:i:s A\");\n\n    // attempt to parse Sun Feb 29 2006 03:20:01 in strict mode\n    dt \u003d Ext.Date.parse(\"2006-02-29 03:20:01\", \"Y-m-d H:i:s\", true); // returns null\n",
                "items": [
                  {
                    "$type": "param",
                    "name": "input",
                    "text": "The raw date string.\n",
                    "type": "String",
                    "src": {
                      "name": "0,828,24",
                      "text": "0,828,30,21",
                      "type": "0,828,16"
                    }
                  },
                  {
                    "$type": "param",
                    "name": "format",
                    "text": "The expected date string format.\n",
                    "type": "String",
                    "src": {
                      "name": "0,829,24",
                      "text": "0,829,31,33",
                      "type": "0,829,16"
                    }
                  },
                  {
                    "$type": "param",
                    "name": "strict",
                    "optional": true,
                    "text": "(optional) `true` to validate date strings while parsing (i.e. prevents JavaScript Date \"rollover\").\nInvalid date strings will return `null` when parsed.\n",
                    "type": "Boolean",
                    "value": "false",
                    "src": {
                      "name": "0,830,26",
                      "text": "0,830,40,101:0,831,8,53",
                      "type": "0,830,16",
                      "value": "0,830,33"
                    }
                  },
                  {
                    "$type": "return",
                    "text": "The parsed Date, or `null` if an invalid date string.\n",
                    "type": "Date/null",
                    "src": {
                      "text": "0,832,28,54",
                      "type": "0,832,17"
                    }
                  }
                ],
                "src": {
                  "name": "0,834,0",
                  "text": "0,802,8,1238"
                }
              },
              {
                "$type": "method",
                "access": "private",
                "name": "getFormatCode",
                "items": [
                  {
                    "$type": "param",
                    "name": "character",
                    "src": {
                      "name": "0,851,0"
                    }
                  }
                ],
                "src": {
                  "access": "0,849,8",
                  "name": "0,851,0"
                }
              },
              {
                "$type": "method",
                "access": "private",
                "name": "createFormat",
                "items": [
                  {
                    "$type": "param",
                    "name": "format",
                    "src": {
                      "name": "0,866,0"
                    }
                  }
                ],
                "src": {
                  "access": "0,864,8",
                  "name": "0,866,0"
                }
              },
              {
                "$type": "method",
                "access": "private",
                "name": "createParser",
                "items": [
                  {
                    "$type": "param",
                    "name": "format",
                    "src": {
                      "name": "0,893,0"
                    }
                  }
                ],
                "src": {
                  "access": "0,891,8",
                  "name": "0,893,0"
                }
              },
              {
                "$type": "method",
                "access": "private",
                "name": "dateFormat",
                "items": [
                  {
                    "$type": "param",
                    "name": "date",
                    "src": {
                      "name": "0,1196,0"
                    }
                  },
                  {
                    "$type": "param",
                    "name": "format",
                    "src": {
                      "name": "0,1196,0"
                    }
                  }
                ],
                "src": {
                  "access": "0,1194,8",
                  "name": "0,1196,0"
                }
              },
              {
                "$type": "method",
                "name": "isEqual",
                "text": "Compares if two dates are equal by comparing their values.\n",
                "items": [
                  {
                    "$type": "param",
                    "name": "date1",
                    "type": "Date",
                    "src": {
                      "name": "0,1202,22",
                      "type": "0,1202,16"
                    }
                  },
                  {
                    "$type": "param",
                    "name": "date2",
                    "type": "Date",
                    "src": {
                      "name": "0,1203,22",
                      "type": "0,1203,16"
                    }
                  },
                  {
                    "$type": "return",
                    "text": "`true` if the date values are equal\n",
                    "type": "Boolean",
                    "src": {
                      "text": "0,1204,26,36",
                      "type": "0,1204,17"
                    }
                  }
                ],
                "src": {
                  "name": "0,1206,0",
                  "text": "0,1201,8,59"
                }
              },
              {
                "$type": "method",
                "name": "format",
                "text": "Formats a date given the supplied format string.\n",
                "items": [
                  {
                    "$type": "param",
                    "name": "date",
                    "text": "The date to format\n",
                    "type": "Date",
                    "src": {
                      "name": "0,1217,22",
                      "text": "0,1217,27,19",
                      "type": "0,1217,16"
                    }
                  },
                  {
                    "$type": "param",
                    "name": "format",
                    "text": "The format string\n",
                    "type": "String",
                    "src": {
                      "name": "0,1218,24",
                      "text": "0,1218,31,18",
                      "type": "0,1218,16"
                    }
                  },
                  {
                    "$type": "return",
                    "text": "The formatted date or an empty string if date parameter is not a JavaScript Date object\n",
                    "type": "String",
                    "src": {
                      "text": "0,1219,25,88",
                      "type": "0,1219,17"
                    }
                  }
                ],
                "src": {
                  "name": "0,1221,0",
                  "text": "0,1216,8,49"
                }
              },
              {
                "$type": "method",
                "name": "getTimezone",
                "text": "Get the timezone abbreviation of the current date (equivalent to the format specifier \u0027T\u0027).\n\n__Note:__ The date string returned by the JavaScript Date object\u0027s `toString()` method varies\nbetween browsers (e.g. FF vs IE) and system region settings (e.g. IE in Asia vs IE in America).\nFor a given date string e.g. \"Thu Oct 25 2007 22:55:35 GMT+0800 (Malay Peninsula Standard Time)\",\n`getTimezone()` first tries to get the timezone abbreviation from between a pair of parentheses\n(which may or may not be present), failing which it proceeds to get the timezone abbreviation\nfrom the GMT offset portion of the date string.\n\n    @example\n    var dt \u003d new Date(\u00279/17/2011\u0027);\n    console.log(Ext.Date.getTimezone(dt));\n",
                "items": [
                  {
                    "$type": "param",
                    "name": "date",
                    "text": "The date\n",
                    "type": "Date",
                    "src": {
                      "name": "0,1249,22",
                      "text": "0,1249,27,9",
                      "type": "0,1249,16"
                    }
                  },
                  {
                    "$type": "return",
                    "text": "The abbreviated timezone name (e.g. \u0027CST\u0027, \u0027PDT\u0027, \u0027EDT\u0027, \u0027MPST\u0027 ...).\n",
                    "type": "String",
                    "src": {
                      "text": "0,1250,25,70",
                      "type": "0,1250,17"
                    }
                  }
                ],
                "src": {
                  "name": "0,1252,0",
                  "text": "0,1236,8,713"
                }
              },
              {
                "$type": "method",
                "name": "getGMTOffset",
                "text": "Get the offset from GMT of the current date (equivalent to the format specifier \u0027O\u0027).\n\n    @example\n    var dt \u003d new Date(\u00279/17/2011\u0027);\n    console.log(Ext.Date.getGMTOffset(dt));\n",
                "items": [
                  {
                    "$type": "param",
                    "name": "date",
                    "text": "The date\n",
                    "type": "Date",
                    "src": {
                      "name": "0,1275,22",
                      "text": "0,1275,27,9",
                      "type": "0,1275,16"
                    }
                  },
                  {
                    "$type": "param",
                    "name": "colon",
                    "optional": true,
                    "text": "`true` to separate the hours and minutes with a colon.\n",
                    "type": "Boolean",
                    "value": "false",
                    "src": {
                      "name": "0,1276,26",
                      "text": "0,1276,39,55",
                      "type": "0,1276,16",
                      "value": "0,1276,32"
                    }
                  },
                  {
                    "$type": "return",
                    "text": "The 4-character offset string prefixed with + or - (e.g. \u0027-0600\u0027).\n",
                    "type": "String",
                    "src": {
                      "text": "0,1277,25,67",
                      "type": "0,1277,17"
                    }
                  }
                ],
                "src": {
                  "name": "0,1279,0",
                  "text": "0,1269,8,181"
                }
              },
              {
                "$type": "method",
                "name": "getDayOfYear",
                "text": "Get the numeric day number of the year, adjusted for leap year.\n\n    @example\n    var dt \u003d new Date(\u00279/17/2011\u0027);\n    console.log(Ext.Date.getDayOfYear(dt)); // 259\n",
                "items": [
                  {
                    "$type": "param",
                    "name": "date",
                    "text": "The date\n",
                    "type": "Date",
                    "src": {
                      "name": "0,1294,22",
                      "text": "0,1294,27,9",
                      "type": "0,1294,16"
                    }
                  },
                  {
                    "$type": "return",
                    "text": "0 to 364 (365 in leap years).\n",
                    "type": "Number",
                    "src": {
                      "text": "0,1295,25,30",
                      "type": "0,1295,17"
                    }
                  }
                ],
                "src": {
                  "name": "0,1297,0",
                  "text": "0,1288,8,166"
                }
              },
              {
                "$type": "method",
                "name": "getWeekOfYear",
                "text": "Get the numeric ISO-8601 week number of the year.\n(equivalent to the format specifier \u0027W\u0027, but without a leading zero).\n\n    @example\n    var dt \u003d new Date(\u00279/17/2011\u0027);\n    console.log(Ext.Date.getWeekOfYear(dt)); // 37\n",
                "items": [
                  {
                    "$type": "param",
                    "name": "date",
                    "text": "The date.\n",
                    "type": "Date",
                    "src": {
                      "name": "0,1317,22",
                      "text": "0,1317,27,10",
                      "type": "0,1317,16"
                    }
                  },
                  {
                    "$type": "return",
                    "text": "1 to 53.\n",
                    "type": "Number",
                    "src": {
                      "text": "0,1318,25,9",
                      "type": "0,1318,17"
                    }
                  }
                ],
                "src": {
                  "name": "0,1321,0",
                  "text": "0,1310,8,222"
                }
              },
              {
                "$type": "method",
                "name": "isLeapYear",
                "text": "Checks if the current date falls within a leap year.\n\n    @example\n    var dt \u003d new Date(\u00271/10/2011\u0027);\n    console.log(Ext.Date.isLeapYear(dt)); // false\n",
                "items": [
                  {
                    "$type": "param",
                    "name": "date",
                    "text": "The date\n",
                    "type": "Date",
                    "src": {
                      "name": "0,1342,22",
                      "text": "0,1342,27,9",
                      "type": "0,1342,16"
                    }
                  },
                  {
                    "$type": "return",
                    "text": "`true` if the current date falls within a leap year, `false` otherwise.\n",
                    "type": "Boolean",
                    "src": {
                      "text": "0,1343,26,72",
                      "type": "0,1343,17"
                    }
                  }
                ],
                "src": {
                  "name": "0,1345,0",
                  "text": "0,1336,8,155"
                }
              },
              {
                "$type": "method",
                "name": "getFirstDayOfMonth",
                "text": "Get the first day of the current month, adjusted for leap year.  The returned value\nis the numeric day index within the week (0-6) which can be used in conjunction with\nthe {@link #monthNames} array to retrieve the textual day name.\n\n     @example\n     var dt \u003d new Date(\u00271/10/2007\u0027),\n         firstDay \u003d Ext.Date.getFirstDayOfMonth(dt);\n     console.log(Ext.Date.dayNames[firstDay]); // output: \u0027Monday\u0027\n",
                "items": [
                  {
                    "$type": "param",
                    "name": "date",
                    "text": "The date\n",
                    "type": "Date",
                    "src": {
                      "name": "0,1360,22",
                      "text": "0,1360,27,9",
                      "type": "0,1360,16"
                    }
                  },
                  {
                    "$type": "return",
                    "text": "The day number (0-6).\n",
                    "type": "Number",
                    "src": {
                      "text": "0,1361,25,22",
                      "type": "0,1361,17"
                    }
                  }
                ],
                "src": {
                  "name": "0,1363,0",
                  "text": "0,1351,8,406"
                }
              },
              {
                "$type": "method",
                "name": "getLastDayOfMonth",
                "text": "Get the last day of the current month, adjusted for leap year.  The returned value\nis the numeric day index within the week (0-6) which can be used in conjunction with\nthe {@link #monthNames} array to retrieve the textual day name.\n\n     @example\n     var dt \u003d new Date(\u00271/10/2007\u0027),\n         lastDay \u003d Ext.Date.getLastDayOfMonth(dt);\n\n     console.log(Ext.Date.dayNames[lastDay]); // output: \u0027Wednesday\u0027\n",
                "items": [
                  {
                    "$type": "param",
                    "name": "date",
                    "text": "The date\n",
                    "type": "Date",
                    "src": {
                      "name": "0,1379,22",
                      "text": "0,1379,27,9",
                      "type": "0,1379,16"
                    }
                  },
                  {
                    "$type": "return",
                    "text": "The day number (0-6).\n",
                    "type": "Number",
                    "src": {
                      "text": "0,1380,25,22",
                      "type": "0,1380,17"
                    }
                  }
                ],
                "src": {
                  "name": "0,1382,0",
                  "text": "0,1369,8,406"
                }
              },
              {
                "$type": "method",
                "name": "getFirstDateOfMonth",
                "text": "Get the date of the first day of the month in which this date resides.\n",
                "items": [
                  {
                    "$type": "param",
                    "name": "date",
                    "text": "The date\n",
                    "type": "Date",
                    "src": {
                      "name": "0,1389,22",
                      "text": "0,1389,27,9",
                      "type": "0,1389,16"
                    }
                  },
                  {
                    "$type": "return",
                    "type": "Date",
                    "src": {
                      "type": "0,1390,17"
                    }
                  }
                ],
                "src": {
                  "name": "0,1392,0",
                  "text": "0,1388,8,71"
                }
              },
              {
                "$type": "method",
                "name": "getLastDateOfMonth",
                "text": "Get the date of the last day of the month in which this date resides.\n",
                "items": [
                  {
                    "$type": "param",
                    "name": "date",
                    "text": "The date\n",
                    "type": "Date",
                    "src": {
                      "name": "0,1398,22",
                      "text": "0,1398,27,9",
                      "type": "0,1398,16"
                    }
                  },
                  {
                    "$type": "return",
                    "type": "Date",
                    "src": {
                      "type": "0,1399,17"
                    }
                  }
                ],
                "src": {
                  "name": "0,1401,0",
                  "text": "0,1397,8,70"
                }
              },
              {
                "$type": "method",
                "name": "getDaysInMonth",
                "text": "Get the number of days in the current month, adjusted for leap year.\n",
                "items": [
                  {
                    "$type": "param",
                    "name": "date",
                    "text": "The date\n",
                    "type": "Date",
                    "src": {
                      "name": "0,1407,22",
                      "text": "0,1407,27,9",
                      "type": "0,1407,16"
                    }
                  },
                  {
                    "$type": "return",
                    "text": "The number of days in the month.\n",
                    "type": "Number",
                    "src": {
                      "text": "0,1408,25,33",
                      "type": "0,1408,17"
                    }
                  }
                ],
                "src": {
                  "name": "0,1411,0",
                  "text": "0,1406,8,69"
                }
              },
              {
                "$type": "method",
                "name": "getSuffix",
                "text": "Get the English ordinal suffix of the current day (equivalent to the format specifier \u0027S\u0027).\n",
                "items": [
                  {
                    "$type": "param",
                    "name": "date",
                    "text": "The date\n",
                    "type": "Date",
                    "src": {
                      "name": "0,1424,22",
                      "text": "0,1424,27,9",
                      "type": "0,1424,16"
                    }
                  },
                  {
                    "$type": "return",
                    "text": "\u0027st, \u0027nd\u0027, \u0027rd\u0027 or \u0027th\u0027.\n",
                    "type": "String",
                    "src": {
                      "text": "0,1425,25,25",
                      "type": "0,1425,17"
                    }
                  }
                ],
                "src": {
                  "name": "0,1427,0",
                  "text": "0,1423,8,92"
                }
              },
              {
                "$type": "method",
                "name": "clone",
                "text": "Creates and returns a new Date instance with the exact same date value as the called instance.\nDates are copied and passed by reference, so if a copied date variable is modified later, the original\nvariable will also be changed.  When the intention is to create a new variable that will not\nmodify the original instance, you should create a clone.\n\nExample of correctly cloning a date:\n\n    //wrong way:\n    var orig \u003d new Date(\u002710/1/2006\u0027);\n    var copy \u003d orig;\n    copy.setDate(5);\n    console.log(orig);  // returns \u0027Thu Oct 05 2006\u0027!\n\n    //correct way:\n    var orig \u003d new Date(\u002710/1/2006\u0027),\n        copy \u003d Ext.Date.clone(orig);\n    copy.setDate(5);\n    console.log(orig);  // returns \u0027Thu Oct 01 2006\u0027\n",
                "items": [
                  {
                    "$type": "param",
                    "name": "date",
                    "text": "The date.\n",
                    "type": "Date",
                    "src": {
                      "name": "0,1465,22",
                      "text": "0,1465,27,10",
                      "type": "0,1465,16"
                    }
                  },
                  {
                    "$type": "return",
                    "text": "The new Date instance.\n",
                    "type": "Date",
                    "src": {
                      "text": "0,1466,23,23",
                      "type": "0,1466,17"
                    }
                  }
                ],
                "src": {
                  "name": "0,1468,0",
                  "text": "0,1446,8,708"
                }
              },
              {
                "$type": "method",
                "name": "isDST",
                "text": "Checks if the current date is affected by Daylight Saving Time (DST).\n",
                "items": [
                  {
                    "$type": "param",
                    "name": "date",
                    "text": "The date\n",
                    "type": "Date",
                    "src": {
                      "name": "0,1474,22",
                      "text": "0,1474,27,9",
                      "type": "0,1474,16"
                    }
                  },
                  {
                    "$type": "return",
                    "text": "`true` if the current date is affected by DST.\n",
                    "type": "Boolean",
                    "src": {
                      "text": "0,1475,26,47",
                      "type": "0,1475,17"
                    }
                  }
                ],
                "src": {
                  "name": "0,1477,0",
                  "text": "0,1473,8,70"
                }
              },
              {
                "$type": "method",
                "name": "clearTime",
                "text": "Attempts to clear all time information from this Date by setting the time to midnight of the same day,\nautomatically adjusting for Daylight Saving Time (DST) where applicable.\n\n__Note:__ DST timezone information for the browser\u0027s host operating system is assumed to be up-to-date.\n",
                "items": [
                  {
                    "$type": "param",
                    "name": "date",
                    "text": "The date\n",
                    "type": "Date",
                    "src": {
                      "name": "0,1488,22",
                      "text": "0,1488,27,9",
                      "type": "0,1488,16"
                    }
                  },
                  {
                    "$type": "param",
                    "name": "clone",
                    "optional": true,
                    "text": "`true` to create a clone of this date, clear the time and return it.\n",
                    "type": "Boolean",
                    "value": "false",
                    "src": {
                      "name": "0,1489,26",
                      "text": "0,1489,39,69",
                      "type": "0,1489,16",
                      "value": "0,1489,32"
                    }
                  },
                  {
                    "$type": "return",
                    "text": "this or the clone.\n",
                    "type": "Date",
                    "src": {
                      "text": "0,1490,23,19",
                      "type": "0,1490,17"
                    }
                  }
                ],
                "src": {
                  "name": "0,1492,0",
                  "text": "0,1484,8,281"
                }
              },
              {
                "$type": "method",
                "name": "add",
                "text": "Provides a convenient method for performing basic date arithmetic. This method\ndoes not modify the Date instance being called - it creates and returns\na new Date instance containing the resulting date value.\n\nExamples:\n\n    // Basic usage:\n    var dt \u003d Ext.Date.add(new Date(\u002710/29/2006\u0027), Ext.Date.DAY, 5);\n    console.log(dt); // returns \u0027Fri Nov 03 2006 00:00:00\u0027\n\n    // Negative values will be subtracted:\n    var dt2 \u003d Ext.Date.add(new Date(\u002710/1/2006\u0027), Ext.Date.DAY, -5);\n    console.log(dt2); // returns \u0027Tue Sep 26 2006 00:00:00\u0027\n\n     // Decimal values can be used:\n    var dt3 \u003d Ext.Date.add(new Date(\u002710/1/2006\u0027), Ext.Date.DAY, 1.25);\n    console.log(dt3); // returns \u0027Mon Oct 02 2006 06:00:00\u0027\n",
                "items": [
                  {
                    "$type": "param",
                    "name": "date",
                    "text": "The date to modify\n",
                    "type": "Date",
                    "src": {
                      "name": "0,1546,22",
                      "text": "0,1546,27,19",
                      "type": "0,1546,16"
                    }
                  },
                  {
                    "$type": "param",
                    "name": "interval",
                    "text": "A valid date interval enum value.\n",
                    "type": "String",
                    "src": {
                      "name": "0,1547,24",
                      "text": "0,1547,33,34",
                      "type": "0,1547,16"
                    }
                  },
                  {
                    "$type": "param",
                    "name": "value",
                    "text": "The amount to add to the current date.\n",
                    "type": "Number",
                    "src": {
                      "name": "0,1548,24",
                      "text": "0,1548,30,39",
                      "type": "0,1548,16"
                    }
                  },
                  {
                    "$type": "return",
                    "text": "The new Date instance.\n",
                    "type": "Date",
                    "src": {
                      "text": "0,1549,23,23",
                      "type": "0,1549,17"
                    }
                  }
                ],
                "src": {
                  "name": "0,1551,0",
                  "text": "0,1528,8,709"
                }
              },
              {
                "$type": "method",
                "name": "subtract",
                "text": "Provides a convenient method for performing basic date arithmetic. This method\ndoes not modify the Date instance being called - it creates and returns\na new Date instance containing the resulting date value.\n\nExamples:\n\n    // Basic usage:\n    var dt \u003d Ext.Date.subtract(new Date(\u002710/29/2006\u0027), Ext.Date.DAY, 5);\n    console.log(dt); // returns \u0027Tue Oct 24 2006 00:00:00\u0027\n\n    // Negative values will be added:\n    var dt2 \u003d Ext.Date.subtract(new Date(\u002710/1/2006\u0027), Ext.Date.DAY, -5);\n    console.log(dt2); // returns \u0027Fri Oct 6 2006 00:00:00\u0027\n\n     // Decimal values can be used:\n    var dt3 \u003d Ext.Date.subtract(new Date(\u002710/1/2006\u0027), Ext.Date.DAY, 1.25);\n    console.log(dt3); // returns \u0027Fri Sep 29 2006 06:00:00\u0027\n",
                "items": [
                  {
                    "$type": "param",
                    "name": "date",
                    "text": "The date to modify\n",
                    "type": "Date",
                    "src": {
                      "name": "0,1660,22",
                      "text": "0,1660,27,19",
                      "type": "0,1660,16"
                    }
                  },
                  {
                    "$type": "param",
                    "name": "interval",
                    "text": "A valid date interval enum value.\n",
                    "type": "String",
                    "src": {
                      "name": "0,1661,24",
                      "text": "0,1661,33,34",
                      "type": "0,1661,16"
                    }
                  },
                  {
                    "$type": "param",
                    "name": "value",
                    "text": "The amount to subtract from the current date.\n",
                    "type": "Number",
                    "src": {
                      "name": "0,1662,24",
                      "text": "0,1662,30,46",
                      "type": "0,1662,16"
                    }
                  },
                  {
                    "$type": "return",
                    "text": "The new Date instance.\n",
                    "type": "Date",
                    "src": {
                      "text": "0,1663,23,23",
                      "type": "0,1663,17"
                    }
                  }
                ],
                "src": {
                  "name": "0,1665,0",
                  "text": "0,1642,8,718"
                }
              },
              {
                "$type": "method",
                "name": "between",
                "text": "Checks if a date falls on or between the given start and end dates.\n",
                "items": [
                  {
                    "$type": "param",
                    "name": "date",
                    "text": "The date to check\n",
                    "type": "Date",
                    "src": {
                      "name": "0,1671,22",
                      "text": "0,1671,27,18",
                      "type": "0,1671,16"
                    }
                  },
                  {
                    "$type": "param",
                    "name": "start",
                    "text": "Start date\n",
                    "type": "Date",
                    "src": {
                      "name": "0,1672,22",
                      "text": "0,1672,28,11",
                      "type": "0,1672,16"
                    }
                  },
                  {
                    "$type": "param",
                    "name": "end",
                    "text": "End date\n",
                    "type": "Date",
                    "src": {
                      "name": "0,1673,22",
                      "text": "0,1673,26,9",
                      "type": "0,1673,16"
                    }
                  },
                  {
                    "$type": "return",
                    "text": "`true` if this date falls on or between the given start and end dates.\n",
                    "type": "Boolean",
                    "src": {
                      "text": "0,1674,26,71",
                      "type": "0,1674,17"
                    }
                  }
                ],
                "src": {
                  "name": "0,1676,0",
                  "text": "0,1670,8,68"
                }
              },
              {
                "$type": "method",
                "name": "diff",
                "text": "Calculate how many units are there between two time.\n",
                "items": [
                  {
                    "$type": "param",
                    "name": "min",
                    "text": "The first time.\n",
                    "type": "Date",
                    "src": {
                      "name": "0,1709,22",
                      "text": "0,1709,26,16",
                      "type": "0,1709,16"
                    }
                  },
                  {
                    "$type": "param",
                    "name": "max",
                    "text": "The second time.\n",
                    "type": "Date",
                    "src": {
                      "name": "0,1710,22",
                      "text": "0,1710,26,17",
                      "type": "0,1710,16"
                    }
                  },
                  {
                    "$type": "param",
                    "name": "unit",
                    "text": "The unit. This unit is compatible with the date interval constants.\n",
                    "type": "String",
                    "src": {
                      "name": "0,1711,24",
                      "text": "0,1711,29,68",
                      "type": "0,1711,16"
                    }
                  },
                  {
                    "$type": "return",
                    "text": "The maximum number n of units that min + n * unit \u003c\u003d max.\n",
                    "type": "Number",
                    "src": {
                      "text": "0,1712,25,58",
                      "type": "0,1712,17"
                    }
                  }
                ],
                "src": {
                  "name": "0,1714,0",
                  "text": "0,1708,8,53"
                }
              },
              {
                "$type": "method",
                "name": "align",
                "text": "Align the date to `unit`.\n",
                "items": [
                  {
                    "$type": "param",
                    "name": "date",
                    "text": "The date to be aligned.\n",
                    "type": "Date",
                    "src": {
                      "name": "0,1747,22",
                      "text": "0,1747,27,24",
                      "type": "0,1747,16"
                    }
                  },
                  {
                    "$type": "param",
                    "name": "unit",
                    "text": "The unit. This unit is compatible with the date interval constants.\n",
                    "type": "String",
                    "src": {
                      "name": "0,1748,24",
                      "text": "0,1748,29,68",
                      "type": "0,1748,16"
                    }
                  },
                  {
                    "$type": "return",
                    "text": "The aligned date.\n",
                    "type": "Date",
                    "src": {
                      "text": "0,1749,23,18",
                      "type": "0,1749,17"
                    }
                  }
                ],
                "src": {
                  "name": "0,1751,0",
                  "text": "0,1746,8,26"
                }
              }
            ]
          },
          {
            "$type": "properties",
            "items": [
              {
                "$type": "property",
                "ignore": true,
                "name": "now",
                "src": {
                  "ignore": "0,302,9",
                  "name": "0,303,0"
                }
              },
              {
                "$type": "property",
                "name": "useStrict",
                "text": "Global flag which determines if strict date parsing should be used.\nStrict date parsing will not roll-over invalid dates, which is the\ndefault behavior of JavaScript Date objects.\n(see {@link #parse} for more information)\n",
                "type": "Boolean",
                "src": {
                  "name": "0,338,0",
                  "text": "0,332,8,222",
                  "type": "0,336,14"
                }
              },
              {
                "$type": "property",
                "name": "parseFunctions",
                "text": "An object hash in which each property is a date parsing function. The property name is the\nformat string which that function parses.\n\nThis object is automatically populated with date parsing functions as\ndate formats are requested for Ext standard formatting strings.\n\nCustom parsing functions may be inserted into this object, keyed by a name which from then on\nmay be used as a format string to {@link #parse}.\n\nExample:\n\n    Ext.Date.parseFunctions[\u0027x-date-format\u0027] \u003d myDateParser;\n\n A parsing function should return a Date object, and is passed the following parameters:\n\n- `date`: {@link String} - The date string to parse.\n- `strict`: {@link Boolean} - `true` to validate date strings while parsing\n(i.e. prevent JavaScript Date \"rollover\"). __The default must be `false`.__\nInvalid date strings should return `null` when parsed.\n\nTo enable Dates to also be _formatted_ according to that format, a corresponding\nformatting function must be placed into the {@link #formatFunctions} property.\n",
                "type": "Object",
                "src": {
                  "name": "0,384,18",
                  "text": "0,362,8,997",
                  "type": "0,385,14"
                }
              },
              {
                "$type": "property",
                "name": "formatFunctions",
                "text": "An object hash in which each property is a date formatting function. The property name is the\nformat string which corresponds to the produced formatted date string.\n\nThis object is automatically populated with date formatting functions as\ndate formats are requested for Ext standard formatting strings.\n\nCustom formatting functions may be inserted into this object, keyed by a name which from then on\nmay be used as a format string to {@link #format}.\n\nExample:\n\n    Ext.Date.formatFunctions[\u0027x-date-format\u0027] \u003d myDateFormatter;\n\nA formatting function should return a string representation of the Date object which\nis the scope (this) of the function.\n\nTo enable date strings to also be _parsed_ according to that format, a corresponding\nparsing function must be placed into the {@link #parseFunctions} property.\n",
                "type": "Object",
                "src": {
                  "name": "0,430,18",
                  "text": "0,412,8,812",
                  "type": "0,431,14"
                }
              },
              {
                "$type": "property",
                "name": "MILLI",
                "text": "Date interval constant.\n",
                "type": "String",
                "src": {
                  "name": "0,452,0",
                  "text": "0,449,8,24",
                  "type": "0,450,14"
                }
              },
              {
                "$type": "property",
                "name": "SECOND",
                "text": "Date interval constant.\n",
                "type": "String",
                "src": {
                  "name": "0,458,0",
                  "text": "0,455,8,24",
                  "type": "0,456,14"
                }
              },
              {
                "$type": "property",
                "name": "MINUTE",
                "text": "Date interval constant.\n",
                "type": "String",
                "src": {
                  "name": "0,464,0",
                  "text": "0,461,8,24",
                  "type": "0,462,14"
                }
              },
              {
                "$type": "property",
                "name": "HOUR",
                "text": "Date interval constant.\n",
                "type": "String",
                "src": {
                  "name": "0,469,0",
                  "text": "0,466,2,24",
                  "type": "0,467,14"
                }
              },
              {
                "$type": "property",
                "name": "DAY",
                "text": "Date interval constant.\n",
                "type": "String",
                "src": {
                  "name": "0,475,0",
                  "text": "0,472,8,24",
                  "type": "0,473,14"
                }
              },
              {
                "$type": "property",
                "name": "MONTH",
                "text": "Date interval constant.\n",
                "type": "String",
                "src": {
                  "name": "0,481,0",
                  "text": "0,478,8,24",
                  "type": "0,479,14"
                }
              },
              {
                "$type": "property",
                "name": "YEAR",
                "text": "Date interval constant.\n",
                "type": "String",
                "src": {
                  "name": "0,487,0",
                  "text": "0,484,8,24",
                  "type": "0,485,14"
                }
              },
              {
                "$type": "property",
                "name": "defaults",
                "text": "An object hash containing default date values used during date parsing.\n\nThe following properties are available:\n\n- `y`: {@link Number} - The default year value. Defaults to `undefined`.\n- `m`: {@link Number} - The default 1-based month value. Defaults to `undefined`.\n- `d`: {@link Number} - The default day value. Defaults to `undefined`.\n- `h`: {@link Number} - The default hour value. Defaults to `undefined`.\n- `i`: {@link Number} - The default minute value. Defaults to `undefined`.\n- `s`: {@link Number} - The default second value. Defaults to `undefined`.\n- `ms`: {@link Number} - The default millisecond value. Defaults to `undefined`.\n\nOverride these properties to customize the default date values used by the {@link #parse} method.\n\n__Note:__ In countries which experience Daylight Saving Time (i.e. DST), the `h`, `i`, `s`\nand `ms` properties may coincide with the exact time in which DST takes effect.\nIt is the responsibility of the developer to account for this.\n\nExample Usage:\n\n    // set default day value to the first day of the month\n    Ext.Date.defaults.d \u003d 1;\n\n    // parse a February date string containing only year and month values.\n    // setting the default day value to 1 prevents weird date rollover issues\n    // when attempting to parse the following date string on, for example, March 31st 2009.\n    Ext.Date.parse(\u00272009-02\u0027, \u0027Y-m\u0027); // returns a Date object representing February 1st 2009.\n",
                "type": "Object",
                "src": {
                  "name": "0,518,18",
                  "text": "0,490,8,1426",
                  "type": "0,519,14"
                }
              },
              {
                "$type": "property",
                "name": "dayNames",
                "text": "An array of textual day names.\nOverride these values for international dates.\n\nExample:\n\n    Ext.Date.dayNames \u003d [\n        \u0027SundayInYourLang\u0027,\n        \u0027MondayInYourLang\u0027\n        // ...\n    ];\n",
                "type": "String[]",
                "src": {
                  "name": "0,525,29",
                  "text": "0,526,8,192",
                  "type": "0,525,19"
                }
              },
              {
                "$type": "property",
                "name": "monthNames",
                "text": "An array of textual month names.\nOverride these values for international dates.\n\nExample:\n\n    Ext.Date.monthNames \u003d [\n        \u0027JanInYourLang\u0027,\n        \u0027FebInYourLang\u0027\n        // ...\n    ];\n",
                "type": "String[]",
                "src": {
                  "name": "0,550,29",
                  "text": "0,551,8,190",
                  "type": "0,550,19"
                }
              },
              {
                "$type": "property",
                "name": "monthNumbers",
                "text": "An object hash of zero-based JavaScript month numbers (with short month names as keys).\n\n__Note:__ keys are case-sensitive.\n\nOverride these values for international dates.\n\nExample:\n\n    Ext.Date.monthNumbers \u003d {\n        \u0027LongJanNameInYourLang\u0027: 0,\n        \u0027ShortJanNameInYourLang\u0027:0,\n        \u0027LongFebNameInYourLang\u0027:1,\n        \u0027ShortFebNameInYourLang\u0027:1\n        // ...\n    };\n",
                "type": "Object",
                "src": {
                  "name": "0,580,27",
                  "text": "0,581,8,377",
                  "type": "0,580,19"
                }
              },
              {
                "$type": "property",
                "name": "defaultFormat",
                "text": "The date format string that the {@link Ext.util.Format#dateRenderer}\nand {@link Ext.util.Format#date} functions use.  See {@link Ext.Date} for details.\n\nThis may be overridden in a locale file.\n",
                "type": "String",
                "src": {
                  "name": "0,626,27",
                  "text": "0,627,8,194",
                  "type": "0,626,19"
                }
              },
              {
                "$type": "property",
                "name": "formatCodes",
                "text": "The base format-code to formatting-function hashmap used by the {@link #format} method.\nFormatting functions are strings (or functions which return strings) which\nwill return the appropriate value when evaluated in the context of the Date object\nfrom which the {@link #format} method is called.\nAdd to / override these mappings for custom date formatting.\n\n__Note:__ `Ext.Date.format()` treats characters as literals if an appropriate mapping cannot be found.\n\nExample:\n\n    Ext.Date.formatCodes.x \u003d \"Ext.util.Format.leftPad(this.getDate(), 2, \u00270\u0027)\";\n    console.log(Ext.Date.format(new Date(), \u0027X\u0027); // returns the current day of the month\n",
                "type": "Object",
                "src": {
                  "name": "0,722,0",
                  "text": "0,708,8,641",
                  "type": "0,720,14"
                }
              },
              {
                "$type": "property",
                "access": "private",
                "name": "parseCodes",
                "src": {
                  "access": "0,933,8",
                  "name": "0,935,0"
                }
              }
            ]
          }
        ],
        "src": {
          "name": "0,2,11",
          "singleton": "0,109,4",
          "text": "0,3,4,8562"
        }
      }
    ]
  },
  "version": 1
}