{
  "$type": "doxi",
  "files": [
    "../../../ext/packages/core/src/data/Error.js"
  ],
  "global": {
    "$type": "namespace",
    "items": [
      {
        "$type": "class",
        "deprecatedMessage": "Use `Ext.data.Validation` instead.\n",
        "deprecatedVersion": "5.0",
        "name": "Ext.data.Error",
        "text": "This class hols the results of a validator for an `{@link Ext.data.Model}`. These objects are\nplaced in an `{@link Ext.data.ErrorCollection}` and returned by `{@link Ext.data.Model#validate}`.\n\nUsually this class does not need to be instantiated directly - instances are instead created\nautomatically when {@link Ext.data.Model#validate validate} on a model instance.\n",
        "items": [
          {
            "$type": "configs",
            "items": [
              {
                "$type": "property",
                "name": "field",
                "text": "The name of the field this error belongs to.\n",
                "type": "String",
                "src": {
                  "name": "0,17,26",
                  "text": "0,18,12,45",
                  "type": "0,17,18"
                }
              },
              {
                "$type": "property",
                "name": "message",
                "text": "The message containing the description of the error.\n",
                "type": "String",
                "src": {
                  "name": "0,23,26",
                  "text": "0,24,12,53",
                  "type": "0,23,18"
                }
              }
            ]
          }
        ],
        "src": {
          "deprecatedMessage": "0,8,4",
          "deprecatedVersion": "0,8,4",
          "name": "0,10,0",
          "text": "0,2,4,353"
        }
      }
    ]
  },
  "version": 1
}