{
  "$type": "doxi",
  "files": [
    "../../../ext/packages/core/src/app/EventBus.js"
  ],
  "global": {
    "$type": "namespace",
    "items": [
      {
        "$type": "class",
        "access": "private",
        "name": "Ext.app.EventBus",
        "requires": "Ext.app.domain.Component",
        "singleton": true,
        "text": "This class manages event dispatching for Controllers. The details of connecting classes\nto this dispatching mechanism is delegated to {@link Ext.app.EventDomain} instances.\n",
        "items": [
          {
            "$type": "methods",
            "items": [
              {
                "$type": "method",
                "name": "control",
                "text": "Adds a set of component event listeners for a controller. To work with event domains\nother than component, see {@link #listen}.\n",
                "items": [
                  {
                    "$type": "param",
                    "name": "selectors",
                    "text": "Config object containing selectors and listeners.\n",
                    "type": "Object",
                    "src": {
                      "name": "0,28,24",
                      "text": "0,28,34,50",
                      "type": "0,28,16"
                    }
                  },
                  {
                    "$type": "param",
                    "name": "controller",
                    "text": "The listening controller instance.\n",
                    "type": "Ext.app.BaseController",
                    "src": {
                      "name": "0,29,40",
                      "text": "0,29,51,35",
                      "type": "0,29,16"
                    }
                  }
                ],
                "src": {
                  "name": "0,31,0",
                  "text": "0,25,8,129"
                }
              },
              {
                "$type": "method",
                "name": "listen",
                "text": "Adds a set of event domain listeners for a controller. For more information on event\ndomains, see {@link Ext.app.EventDomain} and {@link Ext.app.BaseController}.\n",
                "items": [
                  {
                    "$type": "param",
                    "name": "to",
                    "text": "Config object containing domains, selectors and listeners.\n",
                    "type": "Object",
                    "src": {
                      "name": "0,39,24",
                      "text": "0,39,27,59",
                      "type": "0,39,16"
                    }
                  },
                  {
                    "$type": "param",
                    "name": "controller",
                    "text": "The listening controller instance.\n",
                    "type": "Ext.app.BaseController",
                    "src": {
                      "name": "0,40,40",
                      "text": "0,40,51,35",
                      "type": "0,40,16"
                    }
                  }
                ],
                "src": {
                  "name": "0,42,0",
                  "text": "0,36,8,163"
                }
              },
              {
                "$type": "method",
                "name": "unlisten",
                "text": "Removes all of a controller\u0027s attached listeners.\n",
                "items": [
                  {
                    "$type": "param",
                    "name": "controllerId",
                    "text": "The id or the controller instance.\n",
                    "type": "String/Ext.app.BaseController",
                    "src": {
                      "name": "0,56,47",
                      "text": "0,56,60,35",
                      "type": "0,56,16"
                    }
                  }
                ],
                "src": {
                  "name": "0,58,0",
                  "text": "0,54,8,51"
                }
              }
            ]
          }
        ],
        "src": {
          "access": "0,5,4",
          "name": "0,7,0",
          "requires": "0,11,0",
          "singleton": "0,8,0",
          "text": "0,2,4,174"
        }
      }
    ]
  },
  "version": 1
}