{
  "$type": "doxi",
  "files": [
    "../../../ext/packages/charts/src/draw/Point.js"
  ],
  "global": {
    "$type": "namespace",
    "items": [
      {
        "$type": "class",
        "name": "Ext.draw.Point",
        "requires": "Ext.draw.Draw,Ext.draw.Matrix",
        "text": "A helper class to facilitate common operations on points and vectors.\n",
        "items": [
          {
            "$type": "methods",
            "items": [
              {
                "$type": "method",
                "name": "constructor",
                "text": "Creates a point.\n\n    new Ext.draw.Point(3, 4);\n    new Ext.draw.Point(3); // both x and y equal 3\n    new Ext.draw.Point([3, 4]);\n    new Ext.draw.Point({x: 3, y: 4});\n    new Ext.draw.Point(p); // where `p` is a Ext.draw.Point instance.\n",
                "items": [
                  {
                    "$type": "param",
                    "name": "point",
                    "type": "Number/Number[]/Object/Ext.draw.Point",
                    "src": {
                      "name": "0,53,15",
                      "type": "0,53,22"
                    }
                  }
                ],
                "src": {
                  "name": "0,55,0",
                  "text": "0,45,8,240"
                }
              },
              {
                "$type": "method",
                "name": "setX",
                "text": "Sets the x-coordinate of the point.\n",
                "items": [
                  {
                    "$type": "param",
                    "name": "x",
                    "type": "Number",
                    "src": {
                      "name": "0,102,15",
                      "type": "0,102,18"
                    }
                  }
                ],
                "src": {
                  "name": "0,104,0",
                  "text": "0,101,8,36"
                }
              },
              {
                "$type": "method",
                "name": "setY",
                "text": "Sets the y-coordinate of the point.\n",
                "items": [
                  {
                    "$type": "param",
                    "name": "y",
                    "type": "Number",
                    "src": {
                      "name": "0,111,15",
                      "type": "0,111,18"
                    }
                  }
                ],
                "src": {
                  "name": "0,113,0",
                  "text": "0,110,8,36"
                }
              },
              {
                "$type": "method",
                "name": "set",
                "text": "Sets coordinates of the point.\nTakes the same parameters as the {@link #constructor}.\n",
                "items": [
                  {
                    "$type": "param",
                    "name": "point",
                    "type": "Number/Number[]/Object/Ext.draw.Point",
                    "src": {
                      "name": "0,121,15",
                      "type": "0,121,22"
                    }
                  }
                ],
                "src": {
                  "name": "0,123,0",
                  "text": "0,119,8,86"
                }
              },
              {
                "$type": "method",
                "name": "setAngle",
                "text": "Sets the angle of the vector (measured from the x-axis to the vector)\nwithout changing its length.\n",
                "items": [
                  {
                    "$type": "param",
                    "name": "angle",
                    "type": "Number",
                    "src": {
                      "name": "0,130,15",
                      "type": "0,130,22"
                    }
                  }
                ],
                "src": {
                  "name": "0,132,0",
                  "text": "0,128,8,99"
                }
              },
              {
                "$type": "method",
                "name": "setLength",
                "text": "Sets the length of the vector without changing its angle.\n",
                "items": [
                  {
                    "$type": "param",
                    "name": "length",
                    "type": "Number",
                    "src": {
                      "name": "0,139,15",
                      "type": "0,139,23"
                    }
                  }
                ],
                "src": {
                  "name": "0,141,0",
                  "text": "0,138,8,58"
                }
              },
              {
                "$type": "method",
                "name": "setPolar",
                "text": "Sets both the angle and the length of the vector.\nA point can be thought of as a vector pointing from the origin to the point\u0027s location.\nThis can also be interpreted as setting coordinates of a point in the polar\ncoordinate system.\n",
                "items": [
                  {
                    "$type": "param",
                    "name": "angle",
                    "type": "Number",
                    "src": {
                      "name": "0,151,15",
                      "type": "0,151,22"
                    }
                  },
                  {
                    "$type": "param",
                    "name": "length",
                    "type": "Number",
                    "src": {
                      "name": "0,152,15",
                      "type": "0,152,23"
                    }
                  }
                ],
                "src": {
                  "name": "0,154,0",
                  "text": "0,147,8,233"
                }
              },
              {
                "$type": "method",
                "name": "clone",
                "text": "Returns a copy of the point.\n",
                "items": [
                  {
                    "$type": "return",
                    "type": "Ext.draw.Point",
                    "src": {
                      "type": "0,162,17"
                    }
                  }
                ],
                "src": {
                  "name": "0,164,0",
                  "text": "0,161,8,29"
                }
              },
              {
                "$type": "method",
                "name": "add",
                "text": "Adds another vector to this one and returns the resulting vector\nwithout changing this vector.\n",
                "items": [
                  {
                    "$type": "param",
                    "name": "point",
                    "type": "Number/Number[]/Object/Ext.draw.Point",
                    "src": {
                      "name": "0,171,15",
                      "type": "0,171,22"
                    }
                  },
                  {
                    "$type": "return",
                    "type": "Ext.draw.Point",
                    "src": {
                      "type": "0,172,17"
                    }
                  }
                ],
                "src": {
                  "name": "0,174,0",
                  "text": "0,169,8,95"
                }
              },
              {
                "$type": "method",
                "name": "sub",
                "text": "Subtracts another vector from this one and returns the resulting vector\nwithout changing this vector.\n",
                "items": [
                  {
                    "$type": "param",
                    "name": "point",
                    "type": "Number/Number[]/Object/Ext.draw.Point",
                    "src": {
                      "name": "0,182,15",
                      "type": "0,182,22"
                    }
                  },
                  {
                    "$type": "return",
                    "type": "Ext.draw.Point",
                    "src": {
                      "type": "0,183,17"
                    }
                  }
                ],
                "src": {
                  "name": "0,185,0",
                  "text": "0,180,8,102"
                }
              },
              {
                "$type": "method",
                "name": "mul",
                "text": "Returns the result of scalar multiplication of this vector by the given factor.\nThis vector is not modified.\n",
                "items": [
                  {
                    "$type": "param",
                    "name": "n",
                    "text": "The factor.\n",
                    "type": "Number",
                    "src": {
                      "name": "0,193,15",
                      "text": "0,193,26,12",
                      "type": "0,193,18"
                    }
                  },
                  {
                    "$type": "return",
                    "type": "Ext.draw.Point",
                    "src": {
                      "type": "0,194,17"
                    }
                  }
                ],
                "src": {
                  "name": "0,196,0",
                  "text": "0,191,8,109"
                }
              },
              {
                "$type": "method",
                "name": "div",
                "text": "Returns a vector which coordinates are the result of division of this vector\u0027s\ncoordinates by the given number. This vector is not modified.\nThis vector is not modified.\n",
                "items": [
                  {
                    "$type": "param",
                    "name": "n",
                    "text": "The denominator.\n",
                    "type": "Number",
                    "src": {
                      "name": "0,204,15",
                      "text": "0,204,26,17",
                      "type": "0,204,18"
                    }
                  },
                  {
                    "$type": "return",
                    "type": "Ext.draw.Point",
                    "src": {
                      "type": "0,205,17"
                    }
                  }
                ],
                "src": {
                  "name": "0,207,0",
                  "text": "0,201,8,170"
                }
              },
              {
                "$type": "method",
                "name": "dot",
                "text": "Returns the dot product of this vector and the given vector.\n",
                "items": [
                  {
                    "$type": "param",
                    "name": "point",
                    "type": "Number/Number[]/Object/Ext.draw.Point",
                    "src": {
                      "name": "0,213,15",
                      "type": "0,213,22"
                    }
                  },
                  {
                    "$type": "return",
                    "type": "Number",
                    "src": {
                      "type": "0,214,17"
                    }
                  }
                ],
                "src": {
                  "name": "0,216,0",
                  "text": "0,212,8,61"
                }
              },
              {
                "$type": "method",
                "name": "equals",
                "text": "Checks whether coordinates of the point match those of the point provided.\n",
                "items": [
                  {
                    "$type": "param",
                    "name": "point",
                    "type": "Number/Number[]/Object/Ext.draw.Point",
                    "src": {
                      "name": "0,223,15",
                      "type": "0,223,22"
                    }
                  },
                  {
                    "$type": "return",
                    "type": "Boolean",
                    "src": {
                      "type": "0,224,17"
                    }
                  }
                ],
                "src": {
                  "name": "0,226,0",
                  "text": "0,222,8,75"
                }
              },
              {
                "$type": "method",
                "name": "rotate",
                "text": "Rotates the point by the given angle. This point is not modified.\n",
                "items": [
                  {
                    "$type": "param",
                    "name": "angle",
                    "text": "The rotation angle.\n",
                    "type": "Number",
                    "src": {
                      "name": "0,233,15",
                      "text": "0,233,30,20",
                      "type": "0,233,22"
                    }
                  },
                  {
                    "$type": "param",
                    "name": "center",
                    "text": "The center of rotation (optional). Defaults to origin.\n",
                    "type": "Ext.draw.Point",
                    "src": {
                      "name": "0,234,15",
                      "text": "0,234,39,55",
                      "type": "0,234,23"
                    }
                  },
                  {
                    "$type": "return",
                    "text": "The rotated point.\n",
                    "type": "Ext.draw.Point",
                    "src": {
                      "text": "0,235,33,19",
                      "type": "0,235,17"
                    }
                  }
                ],
                "src": {
                  "name": "0,237,0",
                  "text": "0,232,8,66"
                }
              },
              {
                "$type": "method",
                "name": "transform",
                "text": "Transforms the point from one coordinate system to another\nusing the transformation matrix provided. This point is not modified.\n",
                "items": [
                  {
                    "$type": "param",
                    "name": "matrix",
                    "text": "A trasformation matrix or its elements.\n",
                    "type": "Ext.draw.Matrix/Number[]",
                    "src": {
                      "name": "0,267,15",
                      "text": "0,267,49,40",
                      "type": "0,267,23"
                    }
                  },
                  {
                    "$type": "return",
                    "type": "Ext.draw.Point",
                    "src": {
                      "type": "0,268,17"
                    }
                  }
                ],
                "src": {
                  "name": "0,270,0",
                  "text": "0,265,8,129"
                }
              },
              {
                "$type": "method",
                "name": "round",
                "text": "Returns a new point with rounded x and y values. This point is not modified.\n",
                "items": [
                  {
                    "$type": "return",
                    "type": "Ext.draw.Point",
                    "src": {
                      "type": "0,282,17"
                    }
                  }
                ],
                "src": {
                  "name": "0,284,0",
                  "text": "0,281,8,77"
                }
              },
              {
                "$type": "method",
                "name": "ceil",
                "text": "Returns a new point with ceiled x and y values. This point is not modified.\n",
                "items": [
                  {
                    "$type": "return",
                    "type": "Ext.draw.Point",
                    "src": {
                      "type": "0,293,17"
                    }
                  }
                ],
                "src": {
                  "name": "0,295,0",
                  "text": "0,292,8,76"
                }
              },
              {
                "$type": "method",
                "name": "floor",
                "text": "Returns a new point with floored x and y values. This point is not modified.\n",
                "items": [
                  {
                    "$type": "return",
                    "type": "Ext.draw.Point",
                    "src": {
                      "type": "0,304,17"
                    }
                  }
                ],
                "src": {
                  "name": "0,306,0",
                  "text": "0,303,8,77"
                }
              },
              {
                "$type": "method",
                "name": "abs",
                "text": "Returns a new point with absolute values of the x and y values of this point.\nThis point is not modified.\n",
                "items": [
                  {
                    "$type": "return",
                    "type": "Ext.draw.Point",
                    "src": {
                      "type": "0,316,17"
                    }
                  },
                  {
                    "$type": "param",
                    "name": "x",
                    "src": {
                      "name": "0,318,0"
                    }
                  },
                  {
                    "$type": "param",
                    "name": "y",
                    "src": {
                      "name": "0,318,0"
                    }
                  }
                ],
                "src": {
                  "name": "0,318,0",
                  "text": "0,314,8,106"
                }
              },
              {
                "$type": "method",
                "name": "normalize",
                "text": "Normalizes the vector by changing its length to 1 without changing its angle.\nThe returned result is a normalized vector. This vector is not modified.\n",
                "items": [
                  {
                    "$type": "param",
                    "name": "length",
                    "text": "The length of the normalized vector. Defaults to 1.\n",
                    "type": "Number\u003d1",
                    "src": {
                      "name": "0,328,15",
                      "text": "0,328,33,52",
                      "type": "0,328,23"
                    }
                  },
                  {
                    "$type": "return",
                    "type": "Ext.draw.Point",
                    "src": {
                      "type": "0,329,17"
                    }
                  }
                ],
                "src": {
                  "name": "0,331,0",
                  "text": "0,326,8,151"
                }
              },
              {
                "$type": "method",
                "name": "getDistanceToLine",
                "text": "Returns the vector from the point perpendicular to the line (shortest distance).\nWhere line is specified using two points or the coordinates of those points.\n",
                "items": [
                  {
                    "$type": "param",
                    "name": "p1",
                    "type": "Ext.draw.Point",
                    "src": {
                      "name": "0,352,15",
                      "type": "0,352,19"
                    }
                  },
                  {
                    "$type": "param",
                    "name": "p2",
                    "type": "Ext.draw.Point",
                    "src": {
                      "name": "0,353,15",
                      "type": "0,353,19"
                    }
                  },
                  {
                    "$type": "return",
                    "type": "Ext.draw.Point",
                    "src": {
                      "type": "0,354,17"
                    }
                  }
                ],
                "src": {
                  "name": "0,356,0",
                  "text": "0,350,8,158"
                }
              },
              {
                "$type": "method",
                "name": "isZero",
                "text": "Checks if both x and y coordinates of the point are zero.\n",
                "items": [
                  {
                    "$type": "return",
                    "type": "Boolean",
                    "src": {
                      "type": "0,369,17"
                    }
                  }
                ],
                "src": {
                  "name": "0,371,0",
                  "text": "0,368,8,58"
                }
              },
              {
                "$type": "method",
                "name": "isNumber",
                "text": "Checks if both x and y coordinates of the point are valid numbers.\n",
                "items": [
                  {
                    "$type": "return",
                    "type": "Boolean",
                    "src": {
                      "type": "0,377,17"
                    }
                  }
                ],
                "src": {
                  "name": "0,379,0",
                  "text": "0,376,8,67"
                }
              }
            ]
          },
          {
            "$type": "static-methods",
            "items": [
              {
                "$type": "method",
                "name": "fly",
                "static": true,
                "text": "Creates a flyweight Ext.draw.Point instance.\nTakes the same parameters as the {@link Ext.draw.Point#constructor}.\nDo not hold the instance of the flyweight point.\n",
                "items": [
                  {
                    "$type": "param",
                    "name": "point",
                    "type": "Number/Number[]/Object/Ext.draw.Point",
                    "src": {
                      "name": "0,29,19",
                      "type": "0,29,26"
                    }
                  },
                  {
                    "$type": "return",
                    "type": "Ext.draw.Point",
                    "src": {
                      "type": "0,30,21"
                    }
                  }
                ],
                "src": {
                  "name": "0,32,0",
                  "static": "0,24,12",
                  "text": "0,25,12,164"
                }
              }
            ]
          }
        ],
        "src": {
          "name": "0,4,0",
          "requires": "0,7,0,0:0,8,0,0",
          "text": "0,2,4,70"
        }
      }
    ]
  },
  "version": 1
}