{
  "$type": "doxi",
  "files": [
    "../../../ext/packages/core/src/env/Browser.js"
  ],
  "global": {
    "$type": "namespace",
    "items": [
      {
        "$type": "class",
        "extends": "Ext.env.Browser",
        "name": "Ext.browser",
        "singleton": true,
        "text": "Provides useful information about the current browser.\n\nExample:\n\n    if (Ext.browser.is.IE) {\n        // IE specific code here\n    }\n\n    if (Ext.browser.is.WebKit) {\n        // WebKit specific code here\n    }\n\n    console.log(\"Version \" + Ext.browser.version);\n\nFor a full list of supported values, refer to {@link #is} property/method.\n",
        "items": [
          {
            "$type": "properties",
            "items": [
              {
                "$type": "property",
                "text": "Browser User Agent string.\n",
                "type": "String",
                "src": {
                  "text": "0,34,8,27",
                  "type": "0,33,19"
                }
              },
              {
                "$type": "property",
                "text": "`true` if browser is using strict mode.\n",
                "type": "Boolean",
                "src": {
                  "text": "0,467,8,40",
                  "type": "0,466,19"
                }
              },
              {
                "$type": "property",
                "text": "`true` if page is running over SSL.\n",
                "type": "Boolean",
                "src": {
                  "text": "0,473,8,36",
                  "type": "0,472,19"
                }
              },
              {
                "$type": "property",
                "name": "name",
                "readonly": true,
                "text": "The full name of the current browser.\nPossible values are:\n\n- IE\n- Firefox\n- Safari\n- Chrome\n- Opera\n- Other\n",
                "type": "String",
                "src": {
                  "name": "0,538,0",
                  "readonly": "0,536,8",
                  "text": "0,526,8,109",
                  "type": "0,535,14"
                }
              },
              {
                "$type": "property",
                "name": "version",
                "readonly": true,
                "text": "Refer to {@link Ext.Version}.\n",
                "type": "Ext.Version",
                "src": {
                  "name": "0,545,0",
                  "readonly": "0,543,8",
                  "text": "0,541,8,30",
                  "type": "0,542,14"
                }
              },
              {
                "$type": "property",
                "name": "engineName",
                "readonly": true,
                "text": "The full name of the current browser\u0027s engine.\nPossible values are:\n\n- WebKit\n- Gecko\n- Presto\n- Trident\n- Other\n",
                "type": "String",
                "src": {
                  "name": "0,559,0",
                  "readonly": "0,557,8",
                  "text": "0,548,8,113",
                  "type": "0,556,14"
                }
              },
              {
                "$type": "property",
                "name": "engineVersion",
                "readonly": true,
                "text": "Refer to {@link Ext.Version}.\n",
                "type": "Ext.Version",
                "src": {
                  "name": "0,566,0",
                  "readonly": "0,564,8",
                  "text": "0,562,8,30",
                  "type": "0,563,14"
                }
              }
            ]
          }
        ],
        "src": {
          "extends": "0,612,13",
          "name": "0,611,11",
          "singleton": "0,613,4",
          "text": "0,614,4,340"
        }
      }
    ]
  },
  "version": 1
}