{
  "$type": "doxi",
  "files": [
    "../../../ext/packages/core/src/AnimationQueue.js"
  ],
  "global": {
    "$type": "namespace",
    "items": [
      {
        "$type": "class",
        "access": "private",
        "name": "Ext.AnimationQueue",
        "singleton": true,
        "items": [
          {
            "$type": "methods",
            "items": [
              {
                "$type": "method",
                "name": "start",
                "items": [
                  {
                    "$type": "param",
                    "name": "fn",
                    "type": "Function",
                    "src": {
                      "name": "0,31,26",
                      "type": "0,31,16"
                    }
                  },
                  {
                    "$type": "param",
                    "name": "scope",
                    "optional": true,
                    "type": "Object",
                    "src": {
                      "name": "0,32,25",
                      "type": "0,32,16"
                    }
                  },
                  {
                    "$type": "param",
                    "name": "args",
                    "optional": true,
                    "type": "Object",
                    "src": {
                      "name": "0,33,25",
                      "type": "0,33,16"
                    }
                  }
                ],
                "src": {
                  "name": "0,35,0"
                }
              },
              {
                "$type": "method",
                "name": "stop",
                "items": [
                  {
                    "$type": "param",
                    "name": "fn",
                    "type": "Function",
                    "src": {
                      "name": "0,124,26",
                      "type": "0,124,16"
                    }
                  },
                  {
                    "$type": "param",
                    "name": "scope",
                    "optional": true,
                    "type": "Object",
                    "src": {
                      "name": "0,125,25",
                      "type": "0,125,16"
                    }
                  },
                  {
                    "$type": "param",
                    "name": "args",
                    "optional": true,
                    "type": "Object",
                    "src": {
                      "name": "0,126,25",
                      "type": "0,126,16"
                    }
                  }
                ],
                "src": {
                  "name": "0,128,0"
                }
              },
              {
                "$type": "method",
                "name": "showFps",
                "items": [
                  {
                    "$type": "param",
                    "name": "fps",
                    "text": "Frames per second.\n",
                    "type": "Number",
                    "src": {
                      "name": "0,277,24",
                      "text": "0,277,28,19",
                      "type": "0,277,16"
                    }
                  },
                  {
                    "$type": "param",
                    "name": "count",
                    "text": "Actual number of frames rendered during interval.\n",
                    "type": "Number",
                    "src": {
                      "name": "0,278,24",
                      "text": "0,278,30,50",
                      "type": "0,278,16"
                    }
                  },
                  {
                    "$type": "param",
                    "name": "interval",
                    "text": "Interval duration.\n",
                    "type": "Number",
                    "src": {
                      "name": "0,279,24",
                      "text": "0,279,33,19",
                      "type": "0,279,16"
                    }
                  }
                ],
                "src": {
                  "name": "0,281,0"
                }
              }
            ]
          }
        ],
        "src": {
          "access": "0,2,4",
          "name": "0,4,0",
          "singleton": "0,5,0"
        }
      }
    ]
  },
  "version": 1
}