{
  "$type": "doxi",
  "files": [
    "../../../ext/packages/core/src/dom/Underlay.js"
  ],
  "global": {
    "$type": "namespace",
    "items": [
      {
        "$type": "class",
        "abstract": true,
        "access": "private",
        "name": "Ext.dom.Underlay",
        "requires": "Ext.dom.UnderlayPool",
        "text": "A class that provides an underlay element which displays behind an absolutely positioned\ntarget element and tracks its size and position. Abstract base class for\n{@link Ext.dom.Shadow} and {@link Ext.dom.Shim}\n",
        "items": [
          {
            "$type": "configs",
            "items": [
              {
                "$type": "property",
                "name": "target",
                "text": "The target element\n",
                "type": "Ext.dom.Element",
                "src": {
                  "name": "0,14,31",
                  "text": "0,15,8,19",
                  "type": "0,14,14"
                }
              },
              {
                "$type": "property",
                "name": "zIndex",
                "text": "The CSS z-index to use for this underlay.  Defaults to the z-index of {@link #target}.\n",
                "type": "Number",
                "src": {
                  "name": "0,19,22",
                  "text": "0,20,8,87",
                  "type": "0,19,14"
                }
              }
            ]
          },
          {
            "$type": "methods",
            "items": [
              {
                "$type": "method",
                "access": "protected",
                "name": "getInsertionTarget",
                "text": "Returns the dom element that this underlay should be inserted before.\nDefaults to the target element\n",
                "items": [
                  {
                    "$type": "return",
                    "type": "Ext.dom.Element",
                    "src": {
                      "type": "0,38,17"
                    }
                  }
                ],
                "src": {
                  "access": "0,35,8",
                  "name": "0,40,0",
                  "text": "0,36,8,101"
                }
              },
              {
                "$type": "method",
                "access": "protected",
                "name": "getPool",
                "items": [
                  {
                    "$type": "return",
                    "type": "Ext.dom.UnderlayPool",
                    "src": {
                      "type": "0,46,17"
                    }
                  }
                ],
                "src": {
                  "access": "0,45,8",
                  "name": "0,48,0"
                }
              },
              {
                "$type": "method",
                "name": "hide",
                "text": "Hides the underlay\n",
                "src": {
                  "name": "0,56,0",
                  "text": "0,54,8,19"
                }
              },
              {
                "$type": "method",
                "name": "realign",
                "text": "Aligns the underlay to its target element\n",
                "items": [
                  {
                    "$type": "param",
                    "name": "x",
                    "optional": true,
                    "text": "The x position of the target element.  If not provided, the\nx position will be read from the DOM.\n",
                    "type": "Number",
                    "src": {
                      "name": "0,70,25",
                      "text": "0,70,28,60:0,71,8,38",
                      "type": "0,70,16"
                    }
                  },
                  {
                    "$type": "param",
                    "name": "y",
                    "optional": true,
                    "text": "The y position of the target element.  If not provided, the\ny position will be read from the DOM.\n",
                    "type": "Number",
                    "src": {
                      "name": "0,72,25",
                      "text": "0,72,28,60:0,73,8,38",
                      "type": "0,72,16"
                    }
                  },
                  {
                    "$type": "param",
                    "name": "width",
                    "optional": true,
                    "text": "The width of the target element.  If not provided, the\nwidth will be read from the DOM.\n",
                    "type": "Number",
                    "src": {
                      "name": "0,74,25",
                      "text": "0,74,32,55:0,75,8,33",
                      "type": "0,74,16"
                    }
                  },
                  {
                    "$type": "param",
                    "name": "height",
                    "optional": true,
                    "text": "The height of the target element.  If not provided, the\nheight will be read from the DOM.\n",
                    "type": "Number",
                    "src": {
                      "name": "0,76,25",
                      "text": "0,76,33,56:0,77,8,34",
                      "type": "0,76,16"
                    }
                  }
                ],
                "src": {
                  "name": "0,79,0",
                  "text": "0,69,8,42"
                }
              },
              {
                "$type": "method",
                "name": "setZIndex",
                "text": "Adjust the z-index of this underlay\n",
                "items": [
                  {
                    "$type": "param",
                    "name": "zIndex",
                    "text": "The new z-index\n",
                    "type": "Number",
                    "src": {
                      "name": "0,117,24",
                      "text": "0,117,31,16",
                      "type": "0,117,16"
                    }
                  }
                ],
                "src": {
                  "name": "0,119,0",
                  "text": "0,116,8,36"
                }
              },
              {
                "$type": "method",
                "name": "show",
                "text": "Shows the underlay\n",
                "src": {
                  "name": "0,130,0",
                  "text": "0,128,8,19"
                }
              }
            ]
          },
          {
            "$type": "properties",
            "items": [
              {
                "$type": "property",
                "access": "protected",
                "name": "beforeShow",
                "text": "Called before the underlay is shown, immediately after its element is retrieved\nfrom the pool\n",
                "src": {
                  "access": "0,28,8",
                  "name": "0,32,0",
                  "text": "0,29,8,94"
                }
              }
            ]
          }
        ],
        "src": {
          "abstract": "0,8,4",
          "access": "0,7,4",
          "name": "0,10,0",
          "requires": "0,11,0",
          "text": "0,2,4,212"
        }
      }
    ]
  },
  "version": 1
}