{
  "$type": "doxi",
  "files": [
    "../../../ext/packages/charts/src/draw/SegmentTree.js"
  ],
  "global": {
    "$type": "namespace",
    "items": [
      {
        "$type": "class",
        "name": "Ext.draw.SegmentTree",
        "text": "This class we summarize the data and returns it when required.\n",
        "items": [
          {
            "$type": "methods",
            "items": [
              {
                "$type": "method",
                "access": "private",
                "name": "time",
                "items": [
                  {
                    "$type": "param",
                    "name": "result",
                    "type": "Object",
                    "src": {
                      "name": "0,12,24",
                      "type": "0,12,16"
                    }
                  },
                  {
                    "$type": "param",
                    "name": "last",
                    "type": "Number",
                    "src": {
                      "name": "0,13,24",
                      "type": "0,13,16"
                    }
                  },
                  {
                    "$type": "param",
                    "name": "dataX",
                    "type": "Number",
                    "src": {
                      "name": "0,14,24",
                      "type": "0,14,16"
                    }
                  },
                  {
                    "$type": "param",
                    "name": "dataOpen",
                    "type": "Number",
                    "src": {
                      "name": "0,15,24",
                      "type": "0,15,16"
                    }
                  },
                  {
                    "$type": "param",
                    "name": "dataHigh",
                    "type": "Number",
                    "src": {
                      "name": "0,16,24",
                      "type": "0,16,16"
                    }
                  },
                  {
                    "$type": "param",
                    "name": "dataLow",
                    "type": "Number",
                    "src": {
                      "name": "0,17,24",
                      "type": "0,17,16"
                    }
                  },
                  {
                    "$type": "param",
                    "name": "dataClose",
                    "type": "Number",
                    "src": {
                      "name": "0,18,24",
                      "type": "0,18,16"
                    }
                  }
                ],
                "src": {
                  "access": "0,11,8",
                  "name": "0,20,0"
                }
              },
              {
                "$type": "method",
                "access": "private",
                "name": "double",
                "items": [
                  {
                    "$type": "param",
                    "name": "result",
                    "type": "Object",
                    "src": {
                      "name": "0,136,24",
                      "type": "0,136,16"
                    }
                  },
                  {
                    "$type": "param",
                    "name": "position",
                    "type": "Number",
                    "src": {
                      "name": "0,137,24",
                      "type": "0,137,16"
                    }
                  },
                  {
                    "$type": "param",
                    "name": "dataX",
                    "type": "Number",
                    "src": {
                      "name": "0,138,24",
                      "type": "0,138,16"
                    }
                  },
                  {
                    "$type": "param",
                    "name": "dataOpen",
                    "type": "Number",
                    "src": {
                      "name": "0,139,24",
                      "type": "0,139,16"
                    }
                  },
                  {
                    "$type": "param",
                    "name": "dataHigh",
                    "type": "Number",
                    "src": {
                      "name": "0,140,24",
                      "type": "0,140,16"
                    }
                  },
                  {
                    "$type": "param",
                    "name": "dataLow",
                    "type": "Number",
                    "src": {
                      "name": "0,141,24",
                      "type": "0,141,16"
                    }
                  },
                  {
                    "$type": "param",
                    "name": "dataClose",
                    "type": "Number",
                    "src": {
                      "name": "0,142,24",
                      "type": "0,142,16"
                    }
                  }
                ],
                "src": {
                  "access": "0,135,8",
                  "name": "0,144,0"
                }
              },
              {
                "$type": "method",
                "access": "private",
                "name": "aggregateData",
                "items": [
                  {
                    "$type": "param",
                    "name": "dataX",
                    "type": "Number",
                    "src": {
                      "name": "0,222,24",
                      "type": "0,222,16"
                    }
                  },
                  {
                    "$type": "param",
                    "name": "dataOpen",
                    "type": "Number",
                    "src": {
                      "name": "0,223,24",
                      "type": "0,223,16"
                    }
                  },
                  {
                    "$type": "param",
                    "name": "dataHigh",
                    "type": "Number",
                    "src": {
                      "name": "0,224,24",
                      "type": "0,224,16"
                    }
                  },
                  {
                    "$type": "param",
                    "name": "dataLow",
                    "type": "Number",
                    "src": {
                      "name": "0,225,24",
                      "type": "0,225,16"
                    }
                  },
                  {
                    "$type": "param",
                    "name": "dataClose",
                    "type": "Number",
                    "src": {
                      "name": "0,226,24",
                      "type": "0,226,16"
                    }
                  },
                  {
                    "$type": "return",
                    "type": "Object",
                    "src": {
                      "type": "0,227,17"
                    }
                  }
                ],
                "src": {
                  "access": "0,220,8",
                  "name": "0,229,0"
                }
              },
              {
                "$type": "method",
                "access": "private",
                "name": "binarySearchMin",
                "items": [
                  {
                    "$type": "param",
                    "name": "items",
                    "type": "Object",
                    "src": {
                      "name": "0,279,24",
                      "type": "0,279,16"
                    }
                  },
                  {
                    "$type": "param",
                    "name": "start",
                    "type": "Number",
                    "src": {
                      "name": "0,280,24",
                      "type": "0,280,16"
                    }
                  },
                  {
                    "$type": "param",
                    "name": "end",
                    "type": "Number",
                    "src": {
                      "name": "0,281,24",
                      "type": "0,281,16"
                    }
                  },
                  {
                    "$type": "param",
                    "name": "key",
                    "type": "Number",
                    "src": {
                      "name": "0,282,24",
                      "type": "0,282,16"
                    }
                  },
                  {
                    "$type": "return",
                    "type": "*",
                    "src": {
                      "type": "0,283,17"
                    }
                  }
                ],
                "src": {
                  "access": "0,278,8",
                  "name": "0,285,0"
                }
              },
              {
                "$type": "method",
                "access": "private",
                "name": "binarySearchMax",
                "items": [
                  {
                    "$type": "param",
                    "name": "items",
                    "type": "Object",
                    "src": {
                      "name": "0,309,24",
                      "type": "0,309,16"
                    }
                  },
                  {
                    "$type": "param",
                    "name": "start",
                    "type": "Number",
                    "src": {
                      "name": "0,310,24",
                      "type": "0,310,16"
                    }
                  },
                  {
                    "$type": "param",
                    "name": "end",
                    "type": "Number",
                    "src": {
                      "name": "0,311,24",
                      "type": "0,311,16"
                    }
                  },
                  {
                    "$type": "param",
                    "name": "key",
                    "type": "Number",
                    "src": {
                      "name": "0,312,24",
                      "type": "0,312,16"
                    }
                  },
                  {
                    "$type": "return",
                    "type": "*",
                    "src": {
                      "type": "0,313,17"
                    }
                  }
                ],
                "src": {
                  "access": "0,308,8",
                  "name": "0,315,0"
                }
              },
              {
                "$type": "method",
                "name": "setData",
                "text": "Sets the data of the segment tree.\n",
                "items": [
                  {
                    "$type": "param",
                    "name": "dataX",
                    "type": "Number",
                    "src": {
                      "name": "0,343,24",
                      "type": "0,343,16"
                    }
                  },
                  {
                    "$type": "param",
                    "name": "dataOpen",
                    "type": "Number",
                    "src": {
                      "name": "0,344,24",
                      "type": "0,344,16"
                    }
                  },
                  {
                    "$type": "param",
                    "name": "dataHigh",
                    "type": "Number",
                    "src": {
                      "name": "0,345,24",
                      "type": "0,345,16"
                    }
                  },
                  {
                    "$type": "param",
                    "name": "dataLow",
                    "type": "Number",
                    "src": {
                      "name": "0,346,24",
                      "type": "0,346,16"
                    }
                  },
                  {
                    "$type": "param",
                    "name": "dataClose",
                    "type": "Number",
                    "src": {
                      "name": "0,347,24",
                      "type": "0,347,16"
                    }
                  }
                ],
                "src": {
                  "name": "0,349,0",
                  "text": "0,342,8,35"
                }
              },
              {
                "$type": "method",
                "name": "getAggregation",
                "text": "Returns the minimum range of data that fits the given range and step size.\n",
                "items": [
                  {
                    "$type": "param",
                    "name": "min",
                    "type": "Number",
                    "src": {
                      "name": "0,367,24",
                      "type": "0,367,16"
                    }
                  },
                  {
                    "$type": "param",
                    "name": "max",
                    "type": "Number",
                    "src": {
                      "name": "0,368,24",
                      "type": "0,368,16"
                    }
                  },
                  {
                    "$type": "param",
                    "name": "estStep",
                    "type": "Number",
                    "src": {
                      "name": "0,369,24",
                      "type": "0,369,16"
                    }
                  },
                  {
                    "$type": "return",
                    "text": "The aggregation information.\n",
                    "type": "Object",
                    "items": [
                      {
                        "$type": "property",
                        "name": "start",
                        "type": "Number",
                        "src": {
                          "name": "0,371,32",
                          "type": "0,371,17"
                        }
                      },
                      {
                        "$type": "property",
                        "name": "end",
                        "type": "Number",
                        "src": {
                          "name": "0,372,32",
                          "type": "0,372,17"
                        }
                      },
                      {
                        "$type": "property",
                        "name": "data",
                        "text": "The aggregated data\n",
                        "type": "Object",
                        "src": {
                          "name": "0,373,32",
                          "text": "0,373,37,20",
                          "type": "0,373,17"
                        }
                      }
                    ],
                    "src": {
                      "text": "0,370,25,29",
                      "type": "0,370,17"
                    }
                  }
                ],
                "src": {
                  "name": "0,375,0",
                  "text": "0,365,8,76"
                }
              }
            ]
          },
          {
            "$type": "properties",
            "items": [
              {
                "$type": "property",
                "access": "private",
                "name": "none",
                "src": {
                  "access": "0,215,8",
                  "name": "0,217,0"
                }
              }
            ]
          }
        ],
        "src": {
          "name": "0,4,0",
          "text": "0,2,4,63"
        }
      }
    ]
  },
  "version": 1
}