{
  "$type": "doxi",
  "files": [
    "../../../ext/packages/core/src/data/validator/Bound.js",
    "../../../ext/packages/core/src/data/validator/Validator.js",
    "../../../ext/packages/core/src/mixin/Factoryable.js"
  ],
  "global": {
    "$type": "namespace",
    "items": [
      {
        "$type": "class",
        "abstract": true,
        "alias": "data.validator.bound",
        "extends": "Ext.data.validator.Validator",
        "name": "Ext.data.validator.Bound",
        "text": "A superclass for a validator that checks if a value is within a certain range.\n",
        "items": [
          {
            "$type": "configs",
            "items": [
              {
                "$type": "property",
                "name": "min",
                "text": "The minimum length value.\n",
                "type": "Number",
                "src": {
                  "name": "0,13,26",
                  "text": "0,14,12,26",
                  "type": "0,13,18"
                }
              },
              {
                "$type": "property",
                "name": "max",
                "text": "The maximum length value.\n",
                "type": "Number",
                "src": {
                  "name": "0,19,26",
                  "text": "0,20,12,26",
                  "type": "0,19,18"
                }
              },
              {
                "$type": "property",
                "name": "emptyMessage",
                "text": "The error message to return when the value is empty.\n",
                "type": "String",
                "src": {
                  "name": "0,25,26",
                  "text": "0,26,12,53",
                  "type": "0,25,18"
                }
              },
              {
                "$type": "property",
                "name": "minOnlyMessage",
                "text": "The error message to return when the value is less than the minimum\nand only a minimum is specified.\n",
                "type": "String",
                "src": {
                  "name": "0,31,26",
                  "text": "0,32,12,101",
                  "type": "0,31,18"
                }
              },
              {
                "$type": "property",
                "name": "maxOnlyMessage",
                "text": "The error message to return when the value is more than the maximum\nand only a maximum is specified.\n",
                "type": "String",
                "src": {
                  "name": "0,38,26",
                  "text": "0,39,12,101",
                  "type": "0,38,18"
                }
              },
              {
                "$type": "property",
                "name": "bothMessage",
                "text": "The error message to return when the value is not in the specified range\nand both the minimum and maximum are specified.\n",
                "type": "String",
                "src": {
                  "name": "0,45,26",
                  "text": "0,46,12,121",
                  "type": "0,45,18"
                }
              }
            ]
          },
          {
            "$type": "methods",
            "items": [
              {
                "$type": "method",
                "name": "constructor",
                "text": "Creates new Validator.\n",
                "items": [
                  {
                    "$type": "param",
                    "name": "config",
                    "text": "A config object. A function may also be passed,\nwhich will be used as the {@link #validate} method for this validator.\n",
                    "type": "Object/Function",
                    "src": {
                      "name": "1,39,33",
                      "text": "1,39,40,48:1,40,8,71",
                      "type": "1,39,16"
                    }
                  }
                ],
                "src": {
                  "name": "1,42,0",
                  "text": "1,38,8,23"
                }
              },
              {
                "$type": "method",
                "name": "validate",
                "text": "Validates the passed value.\n",
                "items": [
                  {
                    "$type": "param",
                    "name": "value",
                    "text": "The value\n",
                    "type": "Object",
                    "src": {
                      "name": "1,53,24",
                      "text": "1,53,30,10",
                      "type": "1,53,16"
                    }
                  },
                  {
                    "$type": "param",
                    "name": "record",
                    "text": "The record\n",
                    "type": "Ext.data.Model",
                    "src": {
                      "name": "1,54,32",
                      "text": "1,54,39,11",
                      "type": "1,54,16"
                    }
                  },
                  {
                    "$type": "return",
                    "text": "`true` if the value is valid. A string may be returned if the value\nis not valid, to indicate an error message. Any other non `true` value indicates the value\nis not valid.\n",
                    "type": "Boolean/String",
                    "src": {
                      "text": "1,55,33,68:1,56,8,105",
                      "type": "1,55,17"
                    }
                  }
                ],
                "src": {
                  "name": "1,59,0",
                  "text": "1,52,8,28"
                }
              },
              {
                "$type": "method",
                "access": "private",
                "name": "clone",
                "text": "Creates a copy of this validator\n",
                "items": [
                  {
                    "$type": "return",
                    "text": "The clone\n",
                    "type": "Ext.data.validator.Validator",
                    "src": {
                      "text": "1,66,47,10",
                      "type": "1,66,17"
                    }
                  }
                ],
                "src": {
                  "access": "1,65,8",
                  "name": "1,68,0",
                  "text": "1,64,8,33"
                }
              }
            ]
          },
          {
            "$type": "properties",
            "items": [
              {
                "$type": "property",
                "name": "type",
                "text": "A string representation of this format.\n",
                "type": "String",
                "src": {
                  "name": "1,17,27",
                  "text": "1,18,8,40",
                  "type": "1,17,19"
                }
              },
              {
                "$type": "property",
                "name": "factoryConfig",
                "optional": true,
                "text": "If this property is specified by the target class of this mixin its properties are\nused to configure the created `{@link Ext.Factory}`.\n",
                "type": "Object",
                "src": {
                  "name": "2,295,28",
                  "text": "2,296,8,128",
                  "type": "2,295,19"
                }
              }
            ]
          }
        ],
        "src": {
          "abstract": "0,2,4",
          "alias": "0,7,0",
          "extends": "0,6,0",
          "name": "0,5,0",
          "text": "0,3,4,79"
        }
      }
    ]
  },
  "version": 1
}