{
  "$type": "doxi",
  "files": [
    "../../../ext/classic/classic/src/enums.js"
  ],
  "global": {
    "$type": "namespace",
    "items": [
      {
        "$type": "enum",
        "aliasPrefix": "feature.",
        "name": "Ext.enums.Layout.Ext.enums.Widget.Ext.enums.Plugin.Ext.enums.Feature",
        "text": "Enumeration of all ftypes.\n",
        "items": [
          {
            "$type": "properties"
          }
        ],
        "src": {
          "aliasPrefix": "0,21,29",
          "name": "0,21,11",
          "text": "0,22,4,27"
        }
      }
    ]
  },
  "version": 1
}