{
  "$type": "doxi",
  "files": [
    "../../../ext/packages/core/src/data/Request.js"
  ],
  "global": {
    "$type": "namespace",
    "items": [
      {
        "$type": "class",
        "name": "Ext.data.Request",
        "text": "Simple class that represents a Request that will be made by any {@link Ext.data.proxy.Server} subclass.\nAll this class does is standardize the representation of a Request as used by any ServerProxy subclass,\nit does not contain any actual logic or perform the request itself.\n",
        "items": [
          {
            "$type": "configs",
            "items": [
              {
                "$type": "property",
                "name": "action",
                "text": "The name of the action this Request represents. Usually one of \u0027create\u0027, \u0027read\u0027, \u0027update\u0027 or \u0027destroy\u0027.\n",
                "type": "String",
                "src": {
                  "name": "0,9,26",
                  "text": "0,10,12,104",
                  "type": "0,9,18"
                }
              },
              {
                "$type": "property",
                "name": "params",
                "text": "HTTP request params. The Proxy and its Writer have access to and can modify this object.\n",
                "type": "Object",
                "src": {
                  "name": "0,15,26",
                  "text": "0,16,12,89",
                  "type": "0,15,18"
                }
              },
              {
                "$type": "property",
                "name": "method",
                "text": "The HTTP method to use on this Request. Should be one of \u0027GET\u0027, \u0027POST\u0027, \u0027PUT\u0027 or \u0027DELETE\u0027.\n",
                "type": "String",
                "src": {
                  "name": "0,21,26",
                  "text": "0,22,12,91",
                  "type": "0,21,18"
                }
              },
              {
                "$type": "property",
                "name": "url",
                "text": "The url to access on this Request.\n",
                "type": "String",
                "src": {
                  "name": "0,27,26",
                  "text": "0,28,12,35",
                  "type": "0,27,18"
                }
              },
              {
                "$type": "property",
                "name": "operation",
                "text": "The operation this request belongs to.\n",
                "type": "Ext.data.operation.Operation",
                "src": {
                  "name": "0,33,48",
                  "text": "0,34,12,39",
                  "type": "0,33,18"
                }
              },
              {
                "$type": "property",
                "name": "proxy",
                "text": "The proxy this request belongs to.\n",
                "type": "Ext.data.proxy.Proxy",
                "src": {
                  "name": "0,39,40",
                  "text": "0,40,12,35",
                  "type": "0,39,18"
                }
              },
              {
                "$type": "property",
                "name": "disableCaching",
                "text": "Whether or not to disable caching for this request.\n",
                "type": "Boolean",
                "src": {
                  "name": "0,45,27",
                  "text": "0,46,12,52",
                  "type": "0,45,18"
                }
              },
              {
                "$type": "property",
                "name": "headers",
                "text": "Some requests (like XMLHttpRequests) want to send additional server headers.\nThis configuration can be set for those types of requests.\n",
                "type": "Object",
                "src": {
                  "name": "0,51,26",
                  "text": "0,52,12,136",
                  "type": "0,51,18"
                }
              },
              {
                "$type": "property",
                "name": "callbackKey",
                "text": "Some requests (like JsonP) want to send an additional key that contains\nthe name of the callback function.\n",
                "type": "String",
                "src": {
                  "name": "0,58,26",
                  "text": "0,59,12,107",
                  "type": "0,58,18"
                }
              },
              {
                "$type": "property",
                "access": "private",
                "name": "rawRequest",
                "text": "Set the raw request object (Ajax/JsonP/Other)\n",
                "type": "Ext.data.JsonP",
                "src": {
                  "access": "0,67,12",
                  "name": "0,65,34",
                  "text": "0,66,12,46",
                  "type": "0,65,18"
                }
              },
              {
                "$type": "property",
                "name": "jsonData",
                "text": "This is used by some write actions to attach data to the request without encoding it\nas a parameter.\n",
                "type": "Object",
                "src": {
                  "name": "0,72,26",
                  "text": "0,73,12,101",
                  "type": "0,72,18"
                }
              },
              {
                "$type": "property",
                "name": "xmlData",
                "text": "This is used by some write actions to attach data to the request without encoding it\nas a parameter, but instead sending it as XML.\n",
                "type": "Object",
                "src": {
                  "name": "0,79,26",
                  "text": "0,80,12,132",
                  "type": "0,79,18"
                }
              },
              {
                "$type": "property",
                "name": "withCredentials",
                "text": "This field is necessary when using cross-origin resource sharing.\n",
                "type": "Boolean",
                "src": {
                  "name": "0,86,27",
                  "text": "0,87,12,66",
                  "type": "0,86,18"
                }
              },
              {
                "$type": "property",
                "accessor": true,
                "name": "username",
                "text": "Most oData feeds require basic HTTP authentication. This configuration allows\nyou to specify the username.\n",
                "type": "String",
                "src": {
                  "accessor": "0,95,12",
                  "name": "0,92,26",
                  "text": "0,93,12,107",
                  "type": "0,92,18"
                }
              },
              {
                "$type": "property",
                "accessor": true,
                "name": "password",
                "text": "Most oData feeds require basic HTTP authentication. This configuration allows\nyou to specify the password.\n",
                "type": "String",
                "src": {
                  "accessor": "0,103,12",
                  "name": "0,100,26",
                  "text": "0,101,12,107",
                  "type": "0,100,18"
                }
              },
              {
                "$type": "property",
                "name": "binary",
                "text": "True to request binary data from the server.  This feature requires\nthe use of a binary reader such as {@link Ext.data.amf.Reader AMF Reader}\n",
                "type": "Boolean",
                "src": {
                  "name": "0,108,26",
                  "text": "0,109,11,142",
                  "type": "0,108,17"
                }
              }
            ]
          },
          {
            "$type": "methods",
            "items": [
              {
                "$type": "method",
                "name": "constructor",
                "text": "Creates the Request object.\n",
                "items": [
                  {
                    "$type": "param",
                    "name": "config",
                    "optional": true,
                    "text": "Config object.\n",
                    "type": "Object",
                    "src": {
                      "name": "0,128,25",
                      "text": "0,128,33,15",
                      "type": "0,128,16"
                    }
                  }
                ],
                "src": {
                  "name": "0,130,0",
                  "text": "0,127,8,28"
                }
              },
              {
                "$type": "method",
                "name": "getParam",
                "text": "Gets a single param from the {@link #params}.\n",
                "items": [
                  {
                    "$type": "param",
                    "name": "key",
                    "text": "The key for the param.\n",
                    "type": "String",
                    "src": {
                      "name": "0,136,24",
                      "text": "0,136,28,23",
                      "type": "0,136,16"
                    }
                  },
                  {
                    "$type": "return",
                    "text": "The value for the param. `undefined` if it does not exist.\n",
                    "type": "Object",
                    "src": {
                      "text": "0,137,25,59",
                      "type": "0,137,17"
                    }
                  }
                ],
                "src": {
                  "name": "0,139,0",
                  "text": "0,135,8,46"
                }
              },
              {
                "$type": "method",
                "name": "setParam",
                "text": "Sets a single param value in the {@link #params}.\n",
                "items": [
                  {
                    "$type": "param",
                    "name": "key",
                    "text": "The key to set.\n",
                    "type": "String",
                    "src": {
                      "name": "0,151,24",
                      "text": "0,151,28,16",
                      "type": "0,151,16"
                    }
                  },
                  {
                    "$type": "param",
                    "name": "value",
                    "text": "The value to set.\n",
                    "type": "Object",
                    "src": {
                      "name": "0,152,24",
                      "text": "0,152,30,18",
                      "type": "0,152,16"
                    }
                  }
                ],
                "src": {
                  "name": "0,154,0",
                  "text": "0,150,8,50"
                }
              }
            ]
          }
        ],
        "src": {
          "name": "0,6,0",
          "text": "0,2,4,276"
        }
      }
    ]
  },
  "version": 1
}