{
  "$type": "doxi",
  "files": [
    "../../../ext/packages/core/src/data/validator/Presence.js",
    "../../../ext/packages/core/src/data/validator/Validator.js",
    "../../../ext/packages/core/src/mixin/Factoryable.js"
  ],
  "global": {
    "$type": "namespace",
    "items": [
      {
        "$type": "class",
        "alias": "data.validator.presence",
        "extends": "Ext.data.validator.Validator",
        "name": "Ext.data.validator.Presence",
        "text": "Validates that the passed value is not `null` or `undefined` or `\u0027\u0027`.\n",
        "items": [
          {
            "$type": "configs",
            "items": [
              {
                "$type": "property",
                "name": "message",
                "text": "The error message to return when the value is not specified.\n",
                "type": "String",
                "src": {
                  "name": "0,12,26",
                  "text": "0,13,12,61",
                  "type": "0,12,18"
                }
              },
              {
                "$type": "property",
                "name": "allowEmpty",
                "text": "`true` to allow `\u0027\u0027` as a valid value.\n",
                "type": "Boolean",
                "src": {
                  "name": "0,18,27",
                  "text": "0,19,12,39",
                  "type": "0,18,18"
                }
              }
            ]
          },
          {
            "$type": "methods",
            "items": [
              {
                "$type": "method",
                "name": "constructor",
                "text": "Creates new Validator.\n",
                "items": [
                  {
                    "$type": "param",
                    "name": "config",
                    "text": "A config object. A function may also be passed,\nwhich will be used as the {@link #validate} method for this validator.\n",
                    "type": "Object/Function",
                    "src": {
                      "name": "1,39,33",
                      "text": "1,39,40,48:1,40,8,71",
                      "type": "1,39,16"
                    }
                  }
                ],
                "src": {
                  "name": "1,42,0",
                  "text": "1,38,8,23"
                }
              },
              {
                "$type": "method",
                "name": "validate",
                "text": "Validates the passed value.\n",
                "items": [
                  {
                    "$type": "param",
                    "name": "value",
                    "text": "The value\n",
                    "type": "Object",
                    "src": {
                      "name": "1,53,24",
                      "text": "1,53,30,10",
                      "type": "1,53,16"
                    }
                  },
                  {
                    "$type": "param",
                    "name": "record",
                    "text": "The record\n",
                    "type": "Ext.data.Model",
                    "src": {
                      "name": "1,54,32",
                      "text": "1,54,39,11",
                      "type": "1,54,16"
                    }
                  },
                  {
                    "$type": "return",
                    "text": "`true` if the value is valid. A string may be returned if the value\nis not valid, to indicate an error message. Any other non `true` value indicates the value\nis not valid.\n",
                    "type": "Boolean/String",
                    "src": {
                      "text": "1,55,33,68:1,56,8,105",
                      "type": "1,55,17"
                    }
                  }
                ],
                "src": {
                  "name": "1,59,0",
                  "text": "1,52,8,28"
                }
              },
              {
                "$type": "method",
                "access": "private",
                "name": "clone",
                "text": "Creates a copy of this validator\n",
                "items": [
                  {
                    "$type": "return",
                    "text": "The clone\n",
                    "type": "Ext.data.validator.Validator",
                    "src": {
                      "text": "1,66,47,10",
                      "type": "1,66,17"
                    }
                  }
                ],
                "src": {
                  "access": "1,65,8",
                  "name": "1,68,0",
                  "text": "1,64,8,33"
                }
              }
            ]
          },
          {
            "$type": "properties",
            "items": [
              {
                "$type": "property",
                "name": "type",
                "text": "A string representation of this format.\n",
                "type": "String",
                "src": {
                  "name": "1,17,27",
                  "text": "1,18,8,40",
                  "type": "1,17,19"
                }
              },
              {
                "$type": "property",
                "name": "factoryConfig",
                "optional": true,
                "text": "If this property is specified by the target class of this mixin its properties are\nused to configure the created `{@link Ext.Factory}`.\n",
                "type": "Object",
                "src": {
                  "name": "2,295,28",
                  "text": "2,296,8,128",
                  "type": "2,295,19"
                }
              }
            ]
          }
        ],
        "src": {
          "alias": "0,6,0",
          "extends": "0,5,0",
          "name": "0,4,0",
          "text": "0,2,4,70"
        }
      }
    ]
  },
  "version": 1
}