{
  "$type": "doxi",
  "files": [
    "../../../packages/exporter/src/exporter/Excel.js",
    "../../../packages/exporter/src/exporter/Base.js",
    "../../../ext/packages/core/src/mixin/Factoryable.js"
  ],
  "global": {
    "$type": "namespace",
    "items": [
      {
        "$type": "class",
        "alias": "exporter.excel",
        "extends": "Ext.exporter.Base",
        "name": "Ext.exporter.Excel",
        "requires": "Ext.exporter.file.excel.Workbook",
        "text": "This exporter produces XML Excel files for the supplied data.\n",
        "items": [
          {
            "$type": "configs",
            "items": [
              {
                "$type": "property",
                "name": "windowHeight",
                "text": "\nExcel window height\n",
                "type": "Number",
                "src": {
                  "name": "0,15,26",
                  "text": "0,16,12,21",
                  "type": "0,15,18"
                }
              },
              {
                "$type": "property",
                "name": "windowWidth",
                "text": "\nExcel window width\n",
                "type": "Number",
                "src": {
                  "name": "0,22,26",
                  "text": "0,23,12,20",
                  "type": "0,22,18"
                }
              },
              {
                "$type": "property",
                "name": "protectStructure",
                "text": "\nProtect structure\n",
                "type": "Boolean",
                "src": {
                  "name": "0,29,27",
                  "text": "0,30,12,19",
                  "type": "0,29,18"
                }
              },
              {
                "$type": "property",
                "name": "protectWindows",
                "text": "\nProtect windows\n",
                "type": "Boolean",
                "src": {
                  "name": "0,36,27",
                  "text": "0,37,12,17",
                  "type": "0,36,18"
                }
              },
              {
                "$type": "property",
                "name": "defaultStyle",
                "text": "\nDefault style applied to all cells\n",
                "type": "Ext.exporter.file.excel.Style",
                "src": {
                  "name": "0,43,49",
                  "text": "0,44,12,36",
                  "type": "0,43,18"
                }
              },
              {
                "$type": "property",
                "name": "titleStyle",
                "text": "\nDefault style applied to the title\n",
                "type": "Ext.exporter.file.excel.Style",
                "src": {
                  "name": "0,60,49",
                  "text": "0,61,12,36",
                  "type": "0,60,18"
                }
              },
              {
                "$type": "property",
                "name": "groupHeaderStyle",
                "text": "\nDefault style applied to the group headers\n",
                "type": "Ext.exporter.file.excel.Style",
                "src": {
                  "name": "0,79,49",
                  "text": "0,80,12,44",
                  "type": "0,79,18"
                }
              },
              {
                "$type": "property",
                "name": "groupFooterStyle",
                "text": "\nDefault style applied to the group footers\n",
                "type": "Ext.exporter.file.excel.Style",
                "src": {
                  "name": "0,94,49",
                  "text": "0,95,12,44",
                  "type": "0,94,18"
                }
              },
              {
                "$type": "property",
                "name": "tableHeaderStyle",
                "text": "\nDefault style applied to the table headers\n",
                "type": "Ext.exporter.file.excel.Style",
                "src": {
                  "name": "0,109,49",
                  "text": "0,110,12,44",
                  "type": "0,109,18"
                }
              },
              {
                "$type": "property",
                "name": "data",
                "text": "(required)\n\nData to be consumed by the exporter should look like this:\n\n     {\n         columns: [{\n             text: \u0027First column\u0027\n         },{\n             text: \u0027Second column\u0027,\n             columns: [{ // columns is optional\n                 text: \u00272nd column 1\u0027\n             },{\n                 text: \u00272nd column 2\u0027\n             }]\n         }],\n\n         groups: [{\n             // if the first level group is missing then the exported document will\n             // only contain column headers and no data\n\n             text: \u00271st level group\u0027, // text is optional; hidden when missing.\n             rows: [\n                 [1.23, 4.65, 3.23],\n                 [10.23, 7.45, 7.93]\n             ],\n             summary: [11.46, 14.10, 11.16] // summary is optional; hidden when missing.\n\n             groups: [{ // groups is optional; hidden when missing;\n                 text: \u00272nd level group\u0027,\n                 rows: [...],\n                 summary: [...],\n\n                 groups: [...]\n             }]\n         }]\n     }\n",
                "type": "Object",
                "src": {
                  "name": "1,25,26",
                  "text": "1,25,31,11:1,26,12,1026",
                  "type": "1,25,18"
                }
              },
              {
                "$type": "property",
                "name": "showSummary",
                "optional": true,
                "text": "\nShould group summaries be shown? The data this exporter can consume\nmay contain group summaries.\n",
                "type": "Boolean",
                "value": "true",
                "src": {
                  "name": "1,65,28",
                  "text": "1,66,12,98",
                  "type": "1,65,18",
                  "value": "1,65,40"
                }
              },
              {
                "$type": "property",
                "name": "title",
                "optional": true,
                "text": "\nTitle displayed above the table. Hidden when empty\n",
                "type": "String",
                "value": "\"\"",
                "src": {
                  "name": "1,72,27",
                  "text": "1,73,12,52",
                  "type": "1,72,18",
                  "value": "1,72,33"
                }
              },
              {
                "$type": "property",
                "name": "author",
                "optional": true,
                "text": "\nThe author that generated the file.\n",
                "type": "String",
                "value": "\"Sencha\"",
                "src": {
                  "name": "1,78,27",
                  "text": "1,79,12,37",
                  "type": "1,78,18",
                  "value": "1,78,34"
                }
              },
              {
                "$type": "property",
                "name": "fileName",
                "optional": true,
                "text": "\nName of the saved file\n",
                "type": "String",
                "value": "\"export.txt\"",
                "src": {
                  "name": "1,85,27",
                  "text": "1,86,12,24",
                  "type": "1,85,18",
                  "value": "1,85,36"
                }
              },
              {
                "$type": "property",
                "name": "charset",
                "optional": true,
                "text": "\nFile\u0027s charset\n",
                "type": "String",
                "value": "\"UTF-8\"",
                "src": {
                  "name": "1,92,27",
                  "text": "1,93,12,16",
                  "type": "1,92,18",
                  "value": "1,92,35"
                }
              }
            ]
          },
          {
            "$type": "methods",
            "items": [
              {
                "$type": "method",
                "name": "saveAs",
                "text": "Save the file on user\u0027s machine using the content generated by this exporter.\n",
                "src": {
                  "name": "1,112,0",
                  "text": "1,110,8,78"
                }
              },
              {
                "$type": "method",
                "name": "getColumnCount",
                "text": "Returns the number of columns available in the provided `columns` array.\nIt will parse the whole tree structure to count the bottom level columns too.\n",
                "items": [
                  {
                    "$type": "param",
                    "name": "columns",
                    "src": {
                      "name": "1,120,15"
                    }
                  },
                  {
                    "$type": "return",
                    "type": "Number",
                    "src": {
                      "type": "1,121,18"
                    }
                  }
                ],
                "src": {
                  "name": "1,123,0",
                  "text": "1,117,8,152"
                }
              }
            ]
          },
          {
            "$type": "properties",
            "items": [
              {
                "$type": "property",
                "name": "getContent",
                "text": "Generates the file content.\n",
                "src": {
                  "name": "1,107,0",
                  "text": "1,105,8,28"
                }
              },
              {
                "$type": "property",
                "name": "factoryConfig",
                "optional": true,
                "text": "If this property is specified by the target class of this mixin its properties are\nused to configure the created `{@link Ext.Factory}`.\n",
                "type": "Object",
                "src": {
                  "name": "2,295,28",
                  "text": "2,296,8,128",
                  "type": "2,295,19"
                }
              }
            ]
          }
        ],
        "src": {
          "alias": "0,7,0",
          "extends": "0,5,0",
          "name": "0,4,0",
          "requires": "0,10,0",
          "text": "0,2,4,62"
        }
      }
    ]
  },
  "version": 1
}