{
  "$type": "doxi",
  "files": [
    "../../../ext/packages/charts/src/draw/sprite/AnimationParser.js"
  ],
  "global": {
    "$type": "namespace",
    "items": [
      {
        "$type": "class",
        "access": "private",
        "name": "Ext.draw.sprite.AnimationParser",
        "requires": "Ext.draw.Color",
        "singleton": true,
        "text": "\nComputes an intermidiate value between two values of the same type for use in animations.\nCan have pre- and post- processor functions if the values need to be processed\nbefore an intermidiate value can be computed (parseInitial), or the computed value\nneeds to be processed before it can be used as a valid attribute value (serve).\n",
        "src": {
          "access": "0,2,4",
          "name": "0,3,11",
          "requires": "0,19,0",
          "singleton": "0,17,0",
          "text": "0,4,4,333"
        }
      }
    ]
  },
  "version": 1
}