{
  "$type": "doxi",
  "files": [
    "../../../ext/packages/core/src/dom/Shadow.js",
    "../../../ext/packages/core/src/dom/Underlay.js"
  ],
  "global": {
    "$type": "namespace",
    "items": [
      {
        "$type": "class",
        "access": "private",
        "alternateClassNames": "Ext.Shadow",
        "extends": "Ext.dom.Underlay",
        "name": "Ext.dom.Shadow",
        "text": "Simple class that can provide a shadow effect for any absolutely positioned {@link\nExt.dom.Element Element}.\n\nNot meant to be used directly. To apply a shadow to an Element use the\n{@link Ext.dom.Element#enableShadow enableShadow} method.\n",
        "items": [
          {
            "$type": "configs",
            "items": [
              {
                "$type": "property",
                "name": "mode",
                "text": "The shadow display mode.  Supports the following options:\n\n- sides : Shadow displays on both sides and bottom only\n- frame : Shadow displays equally on all four sides\n- drop : Traditional bottom-right drop shadow\n",
                "type": "String",
                "src": {
                  "name": "0,15,22",
                  "text": "0,16,8,213",
                  "type": "0,15,14"
                }
              },
              {
                "$type": "property",
                "name": "offset",
                "text": "The number of pixels to offset the shadow from the element\n",
                "type": "Number",
                "src": {
                  "name": "0,25,22",
                  "text": "0,26,8,59",
                  "type": "0,25,14"
                }
              },
              {
                "$type": "property",
                "name": "target",
                "text": "The target element\n",
                "type": "Ext.dom.Element",
                "src": {
                  "name": "1,14,31",
                  "text": "1,15,8,19",
                  "type": "1,14,14"
                }
              },
              {
                "$type": "property",
                "name": "zIndex",
                "text": "The CSS z-index to use for this underlay.  Defaults to the z-index of {@link #target}.\n",
                "type": "Number",
                "src": {
                  "name": "1,19,22",
                  "text": "1,20,8,87",
                  "type": "1,19,14"
                }
              }
            ]
          },
          {
            "$type": "methods",
            "items": [
              {
                "$type": "method",
                "name": "constructor",
                "text": "Creates new Shadow.\n",
                "items": [
                  {
                    "$type": "param",
                    "name": "config",
                    "text": "(optional) Config object.\n",
                    "type": "Object",
                    "src": {
                      "name": "0,34,24",
                      "text": "0,34,31,26",
                      "type": "0,34,16"
                    }
                  }
                ],
                "src": {
                  "name": "0,36,0",
                  "text": "0,33,8,20"
                }
              },
              {
                "$type": "method",
                "access": "private",
                "name": "getShadowSize",
                "text": "Returns the shadow size on each side of the element in standard CSS order: top, right, bottom, left;\n",
                "items": [
                  {
                    "$type": "return",
                    "text": "Top, right, bottom and left shadow size.\n",
                    "type": "Number[]",
                    "src": {
                      "text": "0,166,27,41",
                      "type": "0,166,17"
                    }
                  }
                ],
                "src": {
                  "access": "0,164,8",
                  "name": "0,168,0",
                  "text": "0,165,8,101"
                }
              },
              {
                "$type": "method",
                "name": "setOpacity",
                "text": "Sets the opacity of the shadow\n",
                "items": [
                  {
                    "$type": "param",
                    "name": "opacity",
                    "text": "The opacity\n",
                    "type": "Number",
                    "src": {
                      "name": "0,227,24",
                      "text": "0,227,32,12",
                      "type": "0,227,16"
                    }
                  }
                ],
                "src": {
                  "name": "0,229,0",
                  "text": "0,226,8,31"
                }
              },
              {
                "$type": "method",
                "access": "protected",
                "name": "getInsertionTarget",
                "text": "Returns the dom element that this underlay should be inserted before.\nDefaults to the target element\n",
                "items": [
                  {
                    "$type": "return",
                    "type": "Ext.dom.Element",
                    "src": {
                      "type": "1,38,17"
                    }
                  }
                ],
                "src": {
                  "access": "1,35,8",
                  "name": "1,40,0",
                  "text": "1,36,8,101"
                }
              },
              {
                "$type": "method",
                "access": "protected",
                "name": "getPool",
                "items": [
                  {
                    "$type": "return",
                    "type": "Ext.dom.UnderlayPool",
                    "src": {
                      "type": "1,46,17"
                    }
                  }
                ],
                "src": {
                  "access": "1,45,8",
                  "name": "1,48,0"
                }
              },
              {
                "$type": "method",
                "name": "hide",
                "text": "Hides the underlay\n",
                "src": {
                  "name": "1,56,0",
                  "text": "1,54,8,19"
                }
              },
              {
                "$type": "method",
                "name": "realign",
                "text": "Aligns the underlay to its target element\n",
                "items": [
                  {
                    "$type": "param",
                    "name": "x",
                    "optional": true,
                    "text": "The x position of the target element.  If not provided, the\nx position will be read from the DOM.\n",
                    "type": "Number",
                    "src": {
                      "name": "1,70,25",
                      "text": "1,70,28,60:1,71,8,38",
                      "type": "1,70,16"
                    }
                  },
                  {
                    "$type": "param",
                    "name": "y",
                    "optional": true,
                    "text": "The y position of the target element.  If not provided, the\ny position will be read from the DOM.\n",
                    "type": "Number",
                    "src": {
                      "name": "1,72,25",
                      "text": "1,72,28,60:1,73,8,38",
                      "type": "1,72,16"
                    }
                  },
                  {
                    "$type": "param",
                    "name": "width",
                    "optional": true,
                    "text": "The width of the target element.  If not provided, the\nwidth will be read from the DOM.\n",
                    "type": "Number",
                    "src": {
                      "name": "1,74,25",
                      "text": "1,74,32,55:1,75,8,33",
                      "type": "1,74,16"
                    }
                  },
                  {
                    "$type": "param",
                    "name": "height",
                    "optional": true,
                    "text": "The height of the target element.  If not provided, the\nheight will be read from the DOM.\n",
                    "type": "Number",
                    "src": {
                      "name": "1,76,25",
                      "text": "1,76,33,56:1,77,8,34",
                      "type": "1,76,16"
                    }
                  }
                ],
                "src": {
                  "name": "1,79,0",
                  "text": "1,69,8,42"
                }
              },
              {
                "$type": "method",
                "name": "setZIndex",
                "text": "Adjust the z-index of this underlay\n",
                "items": [
                  {
                    "$type": "param",
                    "name": "zIndex",
                    "text": "The new z-index\n",
                    "type": "Number",
                    "src": {
                      "name": "1,117,24",
                      "text": "1,117,31,16",
                      "type": "1,117,16"
                    }
                  }
                ],
                "src": {
                  "name": "1,119,0",
                  "text": "1,116,8,36"
                }
              },
              {
                "$type": "method",
                "name": "show",
                "text": "Shows the underlay\n",
                "src": {
                  "name": "1,130,0",
                  "text": "1,128,8,19"
                }
              }
            ]
          },
          {
            "$type": "properties",
            "items": [
              {
                "$type": "property",
                "name": "offsets",
                "text": "The offsets used for positioning the shadow element\nrelative to its target element\n",
                "type": "Object",
                "src": {
                  "name": "0,150,31",
                  "text": "0,150,39,52:0,151,12,31",
                  "type": "0,150,23"
                }
              },
              {
                "$type": "property",
                "name": "outerOffsets",
                "text": "Offsets that represent the union of the areas\nof the target element and the shadow combined.  Used by Ext.dom.Element for\nensuring that the shim (if present) extends under the full area of both elements.\n",
                "type": "Object",
                "src": {
                  "name": "0,156,31",
                  "text": "0,156,44,46:0,157,12,158",
                  "type": "0,156,23"
                }
              },
              {
                "$type": "property",
                "access": "private",
                "name": "boxShadowProperty",
                "text": "CSS property used to set the box shadow.\n",
                "src": {
                  "access": "0,186,8",
                  "name": "0,189,0",
                  "text": "0,187,8,41"
                }
              },
              {
                "$type": "property",
                "access": "protected",
                "name": "beforeShow",
                "text": "Called before the underlay is shown, immediately after its element is retrieved\nfrom the pool\n",
                "src": {
                  "access": "1,28,8",
                  "name": "1,32,0",
                  "text": "1,29,8,94"
                }
              }
            ]
          }
        ],
        "src": {
          "access": "0,8,4",
          "alternateClassNames": "0,12,0",
          "extends": "0,11,0",
          "name": "0,10,0",
          "text": "0,2,4,240"
        }
      }
    ]
  },
  "version": 1
}