{
  "$type": "doxi",
  "files": [
    "../../../ext/classic/classic/src/button/Manager.js"
  ],
  "global": {
    "$type": "namespace",
    "items": [
      {
        "$type": "class",
        "access": "private",
        "alternateClassNames": "Ext.ButtonToggleManager",
        "name": "Ext.button.Manager",
        "singleton": true,
        "items": [
          {
            "$type": "methods",
            "items": [
              {
                "$type": "method",
                "name": "getPressed",
                "text": "Gets the pressed button in the passed group or null\n",
                "items": [
                  {
                    "$type": "param",
                    "name": "groupName",
                    "type": "String",
                    "src": {
                      "name": "0,90,24",
                      "type": "0,90,16"
                    }
                  },
                  {
                    "$type": "return",
                    "type": "Ext.button.Button",
                    "src": {
                      "type": "0,91,17"
                    }
                  }
                ],
                "src": {
                  "name": "0,93,0",
                  "text": "0,89,8,52"
                }
              }
            ]
          }
        ],
        "src": {
          "access": "0,2,4",
          "alternateClassNames": "0,7,0",
          "name": "0,4,0",
          "singleton": "0,5,0"
        }
      }
    ]
  },
  "version": 1
}