{
  "$type": "doxi",
  "files": [
    "../../../ext/packages/core/src/app/bind/AbstractStub.js",
    "../../../ext/packages/core/src/util/Schedulable.js"
  ],
  "global": {
    "$type": "namespace",
    "items": [
      {
        "$type": "class",
        "access": "private",
        "extends": "Ext.util.Schedulable",
        "name": "Ext.app.bind.AbstractStub",
        "requires": "Ext.app.bind.Binding",
        "text": "This class manages bindings for a `Session` or `ViewModel`.\n",
        "items": [
          {
            "$type": "methods",
            "items": [
              {
                "$type": "method",
                "access": "private",
                "name": "getScheduler",
                "text": "This method returns the `Scheduler` for this item.\n",
                "items": [
                  {
                    "$type": "return",
                    "type": "Ext.util.Scheduler",
                    "src": {
                      "type": "1,37,21"
                    }
                  }
                ],
                "src": {
                  "access": "1,33,-1",
                  "name": "1,39,0",
                  "text": "1,36,12,51"
                }
              },
              {
                "$type": "method",
                "access": "private",
                "name": "schedule",
                "text": "Schedules this item with the associated `{@link Ext.util.Scheduler}`.\n",
                "src": {
                  "access": "1,33,-1",
                  "name": "1,46,0",
                  "text": "1,44,12,62"
                }
              },
              {
                "$type": "method",
                "access": "private",
                "name": "unschedule",
                "text": "Unschedules this item with the associated `{@link Ext.util.Scheduler}`.\n",
                "src": {
                  "access": "1,33,-1",
                  "name": "1,68,0",
                  "text": "1,66,12,64"
                }
              },
              {
                "$type": "method",
                "name": "sort",
                "text": "This method should be overridden by items that have dependencies to insert. The\nstandard form would be:\n\n     sort: function () {\n         this.getScheduler().sortItems(this.dependencies);\n     }\n\nThis example assumes the item has a \"dependencies\" array to pass to the scheduler.\n",
                "src": {
                  "name": "1,83,20",
                  "text": "1,84,12,280"
                }
              }
            ]
          },
          {
            "$type": "properties",
            "items": [
              {
                "$type": "property",
                "name": "owner",
                "readonly": true,
                "text": "This property is set at creation of ths stub and should not be changed.\n",
                "type": "Ext.data.Session/Ext.app.ViewModel",
                "src": {
                  "name": "0,26,59",
                  "readonly": "0,28,12",
                  "text": "0,27,12,72",
                  "type": "0,26,23"
                }
              }
            ]
          }
        ],
        "src": {
          "access": "0,3,4",
          "extends": "0,6,0",
          "name": "0,5,0",
          "requires": "0,9,0",
          "text": "0,2,4,60"
        }
      }
    ]
  },
  "version": 1
}