{
  "$type": "doxi",
  "files": [
    "../../../ext/classic/classic/src/container/Monitor.js"
  ],
  "global": {
    "$type": "namespace",
    "items": [
      {
        "$type": "class",
        "access": "private",
        "name": "Ext.container.Monitor",
        "text": "This is a utility class for being able to track all items of a particular type\ninside any level at a container. This can be used in favour of bubbling add/remove events\nwhich can add a large perf cost when implemented globally\n",
        "src": {
          "access": "0,5,4",
          "name": "0,7,0",
          "text": "0,2,4,227"
        }
      }
    ]
  },
  "version": 1
}