{
  "$type": "doxi",
  "files": [
    "../../../ext/packages/core/src/env/Ready.js"
  ],
  "global": {
    "$type": "namespace",
    "items": [
      {
        "$type": "class",
        "access": "private",
        "name": "Ext.env.Ready",
        "since": "5.0.0",
        "singleton": true,
        "text": "This class manages ready detection and handling. Direct use of this class is not\nrecommended. Instead use `Ext.onReady`:\n\n     Ext.onReady(function () {\n         // DOM and Framework are ready...\n     });\n\n## DOM Ready\n\nThe lowest-level of readiness is DOM readiness. This level implies only that the document\nbody exists. Many things require the DOM to be ready for manipulation. If that is all\nthat is required, the `Ext.onDocumentReady` method can be called to register a callback\nto be called as soon as the DOM is ready:\n\n     Ext.onDocumentReady(function () {\n         // the document body is ready\n     });\n\n## Framework Ready\n\nIn production builds of applications it is common to have all of the code loaded before\nDOM ready, so the need to wait for \"onReady\" is often confused with only that concern.\nThis is easy to understand, at least in part because historically `Ext.onReady` only\nwaited for DOM ready.\n\nWith the introduction of `{@link Ext.Loader}`, however, it became common for DOM ready to occur\nin the middle of dynamically loading code. If application code were executed at that\ntime, any use of the yet-to-be-loaded classes would throw errors. As a consequence of\nthis, the `Ext.onReady` mechanism was extended to wait for both DOM ready *and* all of\nthe required classes to be loaded.\n\nWhen the framework enters or leaves a state where it is not ready (for example, the\nfirst dynamic load is requested or last load completes), `{@link Ext.env.Ready}` is informed.\nFor example:\n\n     Ext.env.Ready.block();\n\n     //...\n\n     Ext.env.Ready.unblock();\n\nWhen there are no blocks and the DOM is ready, the Framework is ready and the \"onReady\"\ncallbacks are called.\n\nPriority can be used to control the ordering of onReady listeners, for example:\n\n    Ext.onReady(function() {\n\n    }, null, {\n        priority: 100\n    });\n\nReady listeners with higher priorities will run sooner than those with lower priorities,\nthe default priority being `0`.  Internally the framework reserves priorities of 1000\nor greater, and -1000 or lesser for onReady handlers that must run before or after\nany application code.  Applications should stick to using priorities in the -999 - 999\nrange. The following priorities are currently in use by the framework:\n\n- Element_scroll rtl override: `1001`\n- Event system initialization: `2000`\n- Ext.dom.Element: `1500`\n",
        "items": [
          {
            "$type": "methods",
            "items": [
              {
                "$type": "method",
                "access": "private",
                "name": "bind",
                "text": "Binds the appropriate browser event for checking if the DOM has loaded.\n",
                "src": {
                  "access": "0,162,8",
                  "name": "0,164,0",
                  "text": "0,161,8,72"
                }
              },
              {
                "$type": "method",
                "access": "private",
                "name": "fireReady",
                "text": "This method starts the process of firing the ready event. This may be delayed based\non the `{@link #delay delay}` property.\n",
                "src": {
                  "access": "0,195,8",
                  "name": "0,197,0",
                  "text": "0,193,8,109"
                }
              },
              {
                "$type": "method",
                "access": "private",
                "name": "handleReady",
                "text": "This method iterates over the `{@link #listeners listeners}` and invokes them. This advances the\n`{@link #state state}` from 1 to 2 and ensure the proper subset of `{@link #listeners listeners}` are invoked.\n",
                "src": {
                  "access": "0,228,8",
                  "name": "0,230,0",
                  "text": "0,226,8,155"
                }
              },
              {
                "$type": "method",
                "access": "private",
                "name": "handleReadySoon",
                "text": "This method is called to schedule a call to `{@link #handleReady handleReady}` using a `setTimeout`. It\nensures that only one timer is pending.\n",
                "items": [
                  {
                    "$type": "param",
                    "name": "delay",
                    "optional": true,
                    "text": "If passed, this overrides the `{@link #delay delay}` property.\n",
                    "type": "Number",
                    "src": {
                      "name": "0,245,25",
                      "text": "0,245,32,48",
                      "type": "0,245,16"
                    }
                  }
                ],
                "src": {
                  "access": "0,246,8",
                  "name": "0,248,0",
                  "text": "0,243,8,123"
                }
              },
              {
                "$type": "method",
                "name": "invoke",
                "text": "This method invokes the given `listener` instance based on its options.\n",
                "items": [
                  {
                    "$type": "param",
                    "name": "listener",
                    "type": "Object",
                    "src": {
                      "name": "0,261,24",
                      "type": "0,261,16"
                    }
                  }
                ],
                "src": {
                  "name": "0,263,0",
                  "text": "0,260,8,72"
                }
              },
              {
                "$type": "method",
                "name": "invokeAll",
                "text": "Invokes as many listeners as are appropriate given the current state. This should\nonly be called when DOM ready is achieved. The remaining business of `{@link #blocks blocks}` is\nhandled here.\n",
                "src": {
                  "name": "0,282,0",
                  "text": "0,278,8,177"
                }
              },
              {
                "$type": "method",
                "access": "private",
                "name": "makeListener",
                "text": "This method wraps the given listener pieces in a proper object for the `{@link #listeners listeners}`\narray and `{@link #invoke invoke}` methods.\n",
                "items": [
                  {
                    "$type": "param",
                    "name": "fn",
                    "text": "The method to call.\n",
                    "type": "Function",
                    "src": {
                      "name": "0,332,26",
                      "text": "0,332,29,20",
                      "type": "0,332,16"
                    }
                  },
                  {
                    "$type": "param",
                    "name": "scope",
                    "optional": true,
                    "text": "The scope (`this` reference) in which the `fn` executes.\nDefaults to the browser window.\n",
                    "type": "Object",
                    "src": {
                      "name": "0,333,25",
                      "text": "0,333,32,57:0,334,8,32",
                      "type": "0,333,16"
                    }
                  },
                  {
                    "$type": "param",
                    "name": "options",
                    "optional": true,
                    "text": "An object with extra options.\n",
                    "type": "Object",
                    "items": [
                      {
                        "$type": "property",
                        "name": "delay",
                        "optional": true,
                        "text": "A number of milliseconds to delay.\n",
                        "type": "Number",
                        "value": "0",
                        "src": {
                          "name": "0,336,33",
                          "text": "0,336,42,35",
                          "type": "0,336,16",
                          "value": "0,336,39"
                        }
                      },
                      {
                        "$type": "property",
                        "name": "priority",
                        "optional": true,
                        "text": "Relative priority of this callback. A larger\nnumber will result in the callback being sorted before the others.  Priorities\n1000 or greater and -1000 or lesser are reserved for internal framework use only.\n",
                        "type": "Number",
                        "value": "0",
                        "src": {
                          "name": "0,337,33",
                          "text": "0,337,45,45:0,338,8,161",
                          "type": "0,337,16",
                          "value": "0,337,42"
                        }
                      },
                      {
                        "$type": "property",
                        "name": "dom",
                        "optional": true,
                        "text": "Pass `true` to only wait for DOM ready, `false`\nmeans full Framework and DOM readiness.\n",
                        "type": "Boolean",
                        "value": "false",
                        "src": {
                          "name": "0,340,34",
                          "text": "0,340,45,48:0,341,8,40",
                          "type": "0,340,16",
                          "value": "0,340,38"
                        }
                      }
                    ],
                    "src": {
                      "name": "0,335,25",
                      "text": "0,335,34,30",
                      "type": "0,335,16"
                    }
                  },
                  {
                    "$type": "return",
                    "text": "The listener instance.\n",
                    "type": "Object",
                    "src": {
                      "text": "0,342,25,23",
                      "type": "0,342,17"
                    }
                  }
                ],
                "src": {
                  "access": "0,343,8",
                  "name": "0,345,0",
                  "text": "0,330,8,111"
                }
              },
              {
                "$type": "method",
                "access": "private",
                "name": "on",
                "text": "Adds a listener to be notified when the document is ready (before onload and before\nimages are loaded).\n",
                "items": [
                  {
                    "$type": "param",
                    "name": "fn",
                    "text": "The method to call.\n",
                    "type": "Function",
                    "src": {
                      "name": "0,364,26",
                      "text": "0,364,29,20",
                      "type": "0,364,16"
                    }
                  },
                  {
                    "$type": "param",
                    "name": "scope",
                    "optional": true,
                    "text": "The scope (`this` reference) in which the `fn` executes.\nDefaults to the browser window.\n",
                    "type": "Object",
                    "src": {
                      "name": "0,365,25",
                      "text": "0,365,32,57:0,366,8,32",
                      "type": "0,365,16"
                    }
                  },
                  {
                    "$type": "param",
                    "name": "options",
                    "optional": true,
                    "text": "An object with extra options.\n",
                    "type": "Object",
                    "items": [
                      {
                        "$type": "property",
                        "name": "delay",
                        "optional": true,
                        "text": "A number of milliseconds to delay.\n",
                        "type": "Number",
                        "value": "0",
                        "src": {
                          "name": "0,368,33",
                          "text": "0,368,42,35",
                          "type": "0,368,16",
                          "value": "0,368,39"
                        }
                      },
                      {
                        "$type": "property",
                        "name": "priority",
                        "optional": true,
                        "text": "Relative priority of this callback. A larger\nnumber will result in the callback being sorted before the others.  Priorities\n1000 or greater and -1000 or lesser are reserved for internal framework use only.\n",
                        "type": "Number",
                        "value": "0",
                        "src": {
                          "name": "0,369,33",
                          "text": "0,369,45,45:0,370,8,161",
                          "type": "0,369,16",
                          "value": "0,369,42"
                        }
                      },
                      {
                        "$type": "property",
                        "name": "dom",
                        "optional": true,
                        "text": "Pass `true` to only wait for DOM ready, `false`\nmeans full Framework and DOM readiness.\n",
                        "type": "Boolean",
                        "value": "false",
                        "src": {
                          "name": "0,372,34",
                          "text": "0,372,45,48:0,373,8,40",
                          "type": "0,372,16",
                          "value": "0,372,38"
                        }
                      }
                    ],
                    "src": {
                      "name": "0,367,25",
                      "text": "0,367,34,30",
                      "type": "0,367,16"
                    }
                  }
                ],
                "src": {
                  "access": "0,374,8",
                  "name": "0,376,0",
                  "text": "0,361,8,105"
                }
              },
              {
                "$type": "method",
                "access": "private",
                "name": "onReadyEvent",
                "text": "This is a generic event handler method attached to all of the various events that\nmay indicate ready state. The first call to this method indicates ready state has\nbeen achieved.\n",
                "items": [
                  {
                    "$type": "param",
                    "name": "ev",
                    "optional": true,
                    "text": "The event instance.\n",
                    "type": "Event",
                    "src": {
                      "name": "0,406,24",
                      "text": "0,406,28,20",
                      "type": "0,406,16"
                    }
                  }
                ],
                "src": {
                  "access": "0,407,8",
                  "name": "0,409,0",
                  "text": "0,403,8,179"
                }
              },
              {
                "$type": "method",
                "access": "private",
                "name": "sortFn",
                "text": "Sorts the `{@link #listeners listeners}` array by `phase` and `priority` such that the first listener\nto fire can be determined using `pop` on the `{@link #listeners listeners}` array.\n",
                "items": [
                  {
                    "$type": "param",
                    "name": "a",
                    "src": {
                      "name": "0,443,0"
                    }
                  },
                  {
                    "$type": "param",
                    "name": "b",
                    "src": {
                      "name": "0,443,0"
                    }
                  }
                ],
                "src": {
                  "access": "0,441,8",
                  "name": "0,443,0",
                  "text": "0,439,8,147"
                }
              },
              {
                "$type": "method",
                "access": "private",
                "name": "unbind",
                "text": "This method is called to remove all event listeners that may have been set up to\ndetect ready state.\n",
                "src": {
                  "access": "0,469,8",
                  "name": "0,471,0",
                  "text": "0,467,8,101"
                }
              },
              {
                "$type": "method",
                "access": "private",
                "name": "pollScroll",
                "text": "This strategy has minimal benefits for Sencha solutions that build\nthemselves (ie. minimal initial page markup). However, progressively-enhanced\npages (with image content and/or embedded frames) will benefit the most\nfrom it. Browser timer resolution is too poor to ensure a doScroll check\nmore than once on a page loaded with minimal assets (the readystatechange\nevent \u0027complete\u0027 usually beats the doScroll timer on a \u0027lightly-loaded\u0027\ninitial document).\n",
                "src": {
                  "access": "0,527,16",
                  "name": "0,529,0",
                  "text": "0,520,16,455"
                }
              },
              {
                "$type": "method",
                "access": "private",
                "name": "onReadyStateChange",
                "text": "This event handler is called when the readyState changes.\n",
                "src": {
                  "access": "0,601,16",
                  "name": "0,603,0",
                  "text": "0,600,16,58"
                }
              }
            ]
          },
          {
            "$type": "properties",
            "items": [
              {
                "$type": "property",
                "access": "private",
                "name": "blocks",
                "text": "The number of Framework readiness blocks.\n",
                "type": "Number",
                "src": {
                  "access": "0,77,8",
                  "name": "0,76,27",
                  "text": "0,76,34,42",
                  "type": "0,76,19"
                }
              },
              {
                "$type": "property",
                "access": "private",
                "name": "bound",
                "text": "This property stores the state of event listeners bound\nto the document or window to detect ready state.\n",
                "type": "Number",
                "src": {
                  "access": "0,84,8",
                  "name": "0,82,27",
                  "text": "0,82,33,56:0,83,8,49",
                  "type": "0,82,19"
                }
              },
              {
                "$type": "property",
                "access": "private",
                "name": "delay",
                "optional": true,
                "text": "This allows the DOM listener thread to complete (usually desirable with mobWebkit,\nGecko) before firing the entire onReady chain (high stack load on Loader). For mobile\ndevices when running from Home Screen, the splash screen will not disappear until\nall external resource requests finish. This delay clears the splash screen.\n",
                "type": "Number",
                "value": "1",
                "src": {
                  "access": "0,94,8",
                  "name": "0,89,28",
                  "text": "0,90,8,327",
                  "type": "0,89,19",
                  "value": "0,89,34"
                }
              },
              {
                "$type": "property",
                "access": "private",
                "name": "events",
                "text": "An array of events that have triggered ready state. This\nis for diagnostic purposes only and is only available in debug builds.\nAn array\n",
                "type": "Event[]",
                "src": {
                  "access": "0,103,8",
                  "name": "0,100,28",
                  "text": "0,100,35,57:0,101,8,80",
                  "type": "0,100,19"
                }
              },
              {
                "$type": "property",
                "access": "private",
                "name": "firing",
                "text": "This property is `true` when we currently calling the\nlisteners.\n",
                "type": "Boolean",
                "src": {
                  "access": "0,111,8",
                  "name": "0,109,28",
                  "text": "0,109,35,54:0,110,8,11",
                  "type": "0,109,19"
                }
              },
              {
                "$type": "property",
                "access": "private",
                "name": "generation",
                "text": "A counter of the number of mutations of `{@link #listeners listeners}`.\n",
                "type": "Number",
                "src": {
                  "access": "0,117,8",
                  "name": "0,116,27",
                  "text": "0,116,38,53",
                  "type": "0,116,19"
                }
              },
              {
                "$type": "property",
                "access": "private",
                "name": "listeners",
                "text": "The set of listeners waiting for ready.\n",
                "type": "Object[]",
                "src": {
                  "access": "0,123,8",
                  "name": "0,122,29",
                  "text": "0,122,39,40",
                  "type": "0,122,19"
                }
              },
              {
                "$type": "property",
                "access": "private",
                "name": "nextId",
                "text": "A counter so we can assign listeners an `id` to keep\nthem in FIFO order.\n",
                "type": "Number",
                "src": {
                  "access": "0,130,8",
                  "name": "0,128,27",
                  "text": "0,128,34,53:0,129,8,20",
                  "type": "0,128,19"
                }
              },
              {
                "$type": "property",
                "access": "private",
                "name": "sortGeneration",
                "text": "A captured value of `{@link #generation generation}` that indicates\nwhen the `{@link #listeners listeners}` were last sorted.\n",
                "type": "Number",
                "src": {
                  "access": "0,137,8",
                  "name": "0,135,27",
                  "text": "0,135,42,48:0,136,8,39",
                  "type": "0,135,19"
                }
              },
              {
                "$type": "property",
                "access": "private",
                "name": "state",
                "text": "Holds the current ready state as managed by this class. The values possible are:\n\n  * 0 - Not ready.\n  * 1 - Ready detected but listeners are not yet notified.\n  * 2 - Ready detected and listeners are notified. See also `{@link #firing firing}`.\n",
                "type": "Number",
                "src": {
                  "access": "0,149,8",
                  "name": "0,142,27",
                  "text": "0,143,8,231",
                  "type": "0,142,19"
                }
              },
              {
                "$type": "property",
                "access": "private",
                "name": "timer",
                "text": "The handle from `setTimeout` for the delayed notification\nof ready.\n",
                "type": "Object",
                "src": {
                  "access": "0,156,8",
                  "name": "0,154,27",
                  "text": "0,154,33,58:0,155,8,10",
                  "type": "0,154,19"
                }
              },
              {
                "$type": "property",
                "access": "private",
                "name": "scrollTimer",
                "text": "Timer for doScroll polling\n",
                "src": {
                  "access": "0,510,16",
                  "name": "0,512,0",
                  "text": "0,509,16,27"
                }
              },
              {
                "$type": "property",
                "access": "private",
                "name": "readyStatesRe",
                "src": {
                  "access": "0,515,16",
                  "name": "0,517,0"
                }
              }
            ]
          }
        ],
        "src": {
          "access": "0,66,4",
          "name": "0,64,11",
          "since": "0,67,11",
          "singleton": "0,65,4",
          "text": "0,2,4,2344"
        }
      }
    ]
  },
  "version": 1
}