{
  "$type": "doxi",
  "files": [
    "../../../ext/classic/classic/src/form/action/Load.js",
    "../../../ext/classic/classic/src/form/action/Action.js"
  ],
  "global": {
    "$type": "namespace",
    "items": [
      {
        "$type": "class",
        "alias": "formaction.load",
        "alternateClassNames": "Ext.form.Action.Load",
        "extends": "Ext.form.action.Action",
        "name": "Ext.form.action.Load",
        "requires": "Ext.data.Connection",
        "text": "A class which handles loading of data from a server into the Fields of an {@link Ext.form.Basic}.\n\nInstances of this class are only created by a {@link Ext.form.Basic Form} when {@link Ext.form.Basic#load load}ing.\n\n## Response Packet Criteria\n\nA response packet **must** contain:\n\n  - **`{@link #success success}`** property : Boolean\n  - **`data`** property : Object\n\nThe `data` property contains the values of Fields to load. The individual value object for each Field is passed to\nthe Field\u0027s {@link Ext.form.field.Field#setValue setValue} method.\n\n## JSON Packets\n\nBy default, response packets are assumed to be JSON, so for the following form load call:\n\n    var myFormPanel \u003d new Ext.form.Panel({\n        title: \u0027Client and routing info\u0027,\n        renderTo: Ext.getBody(),\n        defaults: {\n            xtype: \u0027textfield\u0027\n        },\n        items: [{\n            fieldLabel: \u0027Client\u0027,\n            name: \u0027clientName\u0027\n        }, {\n            fieldLabel: \u0027Port of loading\u0027,\n            name: \u0027portOfLoading\u0027\n        }, {\n            fieldLabel: \u0027Port of discharge\u0027,\n            name: \u0027portOfDischarge\u0027\n        }]\n    });\n    myFormPanel.{@link Ext.form.Panel#getForm getForm}().{@link Ext.form.Basic#load load}({\n        url: \u0027/getRoutingInfo.php\u0027,\n        params: {\n            consignmentRef: myConsignmentRef\n        },\n        failure: function(form, action) {\n            Ext.Msg.alert(\"Load failed\", action.result.errorMessage);\n        }\n    });\n\na **success response** packet may look like this:\n\n    {\n        success: true,\n        data: {\n            clientName: \"Fred. Olsen Lines\",\n            portOfLoading: \"FXT\",\n            portOfDischarge: \"OSL\"\n        }\n    }\n\nwhile a **failure response** packet may look like this:\n\n    {\n        success: false,\n        errorMessage: \"Consignment reference not found\"\n    }\n\nOther data may be placed into the response for processing the {@link Ext.form.Basic Form}\u0027s callback or event handler\nmethods. The object decoded from this JSON is available in the {@link Ext.form.action.Action#result result} property.\n",
        "items": [
          {
            "$type": "configs",
            "items": [
              {
                "$type": "property",
                "name": "form",
                "text": "The {@link Ext.form.Basic BasicForm} instance that is invoking this Action. Required.\n",
                "type": "Ext.form.Basic",
                "src": {
                  "name": "1,17,30",
                  "text": "1,18,8,86",
                  "type": "1,17,14"
                }
              },
              {
                "$type": "property",
                "name": "url",
                "text": "The URL that the Action is to invoke. Will default to the {@link Ext.form.Basic#url url} configured on the\n{@link #form}.\n",
                "type": "String",
                "src": {
                  "name": "1,22,22",
                  "text": "1,23,8,122",
                  "type": "1,22,14"
                }
              },
              {
                "$type": "property",
                "name": "reset",
                "text": "When set to **true**, causes the Form to be {@link Ext.form.Basic#reset reset} on Action success. If specified,\nthis happens before the {@link #success} callback is called and before the Form\u0027s\n{@link Ext.form.Basic#actioncomplete actioncomplete} event fires.\n",
                "type": "Boolean",
                "src": {
                  "name": "1,28,23",
                  "text": "1,29,8,260",
                  "type": "1,28,14"
                }
              },
              {
                "$type": "property",
                "name": "method",
                "text": "The HTTP method to use to access the requested URL.\nDefaults to the {@link Ext.form.Basic#method BasicForm\u0027s method}, or \u0027POST\u0027 if not specified.\n",
                "type": "String",
                "src": {
                  "name": "1,35,22",
                  "text": "1,36,8,146",
                  "type": "1,35,14"
                }
              },
              {
                "$type": "property",
                "name": "params",
                "text": "Extra parameter values to pass. These are added to the Form\u0027s {@link Ext.form.Basic#baseParams} and passed to the\nspecified URL along with the Form\u0027s input fields.\n\nParameters are encoded as standard HTTP parameters using {@link Ext#urlEncode Ext.Object.toQueryString}.\n",
                "type": "Object/String",
                "src": {
                  "name": "1,41,29",
                  "text": "1,42,8,270",
                  "type": "1,41,14"
                }
              },
              {
                "$type": "property",
                "name": "headers",
                "text": "Extra headers to be sent in the AJAX request for submit and load actions.\nSee {@link Ext.data.proxy.Ajax#headers}.\n\n**Note:** Headers are not sent during file upload.\n",
                "type": "Object",
                "src": {
                  "name": "1,49,22",
                  "text": "1,50,8,167",
                  "type": "1,49,14"
                }
              },
              {
                "$type": "property",
                "name": "timeout",
                "text": "The number of seconds to wait for a server response before failing with the {@link #failureType} as\n{@link Ext.form.action.Action#CONNECT_FAILURE}. If not specified, defaults to the configured\n{@link Ext.form.Basic#timeout timeout} of the {@link #form}.\n",
                "type": "Number",
                "src": {
                  "name": "1,57,22",
                  "text": "1,58,8,254",
                  "type": "1,57,14"
                }
              },
              {
                "$type": "property",
                "name": "success",
                "text": "The function to call when a valid success return packet is received.\n",
                "type": "Function/String",
                "items": [
                  {
                    "$type": "property",
                    "name": "form",
                    "text": "The form that requested the action\n",
                    "type": "Ext.form.Basic",
                    "src": {
                      "name": "1,66,38",
                      "text": "1,66,43,35",
                      "type": "1,66,14"
                    }
                  },
                  {
                    "$type": "property",
                    "name": "action",
                    "text": "The Action class. The {@link #result} property of this object may\nbe examined to perform custom post-processing.\n",
                    "type": "Ext.form.action.Action",
                    "src": {
                      "name": "1,67,46",
                      "text": "1,67,53,66:1,68,8,48",
                      "type": "1,67,14"
                    }
                  }
                ],
                "src": {
                  "name": "1,64,31",
                  "text": "1,65,8,69",
                  "type": "1,64,14"
                }
              },
              {
                "$type": "property",
                "name": "failure",
                "text": "The function to call when a failure packet was received, or when an error\noccurred in the Ajax communication.\n",
                "type": "Function/String",
                "items": [
                  {
                    "$type": "property",
                    "name": "form",
                    "text": "The form that requested the action\n",
                    "type": "Ext.form.Basic",
                    "src": {
                      "name": "1,77,38",
                      "text": "1,77,43,35",
                      "type": "1,77,14"
                    }
                  },
                  {
                    "$type": "property",
                    "name": "action",
                    "text": "The Action class. If an Ajax error\noccurred, the failure type will be in {@link #failureType}. The {@link #result}\nproperty of this object may be examined to perform custom post-processing.\n",
                    "type": "Ext.form.action.Action",
                    "src": {
                      "name": "1,78,46",
                      "text": "1,78,53,35:1,79,8,156",
                      "type": "1,78,14"
                    }
                  }
                ],
                "src": {
                  "name": "1,74,31",
                  "text": "1,75,8,110",
                  "type": "1,74,14"
                }
              },
              {
                "$type": "property",
                "name": "scope",
                "text": "The scope in which to call the configured #success and #failure callback functions\n(the `this` reference for the callback functions).\n",
                "type": "Object",
                "src": {
                  "name": "1,86,22",
                  "text": "1,87,8,134",
                  "type": "1,86,14"
                }
              },
              {
                "$type": "property",
                "name": "waitMsg",
                "text": "The message to be displayed by a call to {@link Ext.window.MessageBox#wait} during the time the action is being\nprocessed.\n",
                "type": "String",
                "src": {
                  "name": "1,92,22",
                  "text": "1,93,8,123",
                  "type": "1,92,14"
                }
              },
              {
                "$type": "property",
                "name": "waitTitle",
                "text": "The title to be displayed by a call to {@link Ext.window.MessageBox#wait} during the time the action is being\nprocessed.\n",
                "type": "String",
                "src": {
                  "name": "1,98,22",
                  "text": "1,99,8,121",
                  "type": "1,98,14"
                }
              },
              {
                "$type": "property",
                "name": "submitEmptyText",
                "text": "If set to true, the emptyText value will be sent with the form when it is submitted.\n",
                "type": "Boolean",
                "src": {
                  "name": "1,104,23",
                  "text": "1,105,8,85",
                  "type": "1,104,14"
                }
              }
            ]
          },
          {
            "$type": "methods",
            "items": [
              {
                "$type": "method",
                "access": "private",
                "name": "run",
                "src": {
                  "access": "0,77,8",
                  "name": "0,79,0"
                }
              },
              {
                "$type": "method",
                "access": "private",
                "name": "onSuccess",
                "items": [
                  {
                    "$type": "param",
                    "name": "response",
                    "src": {
                      "name": "0,94,0"
                    }
                  }
                ],
                "src": {
                  "access": "0,92,8",
                  "name": "0,94,0"
                }
              },
              {
                "$type": "method",
                "access": "private",
                "name": "handleResponse",
                "items": [
                  {
                    "$type": "param",
                    "name": "response",
                    "src": {
                      "name": "0,119,0"
                    }
                  }
                ],
                "src": {
                  "access": "0,117,8",
                  "name": "0,119,0"
                }
              },
              {
                "$type": "method",
                "name": "constructor",
                "text": "Creates new Action.\n",
                "items": [
                  {
                    "$type": "param",
                    "name": "config",
                    "optional": true,
                    "text": "Config object.\n",
                    "type": "Object",
                    "src": {
                      "name": "1,169,25",
                      "text": "1,169,33,15",
                      "type": "1,169,16"
                    }
                  }
                ],
                "src": {
                  "name": "1,171,0",
                  "text": "1,168,8,20"
                }
              },
              {
                "$type": "method",
                "access": "private",
                "name": "onFailure",
                "text": "Handles a failure response.\n",
                "items": [
                  {
                    "$type": "param",
                    "name": "response",
                    "type": "Object",
                    "src": {
                      "name": "1,206,24",
                      "type": "1,206,16"
                    }
                  }
                ],
                "src": {
                  "access": "1,204,8",
                  "name": "1,208,0",
                  "text": "1,205,8,28"
                }
              },
              {
                "$type": "method",
                "access": "private",
                "name": "processResponse",
                "text": "Validates that a response contains either responseText or responseXML and invokes\n{@link #handleResponse} to build the result object.\n",
                "items": [
                  {
                    "$type": "param",
                    "name": "response",
                    "text": "The raw response object.\n",
                    "type": "Object",
                    "src": {
                      "name": "1,224,24",
                      "text": "1,224,33,25",
                      "type": "1,224,16"
                    }
                  },
                  {
                    "$type": "return",
                    "text": "The result object as built by handleResponse, or `true` if\nthe response had empty responseText and responseXML.\n",
                    "type": "Object/Boolean",
                    "src": {
                      "text": "1,225,33,59:1,226,8,53",
                      "type": "1,225,17"
                    }
                  }
                ],
                "src": {
                  "access": "1,221,8",
                  "name": "1,228,0",
                  "text": "1,222,8,134"
                }
              },
              {
                "$type": "method",
                "access": "private",
                "name": "getUrl",
                "text": "Build the URL for the AJAX request. Used by the standard AJAX submit and load actions.\n",
                "items": [
                  {
                    "$type": "return",
                    "text": "The URL.\n",
                    "type": "String",
                    "src": {
                      "text": "1,239,25,9",
                      "type": "1,239,17"
                    }
                  }
                ],
                "src": {
                  "access": "1,237,8",
                  "name": "1,241,0",
                  "text": "1,238,8,87"
                }
              },
              {
                "$type": "method",
                "access": "private",
                "name": "getMethod",
                "text": "Determine the HTTP method to be used for the request.\n",
                "items": [
                  {
                    "$type": "return",
                    "text": "The HTTP method\n",
                    "type": "String",
                    "src": {
                      "text": "1,248,25,16",
                      "type": "1,248,17"
                    }
                  }
                ],
                "src": {
                  "access": "1,246,8",
                  "name": "1,250,0",
                  "text": "1,247,8,54"
                }
              },
              {
                "$type": "method",
                "access": "private",
                "name": "getParams",
                "text": "Get the set of parameters specified in the BasicForm\u0027s baseParams and/or the params option.\nItems in params override items of the same name in baseParams.\n",
                "items": [
                  {
                    "$type": "return",
                    "text": "the full set of parameters\n",
                    "type": "Object",
                    "src": {
                      "text": "1,258,25,27",
                      "type": "1,258,17"
                    }
                  }
                ],
                "src": {
                  "access": "1,255,8",
                  "name": "1,260,0",
                  "text": "1,256,8,155"
                }
              },
              {
                "$type": "method",
                "access": "private",
                "name": "createCallback",
                "text": "Creates a callback object.\n",
                "src": {
                  "access": "1,265,8",
                  "name": "1,268,0",
                  "text": "1,266,8,27"
                }
              }
            ]
          },
          {
            "$type": "properties",
            "items": [
              {
                "$type": "property",
                "name": "type",
                "text": "The type of action this Action instance performs. Currently only \"submit\" and \"load\" are supported.\n",
                "type": "String",
                "src": {
                  "name": "1,110,27",
                  "text": "1,111,8,100",
                  "type": "1,110,19"
                }
              },
              {
                "$type": "property",
                "name": "failureType",
                "text": "The type of failure detected will be one of these:\n{@link #CLIENT_INVALID}, {@link #SERVER_INVALID}, {@link #CONNECT_FAILURE}, or {@link #LOAD_FAILURE}.\n\nUsage:\n\n    var fp \u003d new Ext.form.Panel({\n    ...\n    buttons: [{\n        text: \u0027Save\u0027,\n        formBind: true,\n        handler: function(){\n            if(fp.getForm().isValid()){\n                fp.getForm().submit({\n                    url: \u0027form-submit.php\u0027,\n                    waitMsg: \u0027Submitting your data...\u0027,\n                    success: function(form, action){\n                        // server responded with success \u003d true\n                        var result \u003d action.{@link #result};\n                    },\n                    failure: function(form, action){\n                        if (action.{@link #failureType} \u003d\u003d\u003d Ext.form.action.Action.CONNECT_FAILURE) {\n                            Ext.Msg.alert(\u0027Error\u0027,\n                                \u0027Status:\u0027+action.{@link #response}.status+\u0027: \u0027+\n                                action.{@link #response}.statusText);\n                        }\n                        if (action.failureType \u003d\u003d\u003d Ext.form.action.Action.SERVER_INVALID){\n                            // server responded with success \u003d false\n                            Ext.Msg.alert(\u0027Invalid\u0027, action.{@link #result}.errormsg);\n                        }\n                    }\n                });\n            }\n        }\n    },{\n        text: \u0027Reset\u0027,\n        handler: function(){\n            fp.getForm().reset();\n        }\n    }]\n",
                "type": "String",
                "src": {
                  "name": "1,115,27",
                  "text": "1,116,8,1506",
                  "type": "1,115,19"
                }
              },
              {
                "$type": "property",
                "name": "response",
                "text": "The raw XMLHttpRequest object used to perform the action.\n",
                "type": "Object",
                "src": {
                  "name": "1,158,27",
                  "text": "1,159,8,58",
                  "type": "1,158,19"
                }
              },
              {
                "$type": "property",
                "name": "result",
                "text": "The decoded response object containing a boolean `{@link #success success}` property and other, action-specific properties.\n",
                "type": "Object",
                "src": {
                  "name": "1,163,27",
                  "text": "1,164,8,107",
                  "type": "1,163,19"
                }
              }
            ]
          },
          {
            "$type": "static-properties",
            "items": [
              {
                "$type": "property",
                "name": "CLIENT_INVALID",
                "static": true,
                "text": "Failure type returned when client side validation of the Form fails thus aborting a submit action. Client\nside validation is performed unless {@link Ext.form.action.Submit#clientValidation} is explicitly set to\nfalse.\n",
                "src": {
                  "name": "1,287,0",
                  "static": "1,285,12",
                  "text": "1,282,12,218"
                }
              },
              {
                "$type": "property",
                "name": "SERVER_INVALID",
                "static": true,
                "text": "Failure type returned when server side processing fails and the {@link #result}\u0027s `{@link #success success}` property is set to\nfalse.\n\nIn the case of a form submission, field-specific error messages may be returned in the {@link #result}\u0027s\nerrors property.\n",
                "src": {
                  "name": "1,298,0",
                  "static": "1,296,12",
                  "text": "1,291,12,241"
                }
              },
              {
                "$type": "property",
                "name": "CONNECT_FAILURE",
                "static": true,
                "text": "Failure type returned when a communication error happens when attempting to send a request to the remote\nserver. The {@link #response} may be examined to provide further information.\n",
                "src": {
                  "name": "1,306,0",
                  "static": "1,304,12",
                  "text": "1,302,12,183"
                }
              },
              {
                "$type": "property",
                "name": "LOAD_FAILURE",
                "static": true,
                "text": "Failure type returned when the response\u0027s `{@link #success success}` property is set to false, or no field values are returned\nin the response\u0027s data property.\n",
                "src": {
                  "name": "1,314,0",
                  "static": "1,312,12",
                  "text": "1,310,12,143"
                }
              }
            ]
          }
        ],
        "src": {
          "alias": "0,72,0",
          "alternateClassNames": "0,71,0",
          "extends": "0,69,0",
          "name": "0,68,0",
          "requires": "0,70,0",
          "text": "0,2,4,2056"
        }
      }
    ]
  },
  "version": 1
}