{
  "$type": "doxi",
  "files": [
    "../../../ext/packages/core/src/data/ModelManager.js"
  ],
  "global": {
    "$type": "namespace",
    "items": [
      {
        "$type": "class",
        "alternateClassNames": "Ext.ModelMgr",
        "name": "Ext.data.ModelManager",
        "requires": "Ext.data.schema.Schema",
        "singleton": true,
        "text": "This class has been deprecated. Use `{@link Ext.data.schema.Schema}` instead.\n",
        "src": {
          "alternateClassNames": "0,5,0",
          "name": "0,4,0",
          "requires": "0,8,0",
          "singleton": "0,11,0",
          "text": "0,2,4,70"
        }
      }
    ]
  },
  "version": 1
}