{
  "$type": "doxi",
  "files": [
    "../../../ext/packages/charts/src/draw/overrides/Surface.js"
  ],
  "global": {
    "$type": "namespace",
    "items": [
      {
        "$type": "class",
        "access": "private",
        "name": "Ext.draw.overrides.Surface",
        "override": "Ext.draw.Surface",
        "text": "Adds hit testing methods to the Ext.draw.Surface.\nIncluded by the Ext.draw.PathUtil.\n",
        "src": {
          "access": "0,2,4",
          "name": "0,6,0",
          "override": "0,7,0",
          "text": "0,3,4,85"
        }
      }
    ]
  },
  "version": 1
}