{
  "$type": "doxi",
  "files": [
    "../../../ext/packages/core/src/data/validator/Range.js",
    "../../../ext/packages/core/src/data/validator/Bound.js",
    "../../../ext/packages/core/src/data/validator/Validator.js",
    "../../../ext/packages/core/src/mixin/Factoryable.js"
  ],
  "global": {
    "$type": "namespace",
    "items": [
      {
        "$type": "class",
        "alias": "data.validator.range",
        "extends": "Ext.data.validator.Bound",
        "name": "Ext.data.validator.Range",
        "text": "Validates that the the value is between a {@link #min} and {@link #max}.\n",
        "items": [
          {
            "$type": "configs",
            "items": [
              {
                "$type": "property",
                "name": "min",
                "text": "The minimum value.\n",
                "type": "Number",
                "src": {
                  "name": "0,12,26",
                  "text": "0,13,12,19",
                  "type": "0,12,18"
                }
              },
              {
                "$type": "property",
                "name": "max",
                "text": "The maximum value.\n",
                "type": "Number",
                "src": {
                  "name": "0,17,26",
                  "text": "0,18,12,19",
                  "type": "0,17,18"
                }
              },
              {
                "$type": "property",
                "inheritdoc": true,
                "name": "minOnlyMessage",
                "src": {
                  "inheritdoc": "0,22,12",
                  "name": "0,24,0"
                }
              },
              {
                "$type": "property",
                "inheritdoc": true,
                "name": "maxOnlyMessage",
                "src": {
                  "inheritdoc": "0,27,12",
                  "name": "0,29,0"
                }
              },
              {
                "$type": "property",
                "inheritdoc": true,
                "name": "bothMessage",
                "src": {
                  "inheritdoc": "0,32,12",
                  "name": "0,34,0"
                }
              },
              {
                "$type": "property",
                "name": "nanMessage",
                "text": "The error message to return when the value is not numeric.\n",
                "type": "String",
                "src": {
                  "name": "0,37,26",
                  "text": "0,38,12,59",
                  "type": "0,37,18"
                }
              },
              {
                "$type": "property",
                "name": "emptyMessage",
                "text": "The error message to return when the value is empty.\n",
                "type": "String",
                "src": {
                  "name": "1,25,26",
                  "text": "1,26,12,53",
                  "type": "1,25,18"
                }
              }
            ]
          },
          {
            "$type": "methods",
            "items": [
              {
                "$type": "method",
                "name": "constructor",
                "text": "Creates new Validator.\n",
                "items": [
                  {
                    "$type": "param",
                    "name": "config",
                    "text": "A config object. A function may also be passed,\nwhich will be used as the {@link #validate} method for this validator.\n",
                    "type": "Object/Function",
                    "src": {
                      "name": "2,39,33",
                      "text": "2,39,40,48:2,40,8,71",
                      "type": "2,39,16"
                    }
                  }
                ],
                "src": {
                  "name": "2,42,0",
                  "text": "2,38,8,23"
                }
              },
              {
                "$type": "method",
                "name": "validate",
                "text": "Validates the passed value.\n",
                "items": [
                  {
                    "$type": "param",
                    "name": "value",
                    "text": "The value\n",
                    "type": "Object",
                    "src": {
                      "name": "2,53,24",
                      "text": "2,53,30,10",
                      "type": "2,53,16"
                    }
                  },
                  {
                    "$type": "param",
                    "name": "record",
                    "text": "The record\n",
                    "type": "Ext.data.Model",
                    "src": {
                      "name": "2,54,32",
                      "text": "2,54,39,11",
                      "type": "2,54,16"
                    }
                  },
                  {
                    "$type": "return",
                    "text": "`true` if the value is valid. A string may be returned if the value\nis not valid, to indicate an error message. Any other non `true` value indicates the value\nis not valid.\n",
                    "type": "Boolean/String",
                    "src": {
                      "text": "2,55,33,68:2,56,8,105",
                      "type": "2,55,17"
                    }
                  }
                ],
                "src": {
                  "name": "2,59,0",
                  "text": "2,52,8,28"
                }
              },
              {
                "$type": "method",
                "access": "private",
                "name": "clone",
                "text": "Creates a copy of this validator\n",
                "items": [
                  {
                    "$type": "return",
                    "text": "The clone\n",
                    "type": "Ext.data.validator.Validator",
                    "src": {
                      "text": "2,66,47,10",
                      "type": "2,66,17"
                    }
                  }
                ],
                "src": {
                  "access": "2,65,8",
                  "name": "2,68,0",
                  "text": "2,64,8,33"
                }
              }
            ]
          },
          {
            "$type": "properties",
            "items": [
              {
                "$type": "property",
                "name": "type",
                "text": "A string representation of this format.\n",
                "type": "String",
                "src": {
                  "name": "2,17,27",
                  "text": "2,18,8,40",
                  "type": "2,17,19"
                }
              },
              {
                "$type": "property",
                "name": "factoryConfig",
                "optional": true,
                "text": "If this property is specified by the target class of this mixin its properties are\nused to configure the created `{@link Ext.Factory}`.\n",
                "type": "Object",
                "src": {
                  "name": "3,295,28",
                  "text": "3,296,8,128",
                  "type": "3,295,19"
                }
              }
            ]
          }
        ],
        "src": {
          "alias": "0,6,0",
          "extends": "0,5,0",
          "name": "0,4,0",
          "text": "0,2,4,73"
        }
      }
    ]
  },
  "version": 1
}