{
  "$type": "doxi",
  "files": [
    "../../../ext/packages/charts/src/draw/overrides/sprite/Path.js"
  ],
  "global": {
    "$type": "namespace",
    "items": [
      {
        "$type": "class",
        "access": "private",
        "name": "Ext.draw.overrides.sprite.Path",
        "override": "Ext.draw.sprite.Path",
        "requires": "Ext.draw.Color",
        "text": "Adds hit testing methods to the Ext.draw.sprite.Path sprite.\nIncluded by the Ext.draw.PathUtil.\n",
        "items": [
          {
            "$type": "methods",
            "items": [
              {
                "$type": "method",
                "inheritdoc": true,
                "name": "hitTest",
                "items": [
                  {
                    "$type": "param",
                    "name": "point",
                    "src": {
                      "name": "0,70,0"
                    }
                  },
                  {
                    "$type": "param",
                    "name": "options",
                    "src": {
                      "name": "0,70,0"
                    }
                  }
                ],
                "src": {
                  "inheritdoc": "0,68,8",
                  "name": "0,70,0"
                }
              }
            ]
          }
        ],
        "src": {
          "access": "0,2,4",
          "name": "0,6,0",
          "override": "0,7,0",
          "requires": "0,8,0",
          "text": "0,3,4,96"
        }
      }
    ]
  },
  "version": 1
}