{
  "$type": "doxi",
  "files": [
    "../../../ext/classic/classic/src/enums.js"
  ],
  "global": {
    "$type": "namespace",
    "items": [
      {
        "$type": "enum",
        "aliasPrefix": "layout.",
        "name": "Ext.enums.Layout",
        "text": "Enumeration of all layout types.\n",
        "items": [
          {
            "$type": "properties"
          }
        ],
        "src": {
          "aliasPrefix": "0,6,28",
          "name": "0,6,11",
          "text": "0,7,4,33"
        }
      }
    ]
  },
  "version": 1
}