{
  "$type": "doxi",
  "files": [
    "../../../ext/classic/classic/src/enums.js"
  ],
  "global": {
    "$type": "namespace",
    "items": [
      {
        "$type": "enum",
        "aliasPrefix": "widget.",
        "name": "Ext.enums.Layout.Ext.enums.Widget",
        "text": "Enumeration of all xtypes.\n",
        "items": [
          {
            "$type": "properties"
          }
        ],
        "src": {
          "aliasPrefix": "0,11,28",
          "name": "0,11,11",
          "text": "0,12,4,27"
        }
      }
    ]
  },
  "version": 1
}