{
  "$type": "doxi",
  "files": [
    "../../../ext/packages/charts/src/chart/axis/segmenter/Segmenter.js"
  ],
  "global": {
    "$type": "namespace",
    "items": [
      {
        "$type": "class",
        "abstract": true,
        "name": "Ext.chart.axis.segmenter.Segmenter",
        "text": "\nInterface for a segmenter in an Axis. A segmenter defines the operations you can do to a specific\ndata type.\n\nSee {@link Ext.chart.axis.Axis}.\n",
        "items": [
          {
            "$type": "configs",
            "items": [
              {
                "$type": "property",
                "name": "axis",
                "text": "The axis that the Segmenter is bound.\n",
                "type": "Ext.chart.axis.Axis",
                "src": {
                  "name": "0,15,39",
                  "text": "0,15,44,38",
                  "type": "0,15,18"
                }
              }
            ]
          },
          {
            "$type": "methods",
            "items": [
              {
                "$type": "method",
                "name": "renderer",
                "text": "This method formats the value.\n",
                "items": [
                  {
                    "$type": "param",
                    "name": "value",
                    "text": "The value to format.\n",
                    "type": "*",
                    "src": {
                      "name": "0,27,19",
                      "text": "0,27,25,21",
                      "type": "0,27,16"
                    }
                  },
                  {
                    "$type": "param",
                    "name": "context",
                    "text": "Axis layout context.\n",
                    "type": "Object",
                    "src": {
                      "name": "0,28,24",
                      "text": "0,28,32,21",
                      "type": "0,28,16"
                    }
                  },
                  {
                    "$type": "return",
                    "type": "String",
                    "src": {
                      "type": "0,29,17"
                    }
                  }
                ],
                "src": {
                  "name": "0,31,0",
                  "text": "0,25,8,32"
                }
              },
              {
                "$type": "method",
                "name": "from",
                "text": "Convert from any data into the target type.\n",
                "items": [
                  {
                    "$type": "param",
                    "name": "value",
                    "text": "The value to convert from\n",
                    "type": "*",
                    "src": {
                      "name": "0,37,19",
                      "text": "0,37,25,26",
                      "type": "0,37,16"
                    }
                  },
                  {
                    "$type": "return",
                    "text": "The converted value.\n",
                    "type": "*",
                    "src": {
                      "text": "0,38,20,21",
                      "type": "0,38,17"
                    }
                  }
                ],
                "src": {
                  "name": "0,40,0",
                  "text": "0,36,8,44"
                }
              },
              {
                "$type": "method",
                "name": "diff",
                "text": "Returns the difference between the min and max value based on the given unit scale.\n",
                "items": [
                  {
                    "$type": "param",
                    "name": "min",
                    "text": "The smaller value.\n",
                    "type": "*",
                    "src": {
                      "name": "0,48,19",
                      "text": "0,48,23,19",
                      "type": "0,48,16"
                    }
                  },
                  {
                    "$type": "param",
                    "name": "max",
                    "text": "The larger value.\n",
                    "type": "*",
                    "src": {
                      "name": "0,49,19",
                      "text": "0,49,23,18",
                      "type": "0,49,16"
                    }
                  },
                  {
                    "$type": "param",
                    "name": "unit",
                    "text": "The unit scale. Unit can be any type.\n",
                    "type": "*",
                    "src": {
                      "name": "0,50,19",
                      "text": "0,50,24,38",
                      "type": "0,50,16"
                    }
                  },
                  {
                    "$type": "return",
                    "text": "The number of `unit`s between min and max. It is the minimum n that min + n * unit \u003e\u003d max.\n",
                    "type": "Number",
                    "src": {
                      "text": "0,51,25,91",
                      "type": "0,51,17"
                    }
                  }
                ],
                "src": {
                  "name": "0,53,0",
                  "text": "0,46,8,85"
                }
              },
              {
                "$type": "method",
                "name": "align",
                "text": "Align value with step of units.\nFor example, for the date segmenter, if the unit is \"Month\" and step is 3, the value will be aligned by\nseasons.\n",
                "items": [
                  {
                    "$type": "param",
                    "name": "value",
                    "text": "The value to be aligned.\n",
                    "type": "*",
                    "src": {
                      "name": "0,61,19",
                      "text": "0,61,25,25",
                      "type": "0,61,16"
                    }
                  },
                  {
                    "$type": "param",
                    "name": "step",
                    "text": "The step of units.\n",
                    "type": "Number",
                    "src": {
                      "name": "0,62,24",
                      "text": "0,62,29,19",
                      "type": "0,62,16"
                    }
                  },
                  {
                    "$type": "param",
                    "name": "unit",
                    "text": "The unit.\n",
                    "type": "*",
                    "src": {
                      "name": "0,63,19",
                      "text": "0,63,24,10",
                      "type": "0,63,16"
                    }
                  },
                  {
                    "$type": "return",
                    "text": "Aligned value.\n",
                    "type": "*",
                    "src": {
                      "text": "0,64,20,15",
                      "type": "0,64,17"
                    }
                  }
                ],
                "src": {
                  "name": "0,66,0",
                  "text": "0,57,8,146"
                }
              },
              {
                "$type": "method",
                "name": "add",
                "text": "Add `step` `unit`s to the value.\n",
                "items": [
                  {
                    "$type": "param",
                    "name": "value",
                    "text": "The value to be added.\n",
                    "type": "*",
                    "src": {
                      "name": "0,71,19",
                      "text": "0,71,25,23",
                      "type": "0,71,16"
                    }
                  },
                  {
                    "$type": "param",
                    "name": "step",
                    "text": "The step of units. Negative value are allowed.\n",
                    "type": "Number",
                    "src": {
                      "name": "0,72,24",
                      "text": "0,72,29,47",
                      "type": "0,72,16"
                    }
                  },
                  {
                    "$type": "param",
                    "name": "unit",
                    "text": "The unit.\n",
                    "type": "*",
                    "src": {
                      "name": "0,73,19",
                      "text": "0,73,24,10",
                      "type": "0,73,16"
                    }
                  }
                ],
                "src": {
                  "name": "0,75,0",
                  "text": "0,70,8,33"
                }
              },
              {
                "$type": "method",
                "name": "preferredStep",
                "text": "Given a start point and estimated step size of a range, determine the preferred step size.\n",
                "items": [
                  {
                    "$type": "param",
                    "name": "start",
                    "text": "The start point of range.\n",
                    "type": "*",
                    "src": {
                      "name": "0,81,19",
                      "text": "0,81,25,26",
                      "type": "0,81,16"
                    }
                  },
                  {
                    "$type": "param",
                    "name": "estStepSize",
                    "text": "The estimated step size.\n",
                    "type": "*",
                    "src": {
                      "name": "0,82,19",
                      "text": "0,82,31,25",
                      "type": "0,82,16"
                    }
                  },
                  {
                    "$type": "return",
                    "text": "Return the step size by an object of step x unit.\n",
                    "type": "Object",
                    "items": [
                      {
                        "$type": "property",
                        "name": "step",
                        "text": "The step count of units.\n",
                        "type": "Number",
                        "src": {
                          "name": "0,84,32",
                          "text": "0,84,37,25",
                          "type": "0,84,17"
                        }
                      },
                      {
                        "$type": "property",
                        "name": "unit",
                        "text": "The unit.\n",
                        "type": "Number|Object",
                        "src": {
                          "name": "0,85,39",
                          "text": "0,85,44,10",
                          "type": "0,85,17"
                        }
                      }
                    ],
                    "src": {
                      "text": "0,83,25,50",
                      "type": "0,83,17"
                    }
                  }
                ],
                "src": {
                  "name": "0,87,0",
                  "text": "0,79,8,92"
                }
              }
            ]
          }
        ],
        "src": {
          "abstract": "0,2,4",
          "name": "0,3,11",
          "text": "0,4,4,145"
        }
      }
    ]
  },
  "version": 1
}