{
  "$type": "doxi",
  "files": [
    "../../../ext/packages/core/src/direct/RemotingEvent.js",
    "../../../ext/packages/core/src/direct/Event.js"
  ],
  "global": {
    "$type": "namespace",
    "items": [
      {
        "$type": "class",
        "alias": "direct.rpc",
        "extends": "Ext.direct.Event",
        "name": "Ext.direct.RemotingEvent",
        "text": "An event that is fired when data is received from a\n{@link Ext.direct.RemotingProvider}. Contains a method to the\nrelated transaction for the direct request, see {@link #getTransaction}\n",
        "items": [
          {
            "$type": "methods",
            "items": [
              {
                "$type": "method",
                "name": "getTransaction",
                "text": "Get the transaction associated with this event.\n",
                "items": [
                  {
                    "$type": "return",
                    "text": "The transaction\n",
                    "type": "Ext.direct.Transaction",
                    "src": {
                      "text": "0,12,41,16",
                      "type": "0,12,17"
                    }
                  }
                ],
                "src": {
                  "name": "0,14,0",
                  "text": "0,11,8,48"
                }
              },
              {
                "$type": "method",
                "name": "constructor",
                "text": "Creates new Event.\n",
                "items": [
                  {
                    "$type": "param",
                    "name": "config",
                    "optional": true,
                    "text": "Config object.\n",
                    "type": "Object",
                    "src": {
                      "name": "1,14,25",
                      "text": "1,14,33,15",
                      "type": "1,14,16"
                    }
                  }
                ],
                "src": {
                  "name": "1,16,0",
                  "text": "1,13,8,19"
                }
              },
              {
                "$type": "method",
                "name": "getName",
                "text": "Return the name for this event.\n",
                "items": [
                  {
                    "$type": "return",
                    "text": "The name of event\n",
                    "type": "String",
                    "src": {
                      "text": "1,22,25,18",
                      "type": "1,22,17"
                    }
                  }
                ],
                "src": {
                  "name": "1,24,0",
                  "text": "1,21,8,32"
                }
              },
              {
                "$type": "method",
                "name": "getData",
                "text": "Return the raw data for this event.\n",
                "items": [
                  {
                    "$type": "return",
                    "text": "The data from the event\n",
                    "type": "Mixed",
                    "src": {
                      "text": "1,30,24,24",
                      "type": "1,30,17"
                    }
                  }
                ],
                "src": {
                  "name": "1,32,0",
                  "text": "1,29,8,36"
                }
              }
            ]
          }
        ],
        "src": {
          "alias": "0,8,0",
          "extends": "0,7,0",
          "name": "0,6,0",
          "text": "0,2,4,186"
        }
      }
    ]
  },
  "version": 1
}