{
  "$type": "doxi",
  "files": [
    "../../../ext/packages/core/src/data/matrix/Side.js"
  ],
  "global": {
    "$type": "namespace",
    "items": [
      {
        "$type": "class",
        "access": "private",
        "name": "Ext.data.matrix.Side",
        "requires": "Ext.data.matrix.Slice",
        "text": "This class manages one side of a `Matrix`.\n",
        "items": [
          {
            "$type": "properties",
            "items": [
              {
                "$type": "property",
                "name": "inverse",
                "readonly": true,
                "text": "Reference to the opposite side of the matrix.\n",
                "type": "Ext.data.matrix.Side",
                "src": {
                  "name": "0,11,41",
                  "readonly": "0,13,8",
                  "text": "0,12,8,46",
                  "type": "0,11,19"
                }
              },
              {
                "$type": "property",
                "name": "matrix",
                "readonly": true,
                "type": "Ext.data.matrix.Matrix",
                "src": {
                  "name": "0,20,47",
                  "readonly": "0,21,12",
                  "type": "0,20,23"
                }
              },
              {
                "$type": "property",
                "name": "index",
                "readonly": true,
                "text": "Either 0 or 1 which is the index of our id value in an association entry.\n",
                "type": "Number",
                "src": {
                  "name": "0,26,31",
                  "readonly": "0,28,12",
                  "text": "0,27,12,74",
                  "type": "0,26,23"
                }
              },
              {
                "$type": "property",
                "name": "role",
                "readonly": true,
                "text": "The role for this side of the matrix.\n",
                "type": "Ext.data.schema.Role",
                "src": {
                  "name": "0,33,45",
                  "readonly": "0,35,12",
                  "text": "0,34,12,38",
                  "type": "0,33,23"
                }
              },
              {
                "$type": "property",
                "name": "slices",
                "readonly": true,
                "text": "Keyed by the id for this side of the matrix to yield a `Slice`.\n",
                "type": "Object",
                "src": {
                  "name": "0,40,31",
                  "readonly": "0,42,12",
                  "text": "0,41,12,64",
                  "type": "0,40,23"
                }
              }
            ]
          }
        ],
        "src": {
          "access": "0,3,4",
          "name": "0,5,0",
          "requires": "0,7,0",
          "text": "0,2,4,43"
        }
      }
    ]
  },
  "version": 1
}