{
  "$type": "doxi",
  "files": [
    "../../../ext/packages/core/src/dom/UnderlayPool.js"
  ],
  "global": {
    "$type": "namespace",
    "items": [
      {
        "$type": "class",
        "access": "private",
        "name": "Ext.dom.UnderlayPool",
        "text": "Private utility class that manages the internal cache for {@link Ext.dom.Shadow Underlays}\nand {@link Ext.dom.Shim Shims}.\n",
        "items": [
          {
            "$type": "methods",
            "items": [
              {
                "$type": "method",
                "constructor": true,
                "name": "constructor",
                "items": [
                  {
                    "$type": "param",
                    "name": "elementConfig",
                    "text": "A {@link Ext.dom.Helper DomHelper} config object to\nuse for generating elements in the pool.\n",
                    "type": "Object",
                    "src": {
                      "name": "0,10,24",
                      "text": "0,10,38,52:0,11,8,41",
                      "type": "0,10,16"
                    }
                  }
                ],
                "src": {
                  "constructor": "0,9,8",
                  "name": "0,13,0"
                }
              },
              {
                "$type": "method",
                "name": "checkOut",
                "text": "Checks an element out of the pool.\n",
                "items": [
                  {
                    "$type": "return",
                    "type": "Ext.dom.Element",
                    "src": {
                      "type": "0,20,17"
                    }
                  }
                ],
                "src": {
                  "name": "0,22,0",
                  "text": "0,19,8,35"
                }
              },
              {
                "$type": "method",
                "name": "checkIn",
                "text": "Checks an element back into the pool for future reuse\n",
                "items": [
                  {
                    "$type": "param",
                    "name": "el",
                    "type": "Ext.dom.Element",
                    "src": {
                      "name": "0,39,33",
                      "type": "0,39,16"
                    }
                  }
                ],
                "src": {
                  "name": "0,41,0",
                  "text": "0,38,8,54"
                }
              },
              {
                "$type": "method",
                "name": "reset",
                "text": "Reset the pool by emptying the cache and destroying all its elements\n",
                "src": {
                  "name": "0,48,0",
                  "text": "0,46,8,69"
                }
              }
            ]
          }
        ],
        "src": {
          "access": "0,4,4",
          "name": "0,6,0",
          "text": "0,2,4,123"
        }
      }
    ]
  },
  "version": 1
}