{
  "$type": "doxi",
  "files": [
    "../../../ext/packages/core/src/event/publisher/Publisher.js"
  ],
  "global": {
    "$type": "namespace",
    "items": [
      {
        "$type": "class",
        "access": "private",
        "name": "Ext.event.publisher.Publisher",
        "text": "Abstract base class for event publishers\n",
        "items": [
          {
            "$type": "methods",
            "items": [
              {
                "$type": "method",
                "access": "protected",
                "name": "registerEvents",
                "text": "Registers all {@link #handledEvents} in the\n{@link Ext.event.publisher.Publisher#publishersByEvent} map.\n",
                "items": [
                  {
                    "$type": "param",
                    "name": "events",
                    "optional": true,
                    "text": "optional events to register instead of handledEvents.\n",
                    "type": "String[]",
                    "src": {
                      "name": "0,62,27",
                      "text": "0,62,35,54",
                      "type": "0,62,16"
                    }
                  }
                ],
                "src": {
                  "access": "0,63,8",
                  "name": "0,65,0",
                  "text": "0,60,8,105"
                }
              }
            ]
          },
          {
            "$type": "properties",
            "items": [
              {
                "$type": "property",
                "name": "handledEvents",
                "text": "An array of events that this publisher handles.\n",
                "type": "Array",
                "src": {
                  "name": "0,8,26",
                  "text": "0,9,8,48",
                  "type": "0,8,19"
                }
              },
              {
                "$type": "property",
                "access": "private",
                "name": "handles",
                "text": "A map for conveniently checking if this publisher handles a given event\n",
                "type": "Object",
                "src": {
                  "access": "0,39,12",
                  "name": "0,38,31",
                  "text": "0,40,12,72",
                  "type": "0,38,23"
                }
              }
            ]
          },
          {
            "$type": "static-properties",
            "items": [
              {
                "$type": "property",
                "name": "publishers",
                "static": true,
                "text": "A map of all publisher singleton instances.  Publishers register themselves\nin this map as soon as they are constructed.\n",
                "type": "Object",
                "src": {
                  "name": "0,15,31",
                  "static": "0,12,-1",
                  "text": "0,16,12,121",
                  "type": "0,15,23"
                }
              },
              {
                "$type": "property",
                "name": "publishersByEvent",
                "static": true,
                "text": "A map of handled event names to the publisher that handles each event.\nProvides a convenient way for looking up the publisher that handles any given\nevent, for example:\n\n    // get the publisher that  handles click:\n    var publisher \u003d Ext.event.publisher.Publisher.publishersByEvent.click;\n",
                "src": {
                  "name": "0,22,22",
                  "static": "0,12,-1",
                  "text": "0,23,12,291"
                }
              }
            ]
          }
        ],
        "src": {
          "access": "0,3,4",
          "name": "0,5,0",
          "text": "0,2,4,41"
        }
      }
    ]
  },
  "version": 1
}