{
  "$type": "doxi",
  "files": [
    "../../../ext/packages/core/src/app/Util.js"
  ],
  "global": {
    "$type": "namespace",
    "items": [
      {
        "$type": "class",
        "access": "private",
        "name": "Ext.app.Util",
        "items": [
          {
            "$type": "methods",
            "items": [
              {
                "$type": "method",
                "access": "private",
                "name": "addNamespaces",
                "text": "Adds namespace(s) to known list.\n",
                "items": [
                  {
                    "$type": "param",
                    "name": "namespace",
                    "type": "String/String[]",
                    "src": {
                      "name": "0,16,36",
                      "type": "0,16,19"
                    }
                  }
                ],
                "src": {
                  "access": "0,14,11",
                  "name": "0,18,0",
                  "text": "0,13,11,33"
                }
              },
              {
                "$type": "method",
                "access": "private",
                "name": "clearNamespaces",
                "text": "Clear all namespaces from known list.\n",
                "src": {
                  "access": "0,33,11",
                  "name": "0,35,0",
                  "text": "0,32,11,38"
                }
              },
              {
                "$type": "method",
                "access": "private",
                "name": "getNamespace",
                "text": "Get namespace prefix for a class name.\n",
                "items": [
                  {
                    "$type": "param",
                    "name": "className",
                    "type": "String",
                    "src": {
                      "name": "0,42,27",
                      "type": "0,42,19"
                    }
                  },
                  {
                    "$type": "return",
                    "text": "Namespace prefix if it\u0027s known, otherwise undefined\n",
                    "type": "String",
                    "src": {
                      "text": "0,44,28,52",
                      "type": "0,44,20"
                    }
                  }
                ],
                "src": {
                  "access": "0,41,11",
                  "name": "0,46,0",
                  "text": "0,40,11,39"
                }
              },
              {
                "$type": "method",
                "access": "private",
                "name": "setupPaths",
                "since": "6.0.0",
                "text": "Sets up paths based on the `appFolder` and `paths` configs.\n",
                "items": [
                  {
                    "$type": "param",
                    "name": "appName",
                    "text": "The application name (root namespace).\n",
                    "type": "String",
                    "src": {
                      "name": "0,64,28",
                      "text": "0,64,36,39",
                      "type": "0,64,20"
                    }
                  },
                  {
                    "$type": "param",
                    "name": "appFolder",
                    "text": "The folder for app sources (\"app\" by default).\n",
                    "type": "String",
                    "src": {
                      "name": "0,65,28",
                      "text": "0,65,38,47",
                      "type": "0,65,20"
                    }
                  },
                  {
                    "$type": "param",
                    "name": "paths",
                    "text": "A set of namespace to path mappings.\n",
                    "type": "Object",
                    "src": {
                      "name": "0,66,28",
                      "text": "0,66,34,37",
                      "type": "0,66,20"
                    }
                  }
                ],
                "src": {
                  "access": "0,67,12",
                  "name": "0,70,0",
                  "since": "0,68,19",
                  "text": "0,63,12,60"
                }
              }
            ]
          }
        ],
        "src": {
          "access": "0,2,4",
          "name": "0,3,11"
        }
      }
    ]
  },
  "version": 1
}