{
  "$type": "doxi",
  "files": [
    "../../../ext/classic/classic/src/form/action/DirectSubmit.js",
    "../../../ext/classic/classic/src/form/action/Submit.js",
    "../../../ext/classic/classic/src/form/action/Action.js"
  ],
  "global": {
    "$type": "namespace",
    "items": [
      {
        "$type": "class",
        "alias": "formaction.directsubmit",
        "alternateClassNames": "Ext.form.Action.DirectSubmit",
        "extends": "Ext.form.action.Submit",
        "mixins": "Ext.form.action.DirectAction",
        "name": "Ext.form.action.DirectSubmit",
        "requires": "Ext.direct.Manager",
        "text": "Provides Ext Direct support for submitting form data.\n\nThis example illustrates usage of Ext Direct to submit a form.\n\n    var myFormPanel \u003d new Ext.form.Panel({\n        // configs for FormPanel\n        title: \u0027Basic Information\u0027,\n        renderTo: document.body,\n        width: 300, height: 160,\n        padding: 10,\n        buttons:[{\n            text: \u0027Submit\u0027,\n            handler: function(){\n                myFormPanel.getForm().submit({\n                    params: {\n                        foo: \u0027bar\u0027,\n                        uid: 34\n                    }\n                });\n            }\n        }],\n\n        // configs apply to child items\n        defaults: {anchor: \u0027100%\u0027},\n        defaultType: \u0027textfield\u0027,\n        items: [{\n            fieldLabel: \u0027Name\u0027,\n            name: \u0027name\u0027\n        },{\n            fieldLabel: \u0027Email\u0027,\n            name: \u0027email\u0027\n        },{\n            fieldLabel: \u0027Company\u0027,\n            name: \u0027company\u0027\n        }],\n\n        // configs for BasicForm\n        api: {\n            // The server-side method to call for load() requests\n            load: \u0027Profile.getBasicInfo\u0027,\n            // The server-side must mark the submit handler as a \u0027formHandler\u0027\n            submit: \u0027Profile.updateBasicInfo\u0027\n        },\n        // specify the order for the passed params\n        paramOrder: [\u0027uid\u0027, \u0027foo\u0027]\n    });\n\nBefore using DirectLoad action, make sure you set up Ext Direct remoting provider.\nSee {@link Ext.direct.Manager} for more information.\n\nFor corresponding load action, see {@link Ext.form.action.DirectLoad}.\n",
        "items": [
          {
            "$type": "configs",
            "items": [
              {
                "$type": "property",
                "name": "clientValidation",
                "optional": true,
                "text": "Determines whether a Form\u0027s fields are validated in a final call to {@link Ext.form.Basic#isValid isValid} prior\nto submission. Pass false in the Form\u0027s submit options to prevent this.\n",
                "type": "Boolean",
                "value": "true",
                "src": {
                  "name": "1,69,24",
                  "text": "1,70,8,185",
                  "type": "1,69,14",
                  "value": "1,69,41"
                }
              },
              {
                "$type": "property",
                "name": "form",
                "text": "The {@link Ext.form.Basic BasicForm} instance that is invoking this Action. Required.\n",
                "type": "Ext.form.Basic",
                "src": {
                  "name": "2,17,30",
                  "text": "2,18,8,86",
                  "type": "2,17,14"
                }
              },
              {
                "$type": "property",
                "name": "url",
                "text": "The URL that the Action is to invoke. Will default to the {@link Ext.form.Basic#url url} configured on the\n{@link #form}.\n",
                "type": "String",
                "src": {
                  "name": "2,22,22",
                  "text": "2,23,8,122",
                  "type": "2,22,14"
                }
              },
              {
                "$type": "property",
                "name": "reset",
                "text": "When set to **true**, causes the Form to be {@link Ext.form.Basic#reset reset} on Action success. If specified,\nthis happens before the {@link #success} callback is called and before the Form\u0027s\n{@link Ext.form.Basic#actioncomplete actioncomplete} event fires.\n",
                "type": "Boolean",
                "src": {
                  "name": "2,28,23",
                  "text": "2,29,8,260",
                  "type": "2,28,14"
                }
              },
              {
                "$type": "property",
                "name": "method",
                "text": "The HTTP method to use to access the requested URL.\nDefaults to the {@link Ext.form.Basic#method BasicForm\u0027s method}, or \u0027POST\u0027 if not specified.\n",
                "type": "String",
                "src": {
                  "name": "2,35,22",
                  "text": "2,36,8,146",
                  "type": "2,35,14"
                }
              },
              {
                "$type": "property",
                "name": "params",
                "text": "Extra parameter values to pass. These are added to the Form\u0027s {@link Ext.form.Basic#baseParams} and passed to the\nspecified URL along with the Form\u0027s input fields.\n\nParameters are encoded as standard HTTP parameters using {@link Ext#urlEncode Ext.Object.toQueryString}.\n",
                "type": "Object/String",
                "src": {
                  "name": "2,41,29",
                  "text": "2,42,8,270",
                  "type": "2,41,14"
                }
              },
              {
                "$type": "property",
                "name": "headers",
                "text": "Extra headers to be sent in the AJAX request for submit and load actions.\nSee {@link Ext.data.proxy.Ajax#headers}.\n\n**Note:** Headers are not sent during file upload.\n",
                "type": "Object",
                "src": {
                  "name": "2,49,22",
                  "text": "2,50,8,167",
                  "type": "2,49,14"
                }
              },
              {
                "$type": "property",
                "name": "timeout",
                "text": "The number of seconds to wait for a server response before failing with the {@link #failureType} as\n{@link Ext.form.action.Action#CONNECT_FAILURE}. If not specified, defaults to the configured\n{@link Ext.form.Basic#timeout timeout} of the {@link #form}.\n",
                "type": "Number",
                "src": {
                  "name": "2,57,22",
                  "text": "2,58,8,254",
                  "type": "2,57,14"
                }
              },
              {
                "$type": "property",
                "name": "success",
                "text": "The function to call when a valid success return packet is received.\n",
                "type": "Function/String",
                "items": [
                  {
                    "$type": "property",
                    "name": "form",
                    "text": "The form that requested the action\n",
                    "type": "Ext.form.Basic",
                    "src": {
                      "name": "2,66,38",
                      "text": "2,66,43,35",
                      "type": "2,66,14"
                    }
                  },
                  {
                    "$type": "property",
                    "name": "action",
                    "text": "The Action class. The {@link #result} property of this object may\nbe examined to perform custom post-processing.\n",
                    "type": "Ext.form.action.Action",
                    "src": {
                      "name": "2,67,46",
                      "text": "2,67,53,66:2,68,8,48",
                      "type": "2,67,14"
                    }
                  }
                ],
                "src": {
                  "name": "2,64,31",
                  "text": "2,65,8,69",
                  "type": "2,64,14"
                }
              },
              {
                "$type": "property",
                "name": "failure",
                "text": "The function to call when a failure packet was received, or when an error\noccurred in the Ajax communication.\n",
                "type": "Function/String",
                "items": [
                  {
                    "$type": "property",
                    "name": "form",
                    "text": "The form that requested the action\n",
                    "type": "Ext.form.Basic",
                    "src": {
                      "name": "2,77,38",
                      "text": "2,77,43,35",
                      "type": "2,77,14"
                    }
                  },
                  {
                    "$type": "property",
                    "name": "action",
                    "text": "The Action class. If an Ajax error\noccurred, the failure type will be in {@link #failureType}. The {@link #result}\nproperty of this object may be examined to perform custom post-processing.\n",
                    "type": "Ext.form.action.Action",
                    "src": {
                      "name": "2,78,46",
                      "text": "2,78,53,35:2,79,8,156",
                      "type": "2,78,14"
                    }
                  }
                ],
                "src": {
                  "name": "2,74,31",
                  "text": "2,75,8,110",
                  "type": "2,74,14"
                }
              },
              {
                "$type": "property",
                "name": "scope",
                "text": "The scope in which to call the configured #success and #failure callback functions\n(the `this` reference for the callback functions).\n",
                "type": "Object",
                "src": {
                  "name": "2,86,22",
                  "text": "2,87,8,134",
                  "type": "2,86,14"
                }
              },
              {
                "$type": "property",
                "name": "waitMsg",
                "text": "The message to be displayed by a call to {@link Ext.window.MessageBox#wait} during the time the action is being\nprocessed.\n",
                "type": "String",
                "src": {
                  "name": "2,92,22",
                  "text": "2,93,8,123",
                  "type": "2,92,14"
                }
              },
              {
                "$type": "property",
                "name": "waitTitle",
                "text": "The title to be displayed by a call to {@link Ext.window.MessageBox#wait} during the time the action is being\nprocessed.\n",
                "type": "String",
                "src": {
                  "name": "2,98,22",
                  "text": "2,99,8,121",
                  "type": "2,98,14"
                }
              },
              {
                "$type": "property",
                "name": "submitEmptyText",
                "text": "If set to true, the emptyText value will be sent with the form when it is submitted.\n",
                "type": "Boolean",
                "src": {
                  "name": "2,104,23",
                  "text": "2,105,8,85",
                  "type": "2,104,14"
                }
              }
            ]
          },
          {
            "$type": "methods",
            "items": [
              {
                "$type": "method",
                "access": "private",
                "name": "doSubmit",
                "text": "Performs the submit of the form data.\n",
                "src": {
                  "access": "1,88,8",
                  "name": "1,91,0",
                  "text": "1,89,8,38"
                }
              },
              {
                "$type": "method",
                "access": "private",
                "name": "getParams",
                "text": "Builds the full set of parameters from the field values plus any additional configured params.\n",
                "items": [
                  {
                    "$type": "param",
                    "name": "useModelValues",
                    "src": {
                      "name": "1,142,0"
                    }
                  }
                ],
                "src": {
                  "access": "1,139,8",
                  "name": "1,142,0",
                  "text": "1,140,8,95"
                }
              },
              {
                "$type": "method",
                "access": "private",
                "name": "buildForm",
                "text": "Builds a form element containing fields corresponding to all the parameters to be\nsubmitted (everything returned by {@link #getParams}.\n\nNOTE: the form element is automatically added to the DOM, so any code that uses\nit must remove it from the DOM after finishing with it.\n",
                "items": [
                  {
                    "$type": "return",
                    "type": "HTMLElement",
                    "src": {
                      "type": "1,157,17"
                    }
                  }
                ],
                "src": {
                  "access": "1,150,8",
                  "name": "1,159,0",
                  "text": "1,151,8,274"
                }
              },
              {
                "$type": "method",
                "access": "private",
                "name": "onSuccess",
                "items": [
                  {
                    "$type": "param",
                    "name": "response",
                    "src": {
                      "name": "1,253,0"
                    }
                  }
                ],
                "src": {
                  "access": "1,251,8",
                  "name": "1,253,0"
                }
              },
              {
                "$type": "method",
                "access": "private",
                "name": "handleResponse",
                "items": [
                  {
                    "$type": "param",
                    "name": "response",
                    "src": {
                      "name": "1,275,0"
                    }
                  }
                ],
                "src": {
                  "access": "1,273,8",
                  "name": "1,275,0"
                }
              },
              {
                "$type": "method",
                "name": "constructor",
                "text": "Creates new Action.\n",
                "items": [
                  {
                    "$type": "param",
                    "name": "config",
                    "optional": true,
                    "text": "Config object.\n",
                    "type": "Object",
                    "src": {
                      "name": "2,169,25",
                      "text": "2,169,33,15",
                      "type": "2,169,16"
                    }
                  }
                ],
                "src": {
                  "name": "2,171,0",
                  "text": "2,168,8,20"
                }
              },
              {
                "$type": "method",
                "name": "run",
                "text": "Invokes this action using the current configuration.\n",
                "src": {
                  "name": "2,187,0",
                  "text": "2,185,8,53"
                }
              },
              {
                "$type": "method",
                "access": "private",
                "name": "onFailure",
                "text": "Handles a failure response.\n",
                "items": [
                  {
                    "$type": "param",
                    "name": "response",
                    "type": "Object",
                    "src": {
                      "name": "2,206,24",
                      "type": "2,206,16"
                    }
                  }
                ],
                "src": {
                  "access": "2,204,8",
                  "name": "2,208,0",
                  "text": "2,205,8,28"
                }
              },
              {
                "$type": "method",
                "access": "private",
                "name": "processResponse",
                "text": "Validates that a response contains either responseText or responseXML and invokes\n{@link #handleResponse} to build the result object.\n",
                "items": [
                  {
                    "$type": "param",
                    "name": "response",
                    "text": "The raw response object.\n",
                    "type": "Object",
                    "src": {
                      "name": "2,224,24",
                      "text": "2,224,33,25",
                      "type": "2,224,16"
                    }
                  },
                  {
                    "$type": "return",
                    "text": "The result object as built by handleResponse, or `true` if\nthe response had empty responseText and responseXML.\n",
                    "type": "Object/Boolean",
                    "src": {
                      "text": "2,225,33,59:2,226,8,53",
                      "type": "2,225,17"
                    }
                  }
                ],
                "src": {
                  "access": "2,221,8",
                  "name": "2,228,0",
                  "text": "2,222,8,134"
                }
              },
              {
                "$type": "method",
                "access": "private",
                "name": "getUrl",
                "text": "Build the URL for the AJAX request. Used by the standard AJAX submit and load actions.\n",
                "items": [
                  {
                    "$type": "return",
                    "text": "The URL.\n",
                    "type": "String",
                    "src": {
                      "text": "2,239,25,9",
                      "type": "2,239,17"
                    }
                  }
                ],
                "src": {
                  "access": "2,237,8",
                  "name": "2,241,0",
                  "text": "2,238,8,87"
                }
              },
              {
                "$type": "method",
                "access": "private",
                "name": "getMethod",
                "text": "Determine the HTTP method to be used for the request.\n",
                "items": [
                  {
                    "$type": "return",
                    "text": "The HTTP method\n",
                    "type": "String",
                    "src": {
                      "text": "2,248,25,16",
                      "type": "2,248,17"
                    }
                  }
                ],
                "src": {
                  "access": "2,246,8",
                  "name": "2,250,0",
                  "text": "2,247,8,54"
                }
              },
              {
                "$type": "method",
                "access": "private",
                "name": "createCallback",
                "text": "Creates a callback object.\n",
                "src": {
                  "access": "2,265,8",
                  "name": "2,268,0",
                  "text": "2,266,8,27"
                }
              }
            ]
          },
          {
            "$type": "properties",
            "items": [
              {
                "$type": "property",
                "name": "type",
                "text": "The type of action this Action instance performs. Currently only \"submit\" and \"load\" are supported.\n",
                "type": "String",
                "src": {
                  "name": "2,110,27",
                  "text": "2,111,8,100",
                  "type": "2,110,19"
                }
              },
              {
                "$type": "property",
                "name": "failureType",
                "text": "The type of failure detected will be one of these:\n{@link #CLIENT_INVALID}, {@link #SERVER_INVALID}, {@link #CONNECT_FAILURE}, or {@link #LOAD_FAILURE}.\n\nUsage:\n\n    var fp \u003d new Ext.form.Panel({\n    ...\n    buttons: [{\n        text: \u0027Save\u0027,\n        formBind: true,\n        handler: function(){\n            if(fp.getForm().isValid()){\n                fp.getForm().submit({\n                    url: \u0027form-submit.php\u0027,\n                    waitMsg: \u0027Submitting your data...\u0027,\n                    success: function(form, action){\n                        // server responded with success \u003d true\n                        var result \u003d action.{@link #result};\n                    },\n                    failure: function(form, action){\n                        if (action.{@link #failureType} \u003d\u003d\u003d Ext.form.action.Action.CONNECT_FAILURE) {\n                            Ext.Msg.alert(\u0027Error\u0027,\n                                \u0027Status:\u0027+action.{@link #response}.status+\u0027: \u0027+\n                                action.{@link #response}.statusText);\n                        }\n                        if (action.failureType \u003d\u003d\u003d Ext.form.action.Action.SERVER_INVALID){\n                            // server responded with success \u003d false\n                            Ext.Msg.alert(\u0027Invalid\u0027, action.{@link #result}.errormsg);\n                        }\n                    }\n                });\n            }\n        }\n    },{\n        text: \u0027Reset\u0027,\n        handler: function(){\n            fp.getForm().reset();\n        }\n    }]\n",
                "type": "String",
                "src": {
                  "name": "2,115,27",
                  "text": "2,116,8,1506",
                  "type": "2,115,19"
                }
              },
              {
                "$type": "property",
                "name": "response",
                "text": "The raw XMLHttpRequest object used to perform the action.\n",
                "type": "Object",
                "src": {
                  "name": "2,158,27",
                  "text": "2,159,8,58",
                  "type": "2,158,19"
                }
              },
              {
                "$type": "property",
                "name": "result",
                "text": "The decoded response object containing a boolean `{@link #success success}` property and other, action-specific properties.\n",
                "type": "Object",
                "src": {
                  "name": "2,163,27",
                  "text": "2,164,8,107",
                  "type": "2,163,19"
                }
              }
            ]
          },
          {
            "$type": "static-properties",
            "items": [
              {
                "$type": "property",
                "name": "CLIENT_INVALID",
                "static": true,
                "text": "Failure type returned when client side validation of the Form fails thus aborting a submit action. Client\nside validation is performed unless {@link Ext.form.action.Submit#clientValidation} is explicitly set to\nfalse.\n",
                "src": {
                  "name": "2,287,0",
                  "static": "2,285,12",
                  "text": "2,282,12,218"
                }
              },
              {
                "$type": "property",
                "name": "SERVER_INVALID",
                "static": true,
                "text": "Failure type returned when server side processing fails and the {@link #result}\u0027s `{@link #success success}` property is set to\nfalse.\n\nIn the case of a form submission, field-specific error messages may be returned in the {@link #result}\u0027s\nerrors property.\n",
                "src": {
                  "name": "2,298,0",
                  "static": "2,296,12",
                  "text": "2,291,12,241"
                }
              },
              {
                "$type": "property",
                "name": "CONNECT_FAILURE",
                "static": true,
                "text": "Failure type returned when a communication error happens when attempting to send a request to the remote\nserver. The {@link #response} may be examined to provide further information.\n",
                "src": {
                  "name": "2,306,0",
                  "static": "2,304,12",
                  "text": "2,302,12,183"
                }
              },
              {
                "$type": "property",
                "name": "LOAD_FAILURE",
                "static": true,
                "text": "Failure type returned when the response\u0027s `{@link #success success}` property is set to false, or no field values are returned\nin the response\u0027s data property.\n",
                "src": {
                  "name": "2,314,0",
                  "static": "2,312,12",
                  "text": "2,310,12,143"
                }
              }
            ]
          }
        ],
        "src": {
          "alias": "0,57,0",
          "alternateClassNames": "0,56,0",
          "extends": "0,55,0",
          "mixins": "0,64,0",
          "name": "0,54,0",
          "requires": "0,60,0",
          "text": "0,2,4,1551"
        }
      }
    ]
  },
  "version": 1
}