{
  "$type": "doxi",
  "files": [
    "../../../packages/exporter/src/exporter/File.js"
  ],
  "global": {
    "$type": "namespace",
    "items": [
      {
        "$type": "class",
        "name": "Ext.exporter.File",
        "singleton": true,
        "text": "This class has methods for file manipulation.\n",
        "items": [
          {
            "$type": "methods",
            "items": [
              {
                "$type": "method",
                "name": "saveAs",
                "text": "Save a file locally using the content and name provided.\n\nBrowser\tcompatibility:\n\n- Firefox 20+: max file size 800 MiB\n- Chrome: max file size 345 MiB\n- Chrome for Android: max file size n/a\n- IE 10+: max file size 600 MiB\n- IE \u003c 10: Files are saved as text/html and max file size n/a\n- Opera 15+: max file size 345 MiB\n- Opera \u003c 15: max file size n/a\n- Safari 6.1+: max file size n/a; Blobs may be opened instead of saved sometimes—you may have\nto direct your Safari users to manually press ⌘+S to save the file after it is opened.\nUsing the application/octet-stream MIME type to force downloads can cause issues in Safari.\n- Safari \u003c 6: max file size n/a\n",
                "items": [
                  {
                    "$type": "param",
                    "name": "content",
                    "text": "File content\n",
                    "type": "String",
                    "src": {
                      "name": "0,25,24",
                      "text": "0,25,32,13",
                      "type": "0,25,16"
                    }
                  },
                  {
                    "$type": "param",
                    "name": "filename",
                    "text": "Name of the file including the extension\n",
                    "type": "String",
                    "src": {
                      "name": "0,26,24",
                      "text": "0,26,33,41",
                      "type": "0,26,16"
                    }
                  },
                  {
                    "$type": "param",
                    "name": "charset",
                    "optional": true,
                    "text": "File\u0027s charset\n",
                    "type": "String",
                    "value": "\"UTF-8\"",
                    "src": {
                      "name": "0,27,25",
                      "text": "0,27,42,15",
                      "type": "0,27,16",
                      "value": "0,27,33"
                    }
                  }
                ],
                "src": {
                  "name": "0,24,16",
                  "text": "0,8,8,658"
                }
              }
            ]
          }
        ],
        "src": {
          "name": "0,4,0",
          "singleton": "0,5,0",
          "text": "0,2,4,46"
        }
      }
    ]
  },
  "version": 1
}