{
  "$type": "doxi",
  "files": [
    "../../../ext/packages/core/src/app/route/Router.js"
  ],
  "global": {
    "$type": "namespace",
    "items": [
      {
        "$type": "class",
        "access": "private",
        "name": "Ext.app.route.Router",
        "requires": "Ext.app.route.Queue,Ext.app.route.Route,Ext.util.History",
        "singleton": true,
        "text": "The Router is an ordered set of {@link Ext.app.route.Route} definitions that decode a\nurl into a controller function to execute. Each `route` defines a type of url to match,\nalong with the controller function to call if it is matched. The Router uses the\n{@link Ext.util.History} singleton to find out when the browser\u0027s url has changed.\n\nRoutes are almost always defined inside a {@link Ext.app.Controller Controller}, as\nopposed to on the Router itself. End-developers should not usually need to interact\ndirectly with the Router as the Controllers manage everything automatically. See the\n{@link Ext.app.Controller Controller documentation} for more information on specifying\nroutes.\n",
        "items": [
          {
            "$type": "methods",
            "items": [
              {
                "$type": "method",
                "access": "private",
                "name": "onStateChange",
                "text": "React to a token\n",
                "items": [
                  {
                    "$type": "param",
                    "name": "token",
                    "text": "The token to react to.\n",
                    "type": "String",
                    "src": {
                      "name": "0,55,24",
                      "text": "0,55,30,23",
                      "type": "0,55,16"
                    }
                  }
                ],
                "src": {
                  "access": "0,54,8",
                  "name": "0,57,0",
                  "text": "0,52,8,18"
                }
              },
              {
                "$type": "method",
                "name": "connect",
                "text": "Create the {@link Ext.app.route.Route} instance and connect to the\n{@link Ext.app.route.Router} singleton.\n",
                "items": [
                  {
                    "$type": "param",
                    "name": "url",
                    "text": "The url to recognize.\n",
                    "type": "String",
                    "src": {
                      "name": "0,108,24",
                      "text": "0,108,28,22",
                      "type": "0,108,16"
                    }
                  },
                  {
                    "$type": "param",
                    "name": "action",
                    "text": "The action on the controller to execute when the url is\nmatched.\n",
                    "type": "String",
                    "src": {
                      "name": "0,109,24",
                      "text": "0,109,31,56:0,110,8,9",
                      "type": "0,109,16"
                    }
                  },
                  {
                    "$type": "param",
                    "name": "controller",
                    "text": "The controller associated with the\n{@link Ext.app.route.Route}\n",
                    "type": "Ext.app.Controller",
                    "src": {
                      "name": "0,111,36",
                      "text": "0,111,47,35:0,112,8,28",
                      "type": "0,111,16"
                    }
                  }
                ],
                "src": {
                  "name": "0,114,0",
                  "text": "0,105,8,108"
                }
              },
              {
                "$type": "method",
                "name": "disconnectAll",
                "text": "Disconnects all routes for a controller.\n",
                "items": [
                  {
                    "$type": "param",
                    "name": "controller",
                    "text": "The controller to disconnect routes from.\n",
                    "type": "Ext.app.Controller",
                    "src": {
                      "name": "0,129,36",
                      "text": "0,129,47,42",
                      "type": "0,129,16"
                    }
                  }
                ],
                "src": {
                  "name": "0,131,0",
                  "text": "0,128,8,41"
                }
              },
              {
                "$type": "method",
                "name": "recognize",
                "text": "Recognizes a url string connected to the Router, return the controller/action pair\nplus any additional config associated with it.\n",
                "items": [
                  {
                    "$type": "param",
                    "name": "url",
                    "text": "The url to recognize.\n",
                    "type": "String",
                    "src": {
                      "name": "0,150,24",
                      "text": "0,150,28,22",
                      "type": "0,150,16"
                    }
                  },
                  {
                    "$type": "return",
                    "text": "If the url was recognized, the controller and action to\ncall, else `false`.\n",
                    "type": "Object/Boolean",
                    "src": {
                      "text": "0,151,33,56:0,152,8,20",
                      "type": "0,151,17"
                    }
                  }
                ],
                "src": {
                  "name": "0,154,0",
                  "text": "0,147,8,131"
                }
              },
              {
                "$type": "method",
                "name": "draw",
                "text": "Convenience method which just calls the supplied function with the\n{@link Ext.app.route.Router} singleton. Example usage:\n\n    Ext.app.route.Router.draw(function(map) {\n        map.connect(\u0027activate/:token\u0027, {controller: \u0027users\u0027, action: \u0027activate\u0027});\n        map.connect(\u0027home\u0027,            {controller: \u0027index\u0027, action: \u0027home\u0027});\n    });\n",
                "items": [
                  {
                    "$type": "param",
                    "name": "fn",
                    "text": "The function to call\n",
                    "type": "Function",
                    "src": {
                      "name": "0,185,26",
                      "text": "0,185,29,21",
                      "type": "0,185,16"
                    }
                  }
                ],
                "src": {
                  "name": "0,187,0",
                  "text": "0,177,8,340"
                }
              },
              {
                "$type": "method",
                "name": "clear",
                "text": "Clear all the recognized routes.\n",
                "src": {
                  "name": "0,194,0",
                  "text": "0,192,8,33"
                }
              }
            ]
          },
          {
            "$type": "properties",
            "items": [
              {
                "$type": "property",
                "name": "multipleToken",
                "optional": true,
                "text": "The token to split the routes to support multiple routes.\n",
                "type": "String",
                "value": "|",
                "src": {
                  "name": "0,25,28",
                  "text": "0,25,45,58",
                  "type": "0,25,19",
                  "value": "0,25,42"
                }
              },
              {
                "$type": "property",
                "name": "queueRoutes",
                "text": "True to queue routes to be executed one after the\nother, false to execute routes immediately.\n",
                "type": "Boolean",
                "src": {
                  "name": "0,30,28",
                  "text": "0,30,40,50:0,31,8,44",
                  "type": "0,30,19"
                }
              },
              {
                "$type": "property",
                "name": "routes",
                "text": "The connected {@link Ext.app.route.Route}\ninstances.\n",
                "type": "Ext.app.route.Route[]",
                "src": {
                  "name": "0,36,42",
                  "text": "0,36,49,42:0,37,8,11",
                  "type": "0,36,19"
                }
              }
            ]
          }
        ],
        "src": {
          "access": "0,13,4",
          "name": "0,15,0",
          "requires": "0,19,0,0:0,20,0,0:0,21,0,0",
          "singleton": "0,16,0",
          "text": "0,2,4,688"
        }
      }
    ]
  },
  "version": 1
}