{
  "$type": "doxi",
  "files": [
    "../../../ext/packages/core/src/data/identifier/Sequential.js",
    "../../../ext/packages/core/src/data/identifier/Generator.js",
    "../../../ext/packages/core/src/mixin/Factoryable.js"
  ],
  "global": {
    "$type": "namespace",
    "items": [
      {
        "$type": "class",
        "alias": "data.identifier.sequential",
        "extends": "Ext.data.identifier.Generator",
        "name": "Ext.data.identifier.Sequential",
        "text": "This class is a sequential id generator. A simple use of this class would be like so:\n\n    Ext.define(\u0027MyApp.data.MyModel\u0027, {\n        extend: \u0027Ext.data.Model\u0027,\n        identifier: \u0027sequential\u0027\n    });\n    // assign id\u0027s of 1, 2, 3, etc.\n\nAn example of a configured generator would be:\n\n    Ext.define(\u0027MyApp.data.MyModel\u0027, {\n        extend: \u0027Ext.data.Model\u0027,\n        identifier: {\n            type: \u0027sequential\u0027,\n            prefix: \u0027ID_\u0027,\n            seed: 1000,\n            increment: 10\n        }\n    });\n    // assign id\u0027s of ID_1000, ID_1010, ID_1020, etc.\n",
        "items": [
          {
            "$type": "configs",
            "items": [
              {
                "$type": "property",
                "name": "increment",
                "text": "The number by which to adjust the `{@link #seed seed}` after for the next sequential id.\n",
                "type": "Number",
                "src": {
                  "name": "0,31,26",
                  "text": "0,32,12,75",
                  "type": "0,31,18"
                }
              },
              {
                "$type": "property",
                "name": "prefix",
                "text": "The string to place in front of the sequential number for each generated id.\n",
                "type": "String",
                "src": {
                  "name": "0,37,26",
                  "text": "0,38,12,77",
                  "type": "0,37,18"
                }
              },
              {
                "$type": "property",
                "name": "seed",
                "text": "The number at which to start generating sequential id\u0027s.\n",
                "type": "Number",
                "src": {
                  "name": "0,43,26",
                  "text": "0,44,12,57",
                  "type": "0,43,18"
                }
              },
              {
                "$type": "property",
                "name": "id",
                "text": "The id for this generator.\n",
                "type": "String",
                "src": {
                  "name": "1,156,26",
                  "text": "1,157,12,27",
                  "type": "1,156,18"
                }
              }
            ]
          },
          {
            "$type": "methods",
            "items": [
              {
                "$type": "method",
                "name": "generate",
                "text": "Generates and returns the next id.\n",
                "items": [
                  {
                    "$type": "return",
                    "text": "The next id. If a {@link #prefix} was specified, returns\na String, otherwise returns a Number.\n",
                    "type": "String/Number",
                    "src": {
                      "text": "0,51,32,57:0,52,8,38",
                      "type": "0,51,17"
                    }
                  }
                ],
                "src": {
                  "name": "0,54,0",
                  "text": "0,50,8,35"
                }
              },
              {
                "$type": "method",
                "name": "constructor",
                "text": "Initializes a new instance.\n",
                "items": [
                  {
                    "$type": "param",
                    "name": "config",
                    "text": "(optional) Configuration object to be applied to the new instance.\n",
                    "type": "Object",
                    "src": {
                      "name": "1,164,24",
                      "text": "1,164,31,67",
                      "type": "1,164,16"
                    }
                  }
                ],
                "src": {
                  "name": "1,166,0",
                  "text": "1,163,8,28"
                }
              },
              {
                "$type": "method",
                "access": "private",
                "name": "clone",
                "text": "Create a copy of this identifier.\n",
                "items": [
                  {
                    "$type": "return",
                    "text": "The clone\n",
                    "type": "Ext.data.identifier.Generator",
                    "src": {
                      "text": "1,192,52,10",
                      "type": "1,192,21"
                    }
                  },
                  {
                    "$type": "param",
                    "name": "config",
                    "src": {
                      "name": "1,194,0"
                    }
                  }
                ],
                "src": {
                  "access": "1,191,12",
                  "name": "1,194,0",
                  "text": "1,190,12,34"
                }
              }
            ]
          },
          {
            "$type": "properties",
            "items": [
              {
                "$type": "property",
                "name": "isGenerator",
                "text": "`true` in this class to identify an object as an instantiated IdGenerator, or subclass thereof.\n",
                "type": "Boolean",
                "src": {
                  "name": "1,149,28",
                  "text": "1,150,8,96",
                  "type": "1,149,19"
                }
              },
              {
                "$type": "property",
                "name": "factoryConfig",
                "optional": true,
                "text": "If this property is specified by the target class of this mixin its properties are\nused to configure the created `{@link Ext.Factory}`.\n",
                "type": "Object",
                "src": {
                  "name": "2,295,28",
                  "text": "2,296,8,128",
                  "type": "2,295,19"
                }
              }
            ]
          },
          {
            "$type": "static-properties",
            "items": [
              {
                "$type": "property",
                "access": "private",
                "name": "all",
                "static": true,
                "text": "This object is keyed by id to lookup instances.\n",
                "type": "Object",
                "src": {
                  "access": "1,204,16",
                  "name": "1,202,35",
                  "static": "1,205,16",
                  "text": "1,203,16,48",
                  "type": "1,202,27"
                }
              }
            ]
          }
        ],
        "src": {
          "alias": "0,27,0",
          "extends": "0,25,0",
          "name": "0,24,0",
          "text": "0,2,4,563"
        }
      }
    ]
  },
  "version": 1
}