{
  "$type": "doxi",
  "files": [
    "../../../ext/classic/classic/src/enums.js"
  ],
  "global": {
    "$type": "namespace",
    "items": [
      {
        "$type": "enum",
        "aliasPrefix": "plugin.",
        "name": "Ext.enums.Layout.Ext.enums.Widget.Ext.enums.Plugin",
        "text": "Enumeration of all ptypes.\n",
        "items": [
          {
            "$type": "properties"
          }
        ],
        "src": {
          "aliasPrefix": "0,16,28",
          "name": "0,16,11",
          "text": "0,17,4,27"
        }
      }
    ]
  },
  "version": 1
}