{
  "$type": "doxi",
  "files": [
    "../../../ext/packages/charts/src/draw/LimitedCache.js"
  ],
  "global": {
    "$type": "namespace",
    "items": [
      {
        "$type": "class",
        "access": "private",
        "name": "Ext.draw.LimitedCache",
        "text": "Limited cache is a size limited cache container that stores limited number of objects.\n\nWhen {@link #get} is called, the container will try to find the object in the list.\nIf failed it will call the {@link #feeder} to create that object. If there are too many\nobjects in the container, the old ones are removed.\n\n__Note:__ This is not using a Least Recently Used policy due to simplicity and performance consideration.\n",
        "items": [
          {
            "$type": "configs",
            "items": [
              {
                "$type": "property",
                "name": "limit",
                "text": "The amount limit of the cache.\n",
                "type": "Number",
                "src": {
                  "name": "0,18,0",
                  "text": "0,16,12,31",
                  "type": "0,15,18"
                }
              },
              {
                "$type": "property",
                "name": "feeder",
                "text": "Function that generates the object when look-up failed.\n",
                "type": "Function",
                "items": [
                  {
                    "$type": "return",
                    "type": "Number",
                    "src": {
                      "type": "0,23,21"
                    }
                  }
                ],
                "src": {
                  "name": "0,25,0",
                  "text": "0,22,12,56",
                  "type": "0,21,18"
                }
              },
              {
                "$type": "property",
                "name": "scope",
                "text": "The scope for {@link #feeder}\n",
                "type": "Object",
                "src": {
                  "name": "0,33,0",
                  "text": "0,31,12,30",
                  "type": "0,30,18"
                }
              }
            ]
          },
          {
            "$type": "methods",
            "items": [
              {
                "$type": "method",
                "name": "get",
                "text": "Get a cached object.\n",
                "items": [
                  {
                    "$type": "param",
                    "name": "id",
                    "type": "String",
                    "src": {
                      "name": "0,47,24",
                      "type": "0,47,16"
                    }
                  },
                  {
                    "$type": "param",
                    "name": "args",
                    "text": "Arguments appended to feeder.\n",
                    "type": "Mixed...",
                    "src": {
                      "name": "0,48,26",
                      "text": "0,48,31,30",
                      "type": "0,48,16"
                    }
                  },
                  {
                    "$type": "return",
                    "type": "Object",
                    "src": {
                      "type": "0,49,17"
                    }
                  }
                ],
                "src": {
                  "name": "0,51,0",
                  "text": "0,46,8,21"
                }
              },
              {
                "$type": "method",
                "name": "clear",
                "text": "Clear all the objects.\n",
                "src": {
                  "name": "0,78,0",
                  "text": "0,76,8,23"
                }
              }
            ]
          }
        ],
        "src": {
          "access": "0,9,4",
          "name": "0,11,0",
          "text": "0,2,4,419"
        }
      }
    ]
  },
  "version": 1
}