{
  "$type": "doxi",
  "files": [
    "../../../ext/packages/core/src/AbstractManager.js"
  ],
  "global": {
    "$type": "namespace",
    "items": [
      {
        "$type": "class",
        "access": "private",
        "name": "Ext.AbstractManager",
        "requires": "Ext.util.HashMap",
        "text": "Base Manager class\n",
        "items": [
          {
            "$type": "methods",
            "items": [
              {
                "$type": "method",
                "name": "get",
                "text": "Returns an item by id.\nFor additional details see {@link Ext.util.HashMap#get}.\n",
                "items": [
                  {
                    "$type": "param",
                    "name": "id",
                    "text": "The id of the item\n",
                    "type": "String",
                    "src": {
                      "name": "0,31,24",
                      "text": "0,31,27,19",
                      "type": "0,31,16"
                    }
                  },
                  {
                    "$type": "return",
                    "text": "The item, undefined if not found.\n",
                    "type": "Object",
                    "src": {
                      "text": "0,32,25,34",
                      "type": "0,32,17"
                    }
                  }
                ],
                "src": {
                  "name": "0,34,0",
                  "text": "0,29,8,80"
                }
              },
              {
                "$type": "method",
                "name": "register",
                "text": "Registers an item to be managed\n",
                "items": [
                  {
                    "$type": "param",
                    "name": "item",
                    "text": "The item to register\n",
                    "type": "Object",
                    "src": {
                      "name": "0,40,24",
                      "text": "0,40,29,21",
                      "type": "0,40,16"
                    }
                  }
                ],
                "src": {
                  "name": "0,42,0",
                  "text": "0,39,8,32"
                }
              },
              {
                "$type": "method",
                "name": "unregister",
                "text": "Unregisters an item by removing it from this manager\n",
                "items": [
                  {
                    "$type": "param",
                    "name": "item",
                    "text": "The item to unregister\n",
                    "type": "Object",
                    "src": {
                      "name": "0,58,24",
                      "text": "0,58,29,23",
                      "type": "0,58,16"
                    }
                  }
                ],
                "src": {
                  "name": "0,60,0",
                  "text": "0,57,8,53"
                }
              },
              {
                "$type": "method",
                "name": "registerType",
                "text": "Registers a new item constructor, keyed by a type key.\n",
                "items": [
                  {
                    "$type": "param",
                    "name": "type",
                    "text": "The mnemonic string by which the class may be looked up.\n",
                    "type": "String",
                    "src": {
                      "name": "0,66,24",
                      "text": "0,66,29,57",
                      "type": "0,66,16"
                    }
                  },
                  {
                    "$type": "param",
                    "name": "cls",
                    "text": "The new instance class.\n",
                    "type": "Function",
                    "src": {
                      "name": "0,67,26",
                      "text": "0,67,30,24",
                      "type": "0,67,16"
                    }
                  }
                ],
                "src": {
                  "name": "0,69,0",
                  "text": "0,65,8,55"
                }
              },
              {
                "$type": "method",
                "name": "isRegistered",
                "text": "Checks if an item type is registered.\n",
                "items": [
                  {
                    "$type": "param",
                    "name": "type",
                    "text": "The mnemonic string by which the class may be looked up\n",
                    "type": "String",
                    "src": {
                      "name": "0,76,24",
                      "text": "0,76,29,56",
                      "type": "0,76,16"
                    }
                  },
                  {
                    "$type": "return",
                    "text": "Whether the type is registered.\n",
                    "type": "Boolean",
                    "src": {
                      "text": "0,77,26,32",
                      "type": "0,77,17"
                    }
                  }
                ],
                "src": {
                  "name": "0,79,0",
                  "text": "0,75,8,38"
                }
              },
              {
                "$type": "method",
                "name": "create",
                "text": "Creates and returns an instance of whatever this manager manages, based on the supplied type and\nconfig object.\n",
                "items": [
                  {
                    "$type": "param",
                    "name": "config",
                    "text": "The config object\n",
                    "type": "Object",
                    "src": {
                      "name": "0,86,24",
                      "text": "0,86,31,18",
                      "type": "0,86,16"
                    }
                  },
                  {
                    "$type": "param",
                    "name": "defaultType",
                    "text": "If no type is discovered in the config object, we fall back to this type\n",
                    "type": "String",
                    "src": {
                      "name": "0,87,24",
                      "text": "0,87,36,73",
                      "type": "0,87,16"
                    }
                  },
                  {
                    "$type": "return",
                    "text": "The instance of whatever this manager is managing\n",
                    "type": "Object",
                    "src": {
                      "text": "0,88,25,50",
                      "type": "0,88,17"
                    }
                  }
                ],
                "src": {
                  "name": "0,90,0",
                  "text": "0,84,8,112"
                }
              },
              {
                "$type": "method",
                "name": "onAvailable",
                "text": "Registers a function that will be called when an item with the specified id is added to the manager.\nThis will happen on instantiation.\n",
                "items": [
                  {
                    "$type": "param",
                    "name": "id",
                    "text": "The item id\n",
                    "type": "String",
                    "src": {
                      "name": "0,106,24",
                      "text": "0,106,27,12",
                      "type": "0,106,16"
                    }
                  },
                  {
                    "$type": "param",
                    "name": "fn",
                    "text": "The callback function. Called with a single parameter, the item.\n",
                    "type": "Function",
                    "src": {
                      "name": "0,107,26",
                      "text": "0,107,29,65",
                      "type": "0,107,16"
                    }
                  },
                  {
                    "$type": "param",
                    "name": "scope",
                    "text": "The scope (this reference) in which the callback is executed.\nDefaults to the item.\n",
                    "type": "Object",
                    "src": {
                      "name": "0,108,24",
                      "text": "0,108,30,62:0,109,8,22",
                      "type": "0,108,16"
                    }
                  }
                ],
                "src": {
                  "name": "0,111,0",
                  "text": "0,104,8,136"
                }
              },
              {
                "$type": "method",
                "name": "each",
                "text": "Executes the specified function once for each item in the collection.\n",
                "items": [
                  {
                    "$type": "param",
                    "name": "fn",
                    "text": "The function to execute.\n",
                    "type": "Function",
                    "items": [
                      {
                        "$type": "property",
                        "name": "key",
                        "text": "The key of the item\n",
                        "type": "String",
                        "src": {
                          "name": "0,133,27",
                          "text": "0,133,31,20",
                          "type": "0,133,16"
                        }
                      },
                      {
                        "$type": "property",
                        "name": "value",
                        "text": "The value of the item\n",
                        "type": "Number",
                        "src": {
                          "name": "0,134,27",
                          "text": "0,134,33,22",
                          "type": "0,134,16"
                        }
                      },
                      {
                        "$type": "property",
                        "name": "length",
                        "text": "The total number of items in the collection\n",
                        "type": "Number",
                        "src": {
                          "name": "0,135,27",
                          "text": "0,135,34,44",
                          "type": "0,135,16"
                        }
                      },
                      {
                        "$type": "property",
                        "name": "return",
                        "text": "False to cease iteration.\n",
                        "type": "Boolean",
                        "src": {
                          "name": "0,136,28",
                          "text": "0,136,35,26",
                          "type": "0,136,16"
                        }
                      }
                    ],
                    "src": {
                      "name": "0,132,26",
                      "text": "0,132,29,25",
                      "type": "0,132,16"
                    }
                  },
                  {
                    "$type": "param",
                    "name": "scope",
                    "text": "The scope to execute in. Defaults to `this`.\n",
                    "type": "Object",
                    "src": {
                      "name": "0,137,24",
                      "text": "0,137,30,45",
                      "type": "0,137,16"
                    }
                  }
                ],
                "src": {
                  "name": "0,139,0",
                  "text": "0,131,8,70"
                }
              },
              {
                "$type": "method",
                "name": "getCount",
                "text": "Gets the number of items in the collection.\n",
                "items": [
                  {
                    "$type": "return",
                    "text": "The number of items in the collection.\n",
                    "type": "Number",
                    "src": {
                      "text": "0,145,25,39",
                      "type": "0,145,17"
                    }
                  }
                ],
                "src": {
                  "name": "0,147,0",
                  "text": "0,144,8,44"
                }
              }
            ]
          },
          {
            "$type": "properties",
            "items": [
              {
                "$type": "property",
                "name": "all",
                "text": "Contains all of the items currently managed\n",
                "type": "Ext.util.HashMap",
                "src": {
                  "name": "0,20,41",
                  "text": "0,21,12,44",
                  "type": "0,20,23"
                }
              }
            ]
          }
        ],
        "src": {
          "access": "0,3,4",
          "name": "0,6,0",
          "requires": "0,10,0",
          "text": "0,2,4,19"
        }
      }
    ]
  },
  "version": 1
}