{
  "$type": "doxi",
  "files": [
    "../../../ext/classic/classic/src/form/action/Action.js"
  ],
  "global": {
    "$type": "namespace",
    "items": [
      {
        "$type": "class",
        "alternateClassNames": "Ext.form.Action",
        "name": "Ext.form.action.Action",
        "text": "The subclasses of this class provide actions to perform upon {@link Ext.form.Basic Form}s.\n\nInstances of this class are only created by a {@link Ext.form.Basic Form} when the Form needs to perform an action\nsuch as submit or load. The Configuration options listed for this class are set through the Form\u0027s action methods:\n{@link Ext.form.Basic#submit submit}, {@link Ext.form.Basic#load load} and {@link Ext.form.Basic#doAction doAction}\n\nThe instance of Action which performed the action is passed to the success and failure callbacks of the Form\u0027s action\nmethods ({@link Ext.form.Basic#submit submit}, {@link Ext.form.Basic#load load} and\n{@link Ext.form.Basic#doAction doAction}), and to the {@link Ext.form.Basic#actioncomplete actioncomplete} and\n{@link Ext.form.Basic#actionfailed actionfailed} event handlers.\n",
        "items": [
          {
            "$type": "configs",
            "items": [
              {
                "$type": "property",
                "name": "form",
                "text": "The {@link Ext.form.Basic BasicForm} instance that is invoking this Action. Required.\n",
                "type": "Ext.form.Basic",
                "src": {
                  "name": "0,17,30",
                  "text": "0,18,8,86",
                  "type": "0,17,14"
                }
              },
              {
                "$type": "property",
                "name": "url",
                "text": "The URL that the Action is to invoke. Will default to the {@link Ext.form.Basic#url url} configured on the\n{@link #form}.\n",
                "type": "String",
                "src": {
                  "name": "0,22,22",
                  "text": "0,23,8,122",
                  "type": "0,22,14"
                }
              },
              {
                "$type": "property",
                "name": "reset",
                "text": "When set to **true**, causes the Form to be {@link Ext.form.Basic#reset reset} on Action success. If specified,\nthis happens before the {@link #success} callback is called and before the Form\u0027s\n{@link Ext.form.Basic#actioncomplete actioncomplete} event fires.\n",
                "type": "Boolean",
                "src": {
                  "name": "0,28,23",
                  "text": "0,29,8,260",
                  "type": "0,28,14"
                }
              },
              {
                "$type": "property",
                "name": "method",
                "text": "The HTTP method to use to access the requested URL.\nDefaults to the {@link Ext.form.Basic#method BasicForm\u0027s method}, or \u0027POST\u0027 if not specified.\n",
                "type": "String",
                "src": {
                  "name": "0,35,22",
                  "text": "0,36,8,146",
                  "type": "0,35,14"
                }
              },
              {
                "$type": "property",
                "name": "params",
                "text": "Extra parameter values to pass. These are added to the Form\u0027s {@link Ext.form.Basic#baseParams} and passed to the\nspecified URL along with the Form\u0027s input fields.\n\nParameters are encoded as standard HTTP parameters using {@link Ext#urlEncode Ext.Object.toQueryString}.\n",
                "type": "Object/String",
                "src": {
                  "name": "0,41,29",
                  "text": "0,42,8,270",
                  "type": "0,41,14"
                }
              },
              {
                "$type": "property",
                "name": "headers",
                "text": "Extra headers to be sent in the AJAX request for submit and load actions.\nSee {@link Ext.data.proxy.Ajax#headers}.\n\n**Note:** Headers are not sent during file upload.\n",
                "type": "Object",
                "src": {
                  "name": "0,49,22",
                  "text": "0,50,8,167",
                  "type": "0,49,14"
                }
              },
              {
                "$type": "property",
                "name": "timeout",
                "text": "The number of seconds to wait for a server response before failing with the {@link #failureType} as\n{@link Ext.form.action.Action#CONNECT_FAILURE}. If not specified, defaults to the configured\n{@link Ext.form.Basic#timeout timeout} of the {@link #form}.\n",
                "type": "Number",
                "src": {
                  "name": "0,57,22",
                  "text": "0,58,8,254",
                  "type": "0,57,14"
                }
              },
              {
                "$type": "property",
                "name": "success",
                "text": "The function to call when a valid success return packet is received.\n",
                "type": "Function/String",
                "items": [
                  {
                    "$type": "property",
                    "name": "form",
                    "text": "The form that requested the action\n",
                    "type": "Ext.form.Basic",
                    "src": {
                      "name": "0,66,38",
                      "text": "0,66,43,35",
                      "type": "0,66,14"
                    }
                  },
                  {
                    "$type": "property",
                    "name": "action",
                    "text": "The Action class. The {@link #result} property of this object may\nbe examined to perform custom post-processing.\n",
                    "type": "Ext.form.action.Action",
                    "src": {
                      "name": "0,67,46",
                      "text": "0,67,53,66:0,68,8,48",
                      "type": "0,67,14"
                    }
                  }
                ],
                "src": {
                  "name": "0,64,31",
                  "text": "0,65,8,69",
                  "type": "0,64,14"
                }
              },
              {
                "$type": "property",
                "name": "failure",
                "text": "The function to call when a failure packet was received, or when an error\noccurred in the Ajax communication.\n",
                "type": "Function/String",
                "items": [
                  {
                    "$type": "property",
                    "name": "form",
                    "text": "The form that requested the action\n",
                    "type": "Ext.form.Basic",
                    "src": {
                      "name": "0,77,38",
                      "text": "0,77,43,35",
                      "type": "0,77,14"
                    }
                  },
                  {
                    "$type": "property",
                    "name": "action",
                    "text": "The Action class. If an Ajax error\noccurred, the failure type will be in {@link #failureType}. The {@link #result}\nproperty of this object may be examined to perform custom post-processing.\n",
                    "type": "Ext.form.action.Action",
                    "src": {
                      "name": "0,78,46",
                      "text": "0,78,53,35:0,79,8,156",
                      "type": "0,78,14"
                    }
                  }
                ],
                "src": {
                  "name": "0,74,31",
                  "text": "0,75,8,110",
                  "type": "0,74,14"
                }
              },
              {
                "$type": "property",
                "name": "scope",
                "text": "The scope in which to call the configured #success and #failure callback functions\n(the `this` reference for the callback functions).\n",
                "type": "Object",
                "src": {
                  "name": "0,86,22",
                  "text": "0,87,8,134",
                  "type": "0,86,14"
                }
              },
              {
                "$type": "property",
                "name": "waitMsg",
                "text": "The message to be displayed by a call to {@link Ext.window.MessageBox#wait} during the time the action is being\nprocessed.\n",
                "type": "String",
                "src": {
                  "name": "0,92,22",
                  "text": "0,93,8,123",
                  "type": "0,92,14"
                }
              },
              {
                "$type": "property",
                "name": "waitTitle",
                "text": "The title to be displayed by a call to {@link Ext.window.MessageBox#wait} during the time the action is being\nprocessed.\n",
                "type": "String",
                "src": {
                  "name": "0,98,22",
                  "text": "0,99,8,121",
                  "type": "0,98,14"
                }
              },
              {
                "$type": "property",
                "name": "submitEmptyText",
                "text": "If set to true, the emptyText value will be sent with the form when it is submitted.\n",
                "type": "Boolean",
                "src": {
                  "name": "0,104,23",
                  "text": "0,105,8,85",
                  "type": "0,104,14"
                }
              }
            ]
          },
          {
            "$type": "methods",
            "items": [
              {
                "$type": "method",
                "name": "constructor",
                "text": "Creates new Action.\n",
                "items": [
                  {
                    "$type": "param",
                    "name": "config",
                    "optional": true,
                    "text": "Config object.\n",
                    "type": "Object",
                    "src": {
                      "name": "0,169,25",
                      "text": "0,169,33,15",
                      "type": "0,169,16"
                    }
                  }
                ],
                "src": {
                  "name": "0,171,0",
                  "text": "0,168,8,20"
                }
              },
              {
                "$type": "method",
                "name": "run",
                "text": "Invokes this action using the current configuration.\n",
                "src": {
                  "name": "0,187,0",
                  "text": "0,185,8,53"
                }
              },
              {
                "$type": "method",
                "access": "private",
                "name": "onSuccess",
                "text": "Callback method that gets invoked when the action completes successfully. Must be implemented by subclasses.\n",
                "items": [
                  {
                    "$type": "param",
                    "name": "response",
                    "type": "Object",
                    "src": {
                      "name": "0,193,24",
                      "type": "0,193,16"
                    }
                  }
                ],
                "src": {
                  "access": "0,190,8",
                  "name": "0,191,16",
                  "text": "0,192,8,109"
                }
              },
              {
                "$type": "method",
                "access": "private",
                "name": "handleResponse",
                "text": "Handles the raw response and builds a result object from it. Must be implemented by subclasses.\n",
                "items": [
                  {
                    "$type": "param",
                    "name": "response",
                    "type": "Object",
                    "src": {
                      "name": "0,200,24",
                      "type": "0,200,16"
                    }
                  }
                ],
                "src": {
                  "access": "0,197,8",
                  "name": "0,198,16",
                  "text": "0,199,8,96"
                }
              },
              {
                "$type": "method",
                "access": "private",
                "name": "onFailure",
                "text": "Handles a failure response.\n",
                "items": [
                  {
                    "$type": "param",
                    "name": "response",
                    "type": "Object",
                    "src": {
                      "name": "0,206,24",
                      "type": "0,206,16"
                    }
                  }
                ],
                "src": {
                  "access": "0,204,8",
                  "name": "0,208,0",
                  "text": "0,205,8,28"
                }
              },
              {
                "$type": "method",
                "access": "private",
                "name": "processResponse",
                "text": "Validates that a response contains either responseText or responseXML and invokes\n{@link #handleResponse} to build the result object.\n",
                "items": [
                  {
                    "$type": "param",
                    "name": "response",
                    "text": "The raw response object.\n",
                    "type": "Object",
                    "src": {
                      "name": "0,224,24",
                      "text": "0,224,33,25",
                      "type": "0,224,16"
                    }
                  },
                  {
                    "$type": "return",
                    "text": "The result object as built by handleResponse, or `true` if\nthe response had empty responseText and responseXML.\n",
                    "type": "Object/Boolean",
                    "src": {
                      "text": "0,225,33,59:0,226,8,53",
                      "type": "0,225,17"
                    }
                  }
                ],
                "src": {
                  "access": "0,221,8",
                  "name": "0,228,0",
                  "text": "0,222,8,134"
                }
              },
              {
                "$type": "method",
                "access": "private",
                "name": "getUrl",
                "text": "Build the URL for the AJAX request. Used by the standard AJAX submit and load actions.\n",
                "items": [
                  {
                    "$type": "return",
                    "text": "The URL.\n",
                    "type": "String",
                    "src": {
                      "text": "0,239,25,9",
                      "type": "0,239,17"
                    }
                  }
                ],
                "src": {
                  "access": "0,237,8",
                  "name": "0,241,0",
                  "text": "0,238,8,87"
                }
              },
              {
                "$type": "method",
                "access": "private",
                "name": "getMethod",
                "text": "Determine the HTTP method to be used for the request.\n",
                "items": [
                  {
                    "$type": "return",
                    "text": "The HTTP method\n",
                    "type": "String",
                    "src": {
                      "text": "0,248,25,16",
                      "type": "0,248,17"
                    }
                  }
                ],
                "src": {
                  "access": "0,246,8",
                  "name": "0,250,0",
                  "text": "0,247,8,54"
                }
              },
              {
                "$type": "method",
                "access": "private",
                "name": "getParams",
                "text": "Get the set of parameters specified in the BasicForm\u0027s baseParams and/or the params option.\nItems in params override items of the same name in baseParams.\n",
                "items": [
                  {
                    "$type": "return",
                    "text": "the full set of parameters\n",
                    "type": "Object",
                    "src": {
                      "text": "0,258,25,27",
                      "type": "0,258,17"
                    }
                  }
                ],
                "src": {
                  "access": "0,255,8",
                  "name": "0,260,0",
                  "text": "0,256,8,155"
                }
              },
              {
                "$type": "method",
                "access": "private",
                "name": "createCallback",
                "text": "Creates a callback object.\n",
                "src": {
                  "access": "0,265,8",
                  "name": "0,268,0",
                  "text": "0,266,8,27"
                }
              }
            ]
          },
          {
            "$type": "properties",
            "items": [
              {
                "$type": "property",
                "name": "type",
                "text": "The type of action this Action instance performs. Currently only \"submit\" and \"load\" are supported.\n",
                "type": "String",
                "src": {
                  "name": "0,110,27",
                  "text": "0,111,8,100",
                  "type": "0,110,19"
                }
              },
              {
                "$type": "property",
                "name": "failureType",
                "text": "The type of failure detected will be one of these:\n{@link #CLIENT_INVALID}, {@link #SERVER_INVALID}, {@link #CONNECT_FAILURE}, or {@link #LOAD_FAILURE}.\n\nUsage:\n\n    var fp \u003d new Ext.form.Panel({\n    ...\n    buttons: [{\n        text: \u0027Save\u0027,\n        formBind: true,\n        handler: function(){\n            if(fp.getForm().isValid()){\n                fp.getForm().submit({\n                    url: \u0027form-submit.php\u0027,\n                    waitMsg: \u0027Submitting your data...\u0027,\n                    success: function(form, action){\n                        // server responded with success \u003d true\n                        var result \u003d action.{@link #result};\n                    },\n                    failure: function(form, action){\n                        if (action.{@link #failureType} \u003d\u003d\u003d Ext.form.action.Action.CONNECT_FAILURE) {\n                            Ext.Msg.alert(\u0027Error\u0027,\n                                \u0027Status:\u0027+action.{@link #response}.status+\u0027: \u0027+\n                                action.{@link #response}.statusText);\n                        }\n                        if (action.failureType \u003d\u003d\u003d Ext.form.action.Action.SERVER_INVALID){\n                            // server responded with success \u003d false\n                            Ext.Msg.alert(\u0027Invalid\u0027, action.{@link #result}.errormsg);\n                        }\n                    }\n                });\n            }\n        }\n    },{\n        text: \u0027Reset\u0027,\n        handler: function(){\n            fp.getForm().reset();\n        }\n    }]\n",
                "type": "String",
                "src": {
                  "name": "0,115,27",
                  "text": "0,116,8,1506",
                  "type": "0,115,19"
                }
              },
              {
                "$type": "property",
                "name": "response",
                "text": "The raw XMLHttpRequest object used to perform the action.\n",
                "type": "Object",
                "src": {
                  "name": "0,158,27",
                  "text": "0,159,8,58",
                  "type": "0,158,19"
                }
              },
              {
                "$type": "property",
                "name": "result",
                "text": "The decoded response object containing a boolean `{@link #success success}` property and other, action-specific properties.\n",
                "type": "Object",
                "src": {
                  "name": "0,163,27",
                  "text": "0,164,8,107",
                  "type": "0,163,19"
                }
              }
            ]
          },
          {
            "$type": "static-properties",
            "items": [
              {
                "$type": "property",
                "name": "CLIENT_INVALID",
                "static": true,
                "text": "Failure type returned when client side validation of the Form fails thus aborting a submit action. Client\nside validation is performed unless {@link Ext.form.action.Submit#clientValidation} is explicitly set to\nfalse.\n",
                "src": {
                  "name": "0,287,0",
                  "static": "0,285,12",
                  "text": "0,282,12,218"
                }
              },
              {
                "$type": "property",
                "name": "SERVER_INVALID",
                "static": true,
                "text": "Failure type returned when server side processing fails and the {@link #result}\u0027s `{@link #success success}` property is set to\nfalse.\n\nIn the case of a form submission, field-specific error messages may be returned in the {@link #result}\u0027s\nerrors property.\n",
                "src": {
                  "name": "0,298,0",
                  "static": "0,296,12",
                  "text": "0,291,12,241"
                }
              },
              {
                "$type": "property",
                "name": "CONNECT_FAILURE",
                "static": true,
                "text": "Failure type returned when a communication error happens when attempting to send a request to the remote\nserver. The {@link #response} may be examined to provide further information.\n",
                "src": {
                  "name": "0,306,0",
                  "static": "0,304,12",
                  "text": "0,302,12,183"
                }
              },
              {
                "$type": "property",
                "name": "LOAD_FAILURE",
                "static": true,
                "text": "Failure type returned when the response\u0027s `{@link #success success}` property is set to false, or no field values are returned\nin the response\u0027s data property.\n",
                "src": {
                  "name": "0,314,0",
                  "static": "0,312,12",
                  "text": "0,310,12,143"
                }
              }
            ]
          }
        ],
        "src": {
          "alternateClassNames": "0,14,0",
          "name": "0,13,0",
          "text": "0,2,4,817"
        }
      }
    ]
  },
  "version": 1
}