{
  "$type": "doxi",
  "files": [
    "../../../ext/classic/classic/src/dd/DragDropManager.js"
  ],
  "global": {
    "$type": "namespace",
    "items": [
      {
        "$type": "class",
        "name": "Ext.dd.DragDropElement",
        "items": [
          {
            "$type": "methods",
            "items": [
              {
                "$type": "method",
                "name": "getPosX",
                "text": "Returns the X position of an html element\n",
                "items": [
                  {
                    "$type": "param",
                    "name": "el",
                    "text": "the element for which to get the position\n",
                    "type": "HTMLElement",
                    "src": {
                      "name": "0,1248,29",
                      "text": "0,1248,32,42",
                      "type": "0,1248,16"
                    }
                  },
                  {
                    "$type": "return",
                    "text": "the X coordinate\n",
                    "type": "Number",
                    "src": {
                      "text": "0,1249,25,17",
                      "type": "0,1249,17"
                    }
                  }
                ],
                "src": {
                  "name": "0,1251,0",
                  "text": "0,1247,8,42"
                }
              },
              {
                "$type": "method",
                "name": "getPosY",
                "text": "Returns the Y position of an html element\n",
                "items": [
                  {
                    "$type": "param",
                    "name": "el",
                    "text": "the element for which to get the position\n",
                    "type": "HTMLElement",
                    "src": {
                      "name": "0,1257,29",
                      "text": "0,1257,32,42",
                      "type": "0,1257,16"
                    }
                  },
                  {
                    "$type": "return",
                    "text": "the Y coordinate\n",
                    "type": "Number",
                    "src": {
                      "text": "0,1258,25,17",
                      "type": "0,1258,17"
                    }
                  }
                ],
                "src": {
                  "name": "0,1260,0",
                  "text": "0,1256,8,42"
                }
              },
              {
                "$type": "method",
                "name": "swapNode",
                "text": "Swap two nodes.  In IE, we use the native method, for others we\nemulate the IE behavior\n",
                "items": [
                  {
                    "$type": "param",
                    "name": "n1",
                    "text": "the first node to swap\n",
                    "type": "HTMLElement",
                    "src": {
                      "name": "0,1267,29",
                      "text": "0,1267,32,23",
                      "type": "0,1267,16"
                    }
                  },
                  {
                    "$type": "param",
                    "name": "n2",
                    "text": "the other node to swap\n",
                    "type": "HTMLElement",
                    "src": {
                      "name": "0,1268,29",
                      "text": "0,1268,32,23",
                      "type": "0,1268,16"
                    }
                  }
                ],
                "src": {
                  "name": "0,1270,0",
                  "text": "0,1265,8,88"
                }
              },
              {
                "$type": "method",
                "access": "private",
                "name": "getScroll",
                "text": "Returns the current scroll position\n",
                "src": {
                  "access": "0,1290,8",
                  "name": "0,1292,0",
                  "text": "0,1289,8,36"
                }
              },
              {
                "$type": "method",
                "name": "getStyle",
                "text": "Returns the specified element style property\n",
                "items": [
                  {
                    "$type": "param",
                    "name": "el",
                    "text": "the element\n",
                    "type": "HTMLElement",
                    "src": {
                      "name": "0,1315,29",
                      "text": "0,1315,32,12",
                      "type": "0,1315,16"
                    }
                  },
                  {
                    "$type": "param",
                    "name": "styleProp",
                    "text": "the style property\n",
                    "type": "String",
                    "src": {
                      "name": "0,1316,29",
                      "text": "0,1316,39,19",
                      "type": "0,1316,16"
                    }
                  },
                  {
                    "$type": "return",
                    "text": "The value of the style property\n",
                    "type": "String",
                    "src": {
                      "text": "0,1317,25,32",
                      "type": "0,1317,17"
                    }
                  }
                ],
                "src": {
                  "name": "0,1319,0",
                  "text": "0,1314,8,45"
                }
              },
              {
                "$type": "method",
                "name": "getScrollTop",
                "text": "Gets the scrollTop\n",
                "items": [
                  {
                    "$type": "return",
                    "text": "the document\u0027s scrollTop\n",
                    "type": "Number",
                    "src": {
                      "text": "0,1325,25,25",
                      "type": "0,1325,17"
                    }
                  }
                ],
                "src": {
                  "name": "0,1327,0",
                  "text": "0,1324,8,19"
                }
              },
              {
                "$type": "method",
                "name": "getScrollLeft",
                "text": "Gets the scrollLeft\n",
                "items": [
                  {
                    "$type": "return",
                    "text": "the document\u0027s scrollTop\n",
                    "type": "Number",
                    "src": {
                      "text": "0,1333,25,25",
                      "type": "0,1333,17"
                    }
                  }
                ],
                "src": {
                  "name": "0,1335,0",
                  "text": "0,1332,8,20"
                }
              },
              {
                "$type": "method",
                "name": "moveToEl",
                "text": "Sets the x/y position of an element to the location of the\ntarget element.\n",
                "items": [
                  {
                    "$type": "param",
                    "name": "moveEl",
                    "text": "The element to move\n",
                    "type": "HTMLElement",
                    "src": {
                      "name": "0,1342,29",
                      "text": "0,1342,36,20",
                      "type": "0,1342,16"
                    }
                  },
                  {
                    "$type": "param",
                    "name": "targetEl",
                    "text": "The position reference element\n",
                    "type": "HTMLElement",
                    "src": {
                      "name": "0,1343,29",
                      "text": "0,1343,38,31",
                      "type": "0,1343,16"
                    }
                  }
                ],
                "src": {
                  "name": "0,1345,0",
                  "text": "0,1340,8,75"
                }
              },
              {
                "$type": "method",
                "name": "numericSort",
                "text": "Numeric array sort function\n",
                "items": [
                  {
                    "$type": "param",
                    "name": "a",
                    "type": "Number",
                    "src": {
                      "name": "0,1352,24",
                      "type": "0,1352,16"
                    }
                  },
                  {
                    "$type": "param",
                    "name": "b",
                    "type": "Number",
                    "src": {
                      "name": "0,1353,24",
                      "type": "0,1353,16"
                    }
                  },
                  {
                    "$type": "return",
                    "text": "positive, negative or 0\n",
                    "type": "Number",
                    "src": {
                      "text": "0,1354,25,24",
                      "type": "0,1354,17"
                    }
                  }
                ],
                "src": {
                  "name": "0,1356,0",
                  "text": "0,1351,8,28"
                }
              },
              {
                "$type": "method",
                "name": "handleWasClicked",
                "text": "Recursively searches the immediate parent and all child nodes for\nthe handle element in order to determine wheter or not it was\nclicked.\n",
                "items": [
                  {
                    "$type": "param",
                    "name": "node",
                    "text": "the html element to inspect\n",
                    "type": "HTMLElement",
                    "src": {
                      "name": "0,1364,29",
                      "text": "0,1364,34,28",
                      "type": "0,1364,16"
                    }
                  }
                ],
                "src": {
                  "name": "0,1366,0",
                  "text": "0,1361,8,137"
                }
              }
            ]
          }
        ],
        "src": {
          "name": "0,1244,16"
        }
      }
    ]
  },
  "version": 1
}