{
  "$type": "doxi",
  "files": [
    "../../../ext/packages/core/src/data/validator/Validator.js",
    "../../../ext/packages/core/src/mixin/Factoryable.js"
  ],
  "global": {
    "$type": "namespace",
    "items": [
      {
        "$type": "class",
        "alias": "data.validator.base",
        "mixins": "Ext.mixin.Factoryable",
        "name": "Ext.data.validator.Validator",
        "text": "The base class for validators to be used to validate {@link Ext.data.Field fields} in\na {@link Ext.data.Model model}.\n\nThe model will call the {@link #validate} method, which may be overridden by subclasses.\n",
        "items": [
          {
            "$type": "methods",
            "items": [
              {
                "$type": "method",
                "name": "constructor",
                "text": "Creates new Validator.\n",
                "items": [
                  {
                    "$type": "param",
                    "name": "config",
                    "text": "A config object. A function may also be passed,\nwhich will be used as the {@link #validate} method for this validator.\n",
                    "type": "Object/Function",
                    "src": {
                      "name": "0,39,33",
                      "text": "0,39,40,48:0,40,8,71",
                      "type": "0,39,16"
                    }
                  }
                ],
                "src": {
                  "name": "0,42,0",
                  "text": "0,38,8,23"
                }
              },
              {
                "$type": "method",
                "name": "validate",
                "text": "Validates the passed value.\n",
                "items": [
                  {
                    "$type": "param",
                    "name": "value",
                    "text": "The value\n",
                    "type": "Object",
                    "src": {
                      "name": "0,53,24",
                      "text": "0,53,30,10",
                      "type": "0,53,16"
                    }
                  },
                  {
                    "$type": "param",
                    "name": "record",
                    "text": "The record\n",
                    "type": "Ext.data.Model",
                    "src": {
                      "name": "0,54,32",
                      "text": "0,54,39,11",
                      "type": "0,54,16"
                    }
                  },
                  {
                    "$type": "return",
                    "text": "`true` if the value is valid. A string may be returned if the value\nis not valid, to indicate an error message. Any other non `true` value indicates the value\nis not valid.\n",
                    "type": "Boolean/String",
                    "src": {
                      "text": "0,55,33,68:0,56,8,105",
                      "type": "0,55,17"
                    }
                  }
                ],
                "src": {
                  "name": "0,59,0",
                  "text": "0,52,8,28"
                }
              },
              {
                "$type": "method",
                "access": "private",
                "name": "clone",
                "text": "Creates a copy of this validator\n",
                "items": [
                  {
                    "$type": "return",
                    "text": "The clone\n",
                    "type": "Ext.data.validator.Validator",
                    "src": {
                      "text": "0,66,47,10",
                      "type": "0,66,17"
                    }
                  }
                ],
                "src": {
                  "access": "0,65,8",
                  "name": "0,68,0",
                  "text": "0,64,8,33"
                }
              }
            ]
          },
          {
            "$type": "properties",
            "items": [
              {
                "$type": "property",
                "name": "type",
                "text": "A string representation of this format.\n",
                "type": "String",
                "src": {
                  "name": "0,17,27",
                  "text": "0,18,8,40",
                  "type": "0,17,19"
                }
              },
              {
                "$type": "property",
                "name": "factoryConfig",
                "optional": true,
                "text": "If this property is specified by the target class of this mixin its properties are\nused to configure the created `{@link Ext.Factory}`.\n",
                "type": "Object",
                "src": {
                  "name": "1,295,28",
                  "text": "1,296,8,128",
                  "type": "1,295,19"
                }
              }
            ]
          }
        ],
        "src": {
          "alias": "0,12,0",
          "mixins": "0,9,0",
          "name": "0,7,0",
          "text": "0,2,4,208"
        }
      }
    ]
  },
  "version": 1
}