{
  "$type": "doxi",
  "files": [
    "../../../ext/packages/charts/src/draw/gradient/Gradient.js"
  ],
  "global": {
    "$type": "namespace",
    "items": [
      {
        "$type": "class",
        "name": "Ext.draw.gradient.Gradient",
        "requires": "Ext.draw.Color",
        "text": "\nCreates a gradient.\n",
        "items": [
          {
            "$type": "configs",
            "items": [
              {
                "$type": "property",
                "name": "stops",
                "text": "Defines the stops of the gradient.\n",
                "src": {
                  "name": "0,16,0",
                  "text": "0,14,12,35"
                }
              }
            ]
          },
          {
            "$type": "methods",
            "items": [
              {
                "$type": "method",
                "access": "protected",
                "name": "generateGradient",
                "text": "Generates the gradient for the given context.\n",
                "items": [
                  {
                    "$type": "param",
                    "name": "ctx",
                    "text": "The context.\n",
                    "type": "Ext.draw.engine.SvgContext",
                    "src": {
                      "name": "0,55,44",
                      "text": "0,55,48,13",
                      "type": "0,55,16"
                    }
                  },
                  {
                    "$type": "param",
                    "name": "bbox",
                    "type": "Object",
                    "src": {
                      "name": "0,56,24",
                      "type": "0,56,16"
                    }
                  },
                  {
                    "$type": "return",
                    "type": "Object",
                    "src": {
                      "type": "0,57,17"
                    }
                  }
                ],
                "src": {
                  "access": "0,53,8",
                  "name": "0,59,0",
                  "text": "0,54,8,46"
                }
              }
            ]
          }
        ],
        "src": {
          "name": "0,2,11",
          "requires": "0,8,0",
          "text": "0,3,4,21"
        }
      }
    ]
  },
  "version": 1
}