{
  "$type": "doxi",
  "files": [
    "../../../ext/classic/classic/src/form/action/DirectAction.js"
  ],
  "global": {
    "$type": "namespace",
    "items": [
      {
        "$type": "class",
        "access": "private",
        "extends": "Ext.Mixin",
        "name": "Ext.form.action.DirectAction",
        "text": "A mixin that contains methods specific to Ext Direct actions shared\nby DirectLoad and DirectSubmit.\n",
        "src": {
          "access": "0,5,4",
          "extends": "0,8,0",
          "name": "0,2,11",
          "text": "0,3,4,100"
        }
      }
    ]
  },
  "version": 1
}