{
  "$type": "doxi",
  "files": [
    "../../../ext/packages/charts/src/draw/engine/SvgContext.js"
  ],
  "global": {
    "$type": "namespace",
    "items": [
      {
        "$type": "class",
        "name": "Ext.draw.engine.SvgContext.Gradient",
        "items": [
          {
            "$type": "methods",
            "items": [
              {
                "$type": "method",
                "name": "addColorStop",
                "text": "Adds a color stop with the given color to the gradient at the given offset. 0.0 is the offset at one end of the gradient, 1.0 is the offset at the other end.\n",
                "items": [
                  {
                    "$type": "param",
                    "name": "offset",
                    "type": "Number",
                    "src": {
                      "name": "0,703,24",
                      "type": "0,703,16"
                    }
                  },
                  {
                    "$type": "param",
                    "name": "color",
                    "type": "String",
                    "src": {
                      "name": "0,704,24",
                      "type": "0,704,16"
                    }
                  }
                ],
                "src": {
                  "name": "0,706,0",
                  "text": "0,702,8,158"
                }
              }
            ]
          }
        ],
        "src": {
          "name": "0,673,11"
        }
      }
    ]
  },
  "version": 1
}