{
  "$type": "doxi",
  "files": [
    "../../../ext/packages/charts/src/chart/plugin/ItemEvents.js",
    "../../../ext/packages/core/src/plugin/Abstract.js",
    "../../../ext/classic/classic/overrides/plugin/Abstract.js"
  ],
  "global": {
    "$type": "namespace",
    "items": [
      {
        "$type": "class",
        "alias": "plugin.chartitemevents",
        "extends": "Ext.plugin.Abstract",
        "name": "Ext.chart.plugin.ItemEvents",
        "text": "A chart {@link Ext.AbstractPlugin plugin} that adds ability to listen to chart series\nitems events. Item event listeners are passed two parameters: the target item and the\nevent itself. The item object has the following properties:\n\n* **category** - the category the item falls under: \u0027items\u0027 or \u0027markers\u0027\n* **field** - the store field used by this series item\n* **index** - the index of the series item\n* **record** - the store record associated with this series item\n* **series** - the series the item belongs to\n* **sprite** - the sprite used to represents this series item\n\nFor example:\n\n    Ext.create(\u0027Ext.chart.CartesianChart\u0027, {\n        plugins: {\n            ptype: \u0027chartitemevents\u0027,\n            moveEvents: true\n        },\n        store: {\n            fields: [\u0027pet\u0027, \u0027households\u0027, \u0027total\u0027],\n            data: [\n                {pet: \u0027Cats\u0027, households: 38, total: 93},\n                {pet: \u0027Dogs\u0027, households: 45, total: 79},\n                {pet: \u0027Fish\u0027, households: 13, total: 171}\n            ]\n        },\n        axes: [{\n            type: \u0027numeric\u0027,\n            position: \u0027left\u0027\n        }, {\n            type: \u0027category\u0027,\n            position: \u0027bottom\u0027\n        }],\n        series: [{\n            type: \u0027bar\u0027,\n            xField: \u0027pet\u0027,\n            yField: \u0027households\u0027,\n            listeners: {\n                itemmousemove: function (series, item, event) {\n                     console.log(\u0027itemmousemove\u0027, item.category, item.field);\n                }\n            }\n        }, {\n            type: \u0027line\u0027,\n            xField: \u0027pet\u0027,\n            yField: \u0027total\u0027,\n            marker: true\n        }],\n        listeners: { // Listen to itemclick events on all series.\n            itemclick: function (chart, item, event) {\n                console.log(\u0027itemclick\u0027, item.category, item.field);\n            }\n        }\n    });\n",
        "items": [
          {
            "$type": "configs",
            "items": [
              {
                "$type": "property",
                "name": "moveEvents",
                "optional": true,
                "text": "If `itemmousemove`, `itemmouseover` or `itemmouseout` event listeners are attached\nto the chart, the plugin will detect those and will hit test series items on\nevery move. However, if the above item events are attached on the series level\nonly, this config has to be set to true, as the plugin won\u0027t perform a similar\ndetection on every series.\n",
                "type": "Boolean",
                "value": "false",
                "src": {
                  "name": "0,63,24",
                  "text": "0,64,8,345",
                  "type": "0,63,14",
                  "value": "0,63,35"
                }
              },
              {
                "$type": "property",
                "name": "pluginId",
                "text": "A name for the plugin that can be set at creation time to then retrieve the plugin\nthrough {@link Ext.Component#getPlugin getPlugin} method.  For example:\n\n    var grid \u003d Ext.create(\u0027Ext.grid.Panel\u0027, {\n        plugins: [{\n            ptype: \u0027cellediting\u0027,\n            clicksToEdit: 2,\n            pluginId: \u0027cellplugin\u0027\n        }]\n    });\n\n    // later on:\n    var plugin \u003d grid.getPlugin(\u0027cellplugin\u0027);\n",
                "type": "String",
                "src": {
                  "name": "1,61,22",
                  "text": "1,62,8,404",
                  "type": "1,61,14"
                }
              },
              {
                "$type": "property",
                "name": "stateEvents",
                "text": "The configured list of stateEvents used to (optionally) participate in Owner Component\u0027s state management.\n",
                "type": "String|Array",
                "src": {
                  "name": "2,13,28",
                  "text": "2,14,8,107",
                  "type": "2,13,14"
                }
              }
            ]
          },
          {
            "$type": "methods",
            "items": [
              {
                "$type": "method",
                "name": "constructor",
                "text": "Instantiates the plugin.\n",
                "items": [
                  {
                    "$type": "param",
                    "name": "config",
                    "optional": true,
                    "text": "Configuration object.\n",
                    "type": "Object",
                    "src": {
                      "name": "1,27,25",
                      "text": "1,27,33,22",
                      "type": "1,27,16"
                    }
                  }
                ],
                "src": {
                  "name": "1,29,0",
                  "text": "1,26,8,25"
                }
              },
              {
                "$type": "method",
                "name": "clonePlugin",
                "text": "Creates clone of the plugin.\n",
                "items": [
                  {
                    "$type": "param",
                    "name": "overrideCfg",
                    "optional": true,
                    "text": "Additional config for the derived plugin.\n",
                    "type": "Object",
                    "src": {
                      "name": "1,38,25",
                      "text": "1,38,38,42",
                      "type": "1,38,16"
                    }
                  }
                ],
                "src": {
                  "name": "1,40,0",
                  "text": "1,37,8,29"
                }
              },
              {
                "$type": "method",
                "name": "setCmp",
                "text": "Sets the component to which this plugin is attached.\n",
                "items": [
                  {
                    "$type": "param",
                    "name": "cmp",
                    "text": "Owner component.\n",
                    "type": "Ext.Component",
                    "src": {
                      "name": "1,46,31",
                      "text": "1,46,35,17",
                      "type": "1,46,16"
                    }
                  }
                ],
                "src": {
                  "name": "1,48,0",
                  "text": "1,45,8,53"
                }
              },
              {
                "$type": "method",
                "name": "getCmp",
                "text": "Returns the component to which this plugin is attached.\n",
                "items": [
                  {
                    "$type": "return",
                    "text": "Owner component.\n",
                    "type": "Ext.Component",
                    "src": {
                      "text": "1,54,32,17",
                      "type": "1,54,17"
                    }
                  }
                ],
                "src": {
                  "name": "1,56,0",
                  "text": "1,53,8,56"
                }
              },
              {
                "$type": "method",
                "name": "init",
                "text": "The init method is invoked after initComponent method has been run for the client Component.\n\nThe supplied implementation is empty. Subclasses should perform plugin initialization, and set up bidirectional\nlinks between the plugin and its client Component in their own implementation of this method.\n",
                "items": [
                  {
                    "$type": "param",
                    "name": "client",
                    "text": "The client Component which owns this plugin.\n",
                    "type": "Ext.Component",
                    "src": {
                      "name": "1,83,31",
                      "text": "1,83,38,45",
                      "type": "1,83,16"
                    }
                  }
                ],
                "src": {
                  "name": "1,85,0",
                  "text": "1,79,8,300"
                }
              },
              {
                "$type": "method",
                "name": "destroy",
                "text": "The destroy method is invoked by the owning Component at the time the Component is\nbeing destroyed.\n",
                "src": {
                  "name": "1,91,16",
                  "text": "1,88,8,101"
                }
              },
              {
                "$type": "method",
                "name": "getState",
                "text": "The getState method is invoked by the client Component\u0027s State mixin when one or more of the the specified {@link #stateEvents} are raised.\n\nThe supplied implementation is empty. If plugin Subclasses are to (optionally) participate in the client Component\u0027s\nstate management, implementers should provide a suitable method which returns a state object.\n",
                "items": [
                  {
                    "$type": "return",
                    "text": "state\n",
                    "type": "Object",
                    "src": {
                      "text": "2,24,25,6",
                      "type": "2,24,17"
                    }
                  }
                ],
                "src": {
                  "name": "2,27,0",
                  "text": "2,20,8,352"
                }
              },
              {
                "$type": "method",
                "name": "applyState",
                "text": "The applyState method is invoked by the client Component\u0027s State mixin after initComponent method has been run for the client.\n\nThe supplied implementation is empty. If plugin Subclasses are to (optionally) participate in the client Component\u0027s\nstate management, implementers should provide a suitable method to utilize it.\n",
                "items": [
                  {
                    "$type": "param",
                    "name": "state",
                    "text": "The current plugin state object to be applied.\n",
                    "type": "Object",
                    "src": {
                      "name": "2,35,24",
                      "text": "2,35,30,47",
                      "type": "2,35,16"
                    }
                  },
                  {
                    "$type": "param",
                    "name": "allState",
                    "text": "The current aggregate state of the Component and all plugins.\n",
                    "type": "Object",
                    "src": {
                      "name": "2,36,24",
                      "text": "2,36,33,62",
                      "type": "2,36,16"
                    }
                  }
                ],
                "src": {
                  "name": "2,39,0",
                  "text": "2,31,8,324"
                }
              },
              {
                "$type": "method",
                "name": "enable",
                "text": "The base implementation just sets the plugin\u0027s `disabled` flag to `false`\n\nPlugin subclasses which need more complex processing may implement an overriding implementation.\n",
                "src": {
                  "name": "2,47,0",
                  "text": "2,42,8,172"
                }
              },
              {
                "$type": "method",
                "name": "disable",
                "text": "The base implementation just sets the plugin\u0027s `disabled` flag to `true`\n\nPlugin subclasses which need more complex processing may implement an overriding implementation.\n",
                "src": {
                  "name": "2,57,0",
                  "text": "2,52,8,171"
                }
              }
            ]
          },
          {
            "$type": "properties",
            "items": [
              {
                "$type": "property",
                "name": "isPlugin",
                "text": "`true` in this class to identify an object as an instantiated Plugin, or subclass thereof.\n",
                "type": "Boolean",
                "src": {
                  "name": "1,20,28",
                  "text": "1,21,8,91",
                  "type": "1,20,19"
                }
              }
            ]
          }
        ],
        "src": {
          "alias": "0,60,0",
          "extends": "0,59,0",
          "name": "0,58,0",
          "text": "0,2,4,1377:0,41,3,78:0,42,4,387"
        }
      }
    ]
  },
  "version": 1
}