{
  "$type": "doxi",
  "files": [
    "../../../ext/packages/charts/src/draw/engine/excanvas.js"
  ],
  "global": {
    "$type": "namespace",
    "items": [
      {
        "$type": "class",
        "access": "private",
        "name": "Ext.draw.engine.excanvas",
        "items": [
          {
            "$type": "methods",
            "items": [
              {
                "$type": "method",
                "name": "initElement",
                "text": "Public initializes a canvas element so that it can be used as canvas\nelement from now on. This is called automatically before the page is\nloaded but if you are creating elements using createElement you need to\nmake sure this is called on the element.\n",
                "items": [
                  {
                    "$type": "param",
                    "name": "el",
                    "text": "The canvas element to initialize.\n",
                    "type": "HTMLElement",
                    "src": {
                      "name": "0,149,29",
                      "text": "0,149,32,34",
                      "type": "0,149,16"
                    }
                  },
                  {
                    "$type": "return",
                    "text": "the element that was created.\n",
                    "type": "HTMLElement",
                    "src": {
                      "text": "0,150,30,30",
                      "type": "0,150,17"
                    }
                  }
                ],
                "src": {
                  "name": "0,152,0",
                  "text": "0,145,8,251"
                }
              }
            ]
          }
        ],
        "src": {
          "access": "0,4,4",
          "name": "0,3,11"
        }
      }
    ]
  },
  "version": 1
}