{
  "$type": "doxi",
  "files": [
    "../../../ext/packages/amf/src/data/amf/RemotingMessage.js"
  ],
  "global": {
    "$type": "namespace",
    "items": [
      {
        "$type": "class",
        "name": "Ext.data.amf.RemotingMessage",
        "text": "Represents a remote call to be sent to the server.\n",
        "items": [
          {
            "$type": "methods",
            "items": [
              {
                "$type": "method",
                "name": "constructor",
                "text": "Creates new message.\n",
                "items": [
                  {
                    "$type": "param",
                    "name": "config",
                    "text": "Configuration options\n",
                    "type": "Object",
                    "src": {
                      "name": "0,67,24",
                      "text": "0,67,31,22",
                      "type": "0,67,16"
                    }
                  }
                ],
                "src": {
                  "name": "0,69,0",
                  "text": "0,66,8,21"
                }
              },
              {
                "$type": "method",
                "name": "encodeMessage",
                "text": "Returns an AMFX encoded version of the message.\n",
                "src": {
                  "name": "0,78,0",
                  "text": "0,76,8,48"
                }
              }
            ]
          },
          {
            "$type": "properties",
            "items": [
              {
                "$type": "property",
                "name": "body",
                "text": "typically an array of parameters to pass to a method call\n",
                "type": "Array",
                "src": {
                  "name": "0,16,30",
                  "text": "0,16,35,58",
                  "type": "0,16,23"
                }
              },
              {
                "$type": "property",
                "name": "clientID",
                "text": "identifies the calling client.\n",
                "type": "String",
                "src": {
                  "name": "0,21,31",
                  "text": "0,21,40,31",
                  "type": "0,21,23"
                }
              },
              {
                "$type": "property",
                "name": "destination",
                "text": "the service destination on the server\n",
                "type": "String",
                "src": {
                  "name": "0,26,31",
                  "text": "0,26,43,38",
                  "type": "0,26,23"
                }
              },
              {
                "$type": "property",
                "name": "headers",
                "text": "the headers to attach to the message.\nWould typically contain the DSEndpoint and DSId fields.\n",
                "type": "Object",
                "src": {
                  "name": "0,31,31",
                  "text": "0,31,39,38:0,32,12,56",
                  "type": "0,31,23"
                }
              },
              {
                "$type": "property",
                "name": "messageId",
                "text": "message identifier\n",
                "type": "String",
                "src": {
                  "name": "0,37,31",
                  "text": "0,37,41,19",
                  "type": "0,37,23"
                }
              },
              {
                "$type": "property",
                "name": "operation",
                "text": "the method name to call\n",
                "type": "String",
                "src": {
                  "name": "0,42,31",
                  "text": "0,42,41,24",
                  "type": "0,42,23"
                }
              },
              {
                "$type": "property",
                "name": "source",
                "text": "should be empty for security purposes\n",
                "type": "Array",
                "src": {
                  "name": "0,47,30",
                  "text": "0,47,37,38",
                  "type": "0,47,23"
                }
              },
              {
                "$type": "property",
                "name": "timestamp",
                "text": "when the message was created\n",
                "type": "Number",
                "src": {
                  "name": "0,52,31",
                  "text": "0,52,41,29",
                  "type": "0,52,23"
                }
              },
              {
                "$type": "property",
                "name": "timeToLive",
                "text": "how long the message is still valid for passing\n",
                "type": "Number",
                "src": {
                  "name": "0,57,31",
                  "text": "0,57,42,48",
                  "type": "0,57,23"
                }
              }
            ]
          }
        ],
        "src": {
          "name": "0,3,11",
          "text": "0,4,4,51"
        }
      }
    ]
  },
  "version": 1
}