{
  "$type": "doxi",
  "files": [
    "../../../ext/packages/charts/src/chart/MarkerHolder.js"
  ],
  "global": {
    "$type": "namespace",
    "items": [
      {
        "$type": "class",
        "extends": "Ext.Mixin",
        "name": "Ext.chart.MarkerHolder",
        "text": "Mixin that provides the functionality to place markers.\n",
        "items": [
          {
            "$type": "methods",
            "items": [
              {
                "$type": "method",
                "deprecatedMessage": "Use {@link #getMarker} instead.\n",
                "deprecatedVersion": "6.0",
                "name": "getBoundMarker",
                "text": "Returns the markers bound to the given name.\n",
                "items": [
                  {
                    "$type": "param",
                    "name": "name",
                    "text": "The name of the marker (e.g., \"items\", \"labels\", etc.).\n",
                    "type": "String",
                    "src": {
                      "name": "0,31,36",
                      "text": "0,31,41,56",
                      "type": "0,31,28"
                    }
                  },
                  {
                    "$type": "return",
                    "type": "Ext.chart.Markers[]",
                    "src": {
                      "type": "0,32,29"
                    }
                  }
                ],
                "src": {
                  "deprecatedMessage": "0,34,20",
                  "deprecatedVersion": "0,34,20",
                  "name": "0,33,28",
                  "text": "0,30,20,45"
                }
              },
              {
                "$type": "method",
                "name": "bindMarker",
                "text": "Registers the given marker with the marker holder under the specified name.\n",
                "items": [
                  {
                    "$type": "param",
                    "name": "name",
                    "text": "The name of the marker (e.g., \"items\", \"labels\", etc.).\n",
                    "type": "String",
                    "src": {
                      "name": "0,54,24",
                      "text": "0,54,29,56",
                      "type": "0,54,16"
                    }
                  },
                  {
                    "$type": "param",
                    "name": "marker",
                    "type": "Ext.chart.Markers",
                    "src": {
                      "name": "0,55,35",
                      "type": "0,55,16"
                    }
                  }
                ],
                "src": {
                  "name": "0,57,0",
                  "text": "0,53,8,76"
                }
              },
              {
                "$type": "method",
                "name": "releaseMarker",
                "text": "Unregisters the given marker or a marker with the given name.\nProviding a name of the marker is more efficient as it avoids lookup.\n",
                "items": [
                  {
                    "$type": "param",
                    "name": "marker",
                    "type": "String/Ext.chart.Markers",
                    "src": {
                      "name": "0,80,15",
                      "type": "0,80,23"
                    }
                  },
                  {
                    "$type": "return",
                    "text": "Released marker or null.\n",
                    "type": "Ext.chart.Markers",
                    "src": {
                      "text": "0,81,36,25",
                      "type": "0,81,17"
                    }
                  }
                ],
                "src": {
                  "name": "0,83,0",
                  "text": "0,78,8,132"
                }
              },
              {
                "$type": "method",
                "name": "getMarker",
                "text": "Returns the marker bound to the given name (or null). See {@link #bindMarker}.\n",
                "items": [
                  {
                    "$type": "param",
                    "name": "name",
                    "text": "The name of the marker (e.g., \"items\", \"labels\", etc.).\n",
                    "type": "String",
                    "src": {
                      "name": "0,105,24",
                      "text": "0,105,29,56",
                      "type": "0,105,16"
                    }
                  },
                  {
                    "$type": "return",
                    "type": "Ext.chart.Markers",
                    "src": {
                      "type": "0,106,17"
                    }
                  }
                ],
                "src": {
                  "name": "0,108,0",
                  "text": "0,104,8,79"
                }
              }
            ]
          }
        ],
        "src": {
          "extends": "0,5,0",
          "name": "0,4,0",
          "text": "0,2,4,56"
        }
      }
    ]
  },
  "version": 1
}