{
  "$type": "doxi",
  "files": [
    "../../../ext/packages/core/src/dom/Shim.js",
    "../../../ext/packages/core/src/dom/Underlay.js"
  ],
  "global": {
    "$type": "namespace",
    "items": [
      {
        "$type": "class",
        "access": "private",
        "extends": "Ext.dom.Underlay",
        "name": "Ext.dom.Shim",
        "text": "Simple class that provides an iframe shim for any absolutely positioned {@link\nExt.dom.Element Element} to prevent windowed objects from showing through.\n\nNot meant to be used directly. Internally shims are applied to Elements using\n{@link Ext.dom.Element#enableShim enableShim}.  Developers should use the\n{@link Ext.util.Floating#shim shim} config to add shims to their\n{@link Ext.Component Components} or set {@link Ext#useShims Ext.useShims}\u003dtrue.\n",
        "items": [
          {
            "$type": "configs",
            "items": [
              {
                "$type": "property",
                "name": "target",
                "text": "The target element\n",
                "type": "Ext.dom.Element",
                "src": {
                  "name": "1,14,31",
                  "text": "1,15,8,19",
                  "type": "1,14,14"
                }
              },
              {
                "$type": "property",
                "name": "zIndex",
                "text": "The CSS z-index to use for this underlay.  Defaults to the z-index of {@link #target}.\n",
                "type": "Number",
                "src": {
                  "name": "1,19,22",
                  "text": "1,20,8,87",
                  "type": "1,19,14"
                }
              }
            ]
          },
          {
            "$type": "methods",
            "items": [
              {
                "$type": "method",
                "access": "protected",
                "name": "getInsertionTarget",
                "text": "Returns the dom element that this underlay should be inserted before.\nDefaults to the target element\n",
                "items": [
                  {
                    "$type": "return",
                    "type": "Ext.dom.Element",
                    "src": {
                      "type": "1,38,17"
                    }
                  }
                ],
                "src": {
                  "access": "1,35,8",
                  "name": "1,40,0",
                  "text": "1,36,8,101"
                }
              },
              {
                "$type": "method",
                "access": "protected",
                "name": "getPool",
                "items": [
                  {
                    "$type": "return",
                    "type": "Ext.dom.UnderlayPool",
                    "src": {
                      "type": "1,46,17"
                    }
                  }
                ],
                "src": {
                  "access": "1,45,8",
                  "name": "1,48,0"
                }
              },
              {
                "$type": "method",
                "name": "hide",
                "text": "Hides the underlay\n",
                "src": {
                  "name": "1,56,0",
                  "text": "1,54,8,19"
                }
              },
              {
                "$type": "method",
                "name": "realign",
                "text": "Aligns the underlay to its target element\n",
                "items": [
                  {
                    "$type": "param",
                    "name": "x",
                    "optional": true,
                    "text": "The x position of the target element.  If not provided, the\nx position will be read from the DOM.\n",
                    "type": "Number",
                    "src": {
                      "name": "1,70,25",
                      "text": "1,70,28,60:1,71,8,38",
                      "type": "1,70,16"
                    }
                  },
                  {
                    "$type": "param",
                    "name": "y",
                    "optional": true,
                    "text": "The y position of the target element.  If not provided, the\ny position will be read from the DOM.\n",
                    "type": "Number",
                    "src": {
                      "name": "1,72,25",
                      "text": "1,72,28,60:1,73,8,38",
                      "type": "1,72,16"
                    }
                  },
                  {
                    "$type": "param",
                    "name": "width",
                    "optional": true,
                    "text": "The width of the target element.  If not provided, the\nwidth will be read from the DOM.\n",
                    "type": "Number",
                    "src": {
                      "name": "1,74,25",
                      "text": "1,74,32,55:1,75,8,33",
                      "type": "1,74,16"
                    }
                  },
                  {
                    "$type": "param",
                    "name": "height",
                    "optional": true,
                    "text": "The height of the target element.  If not provided, the\nheight will be read from the DOM.\n",
                    "type": "Number",
                    "src": {
                      "name": "1,76,25",
                      "text": "1,76,33,56:1,77,8,34",
                      "type": "1,76,16"
                    }
                  }
                ],
                "src": {
                  "name": "1,79,0",
                  "text": "1,69,8,42"
                }
              },
              {
                "$type": "method",
                "name": "setZIndex",
                "text": "Adjust the z-index of this underlay\n",
                "items": [
                  {
                    "$type": "param",
                    "name": "zIndex",
                    "text": "The new z-index\n",
                    "type": "Number",
                    "src": {
                      "name": "1,117,24",
                      "text": "1,117,31,16",
                      "type": "1,117,16"
                    }
                  }
                ],
                "src": {
                  "name": "1,119,0",
                  "text": "1,116,8,36"
                }
              },
              {
                "$type": "method",
                "name": "show",
                "text": "Shows the underlay\n",
                "src": {
                  "name": "1,130,0",
                  "text": "1,128,8,19"
                }
              }
            ]
          },
          {
            "$type": "properties",
            "items": [
              {
                "$type": "property",
                "access": "protected",
                "name": "beforeShow",
                "text": "Called before the underlay is shown, immediately after its element is retrieved\nfrom the pool\n",
                "src": {
                  "access": "1,28,8",
                  "name": "1,32,0",
                  "text": "1,29,8,94"
                }
              }
            ]
          }
        ],
        "src": {
          "access": "0,9,4",
          "extends": "0,12,0",
          "name": "0,11,0",
          "text": "0,2,4,452"
        }
      }
    ]
  },
  "version": 1
}