{
  "$type": "doxi",
  "files": [
    "../../../ext/packages/core/src/direct/RemotingMethod.js"
  ],
  "global": {
    "$type": "namespace",
    "items": [
      {
        "$type": "class",
        "access": "private",
        "name": "Ext.direct.RemotingMethod",
        "text": "Small utility class used internally to represent a Direct method.\n",
        "items": [
          {
            "$type": "methods",
            "items": [
              {
                "$type": "method",
                "name": "getArgs",
                "text": "Prepare Direct function arguments that can be used with getCallData().\n",
                "items": [
                  {
                    "$type": "param",
                    "name": "config",
                    "src": {
                      "name": "0,88,0"
                    }
                  }
                ],
                "src": {
                  "name": "0,88,0",
                  "text": "0,86,8,71"
                }
              },
              {
                "$type": "method",
                "name": "getCallData",
                "text": "Takes the arguments for a Direct function and splits the arguments\nfrom the scope and the callback.\n",
                "items": [
                  {
                    "$type": "param",
                    "name": "args",
                    "text": "The arguments passed to the direct call\n",
                    "type": "Array",
                    "src": {
                      "name": "0,137,23",
                      "text": "0,137,28,40",
                      "type": "0,137,16"
                    }
                  },
                  {
                    "$type": "return",
                    "text": "An object with 4 properties: args, callback, scope, and options object.\n",
                    "type": "Object",
                    "src": {
                      "text": "0,139,25,72",
                      "type": "0,139,17"
                    }
                  }
                ],
                "src": {
                  "name": "0,141,0",
                  "text": "0,134,8,101"
                }
              }
            ]
          }
        ],
        "src": {
          "access": "0,2,4",
          "name": "0,5,0",
          "text": "0,3,4,66"
        }
      }
    ]
  },
  "version": 1
}