{
  "$type": "doxi",
  "files": [
    "../../../ext/packages/core/src/direct/Event.js"
  ],
  "global": {
    "$type": "namespace",
    "items": [
      {
        "$type": "class",
        "alias": "direct.event",
        "name": "Ext.direct.Event",
        "text": "Base class for all Ext Direct events. An event is\ncreated after some kind of interaction with the server.\nThe event class is essentially just a data structure\nto hold a Direct response.\n",
        "items": [
          {
            "$type": "methods",
            "items": [
              {
                "$type": "method",
                "name": "constructor",
                "text": "Creates new Event.\n",
                "items": [
                  {
                    "$type": "param",
                    "name": "config",
                    "optional": true,
                    "text": "Config object.\n",
                    "type": "Object",
                    "src": {
                      "name": "0,14,25",
                      "text": "0,14,33,15",
                      "type": "0,14,16"
                    }
                  }
                ],
                "src": {
                  "name": "0,16,0",
                  "text": "0,13,8,19"
                }
              },
              {
                "$type": "method",
                "name": "getName",
                "text": "Return the name for this event.\n",
                "items": [
                  {
                    "$type": "return",
                    "text": "The name of event\n",
                    "type": "String",
                    "src": {
                      "text": "0,22,25,18",
                      "type": "0,22,17"
                    }
                  }
                ],
                "src": {
                  "name": "0,24,0",
                  "text": "0,21,8,32"
                }
              },
              {
                "$type": "method",
                "name": "getData",
                "text": "Return the raw data for this event.\n",
                "items": [
                  {
                    "$type": "return",
                    "text": "The data from the event\n",
                    "type": "Mixed",
                    "src": {
                      "text": "0,30,24,24",
                      "type": "0,30,17"
                    }
                  }
                ],
                "src": {
                  "name": "0,32,0",
                  "text": "0,29,8,36"
                }
              }
            ]
          }
        ],
        "src": {
          "alias": "0,8,0",
          "name": "0,7,0",
          "text": "0,2,4,186"
        }
      }
    ]
  },
  "version": 1
}