{
  "$type": "doxi",
  "files": [
    "../../../ext/packages/charts/src/draw/TimingFunctions.js"
  ],
  "global": {
    "$type": "namespace",
    "items": [
      {
        "$type": "class",
        "name": "Ext.draw.TimingFunctions",
        "singleton": true,
        "text": "\nSingleton that provides easing functions for use in sprite animations.\n",
        "src": {
          "name": "0,2,11",
          "singleton": "0,3,4",
          "text": "0,4,4,72"
        }
      }
    ]
  },
  "version": 1
}