{
  "$type": "doxi",
  "files": [
    "../../../ext/packages/core/src/data/request/Form.js",
    "../../../ext/packages/core/src/data/request/Base.js",
    "../../../ext/packages/core/src/mixin/Factoryable.js"
  ],
  "global": {
    "$type": "namespace",
    "items": [
      {
        "$type": "class",
        "alias": "request.form",
        "extends": "Ext.data.request.Base",
        "name": "Ext.data.request.Form",
        "since": "6.0.0",
        "text": "This class manages a pending form submit. Instances of this type are created by the\n`{@link Ext.data.Connection#request}` method.\n",
        "items": [
          {
            "$type": "methods",
            "items": [
              {
                "$type": "method",
                "access": "private",
                "name": "upload",
                "text": "Uploads a form using a hidden iframe.\n",
                "items": [
                  {
                    "$type": "param",
                    "name": "form",
                    "text": "The form to upload\n",
                    "type": "String/HTMLElement/Ext.dom.Element",
                    "src": {
                      "name": "0,72,52",
                      "text": "0,72,57,19",
                      "type": "0,72,16"
                    }
                  },
                  {
                    "$type": "param",
                    "name": "url",
                    "text": "The url to post to\n",
                    "type": "String",
                    "src": {
                      "name": "0,73,24",
                      "text": "0,73,28,19",
                      "type": "0,73,16"
                    }
                  },
                  {
                    "$type": "param",
                    "name": "params",
                    "text": "Any extra parameters to pass\n",
                    "type": "String",
                    "src": {
                      "name": "0,74,24",
                      "text": "0,74,31,29",
                      "type": "0,74,16"
                    }
                  },
                  {
                    "$type": "param",
                    "name": "options",
                    "text": "The initial options\n",
                    "type": "Object",
                    "src": {
                      "name": "0,75,24",
                      "text": "0,75,32,20",
                      "type": "0,75,16"
                    }
                  }
                ],
                "src": {
                  "access": "0,76,8",
                  "name": "0,78,0",
                  "text": "0,71,8,38"
                }
              },
              {
                "$type": "method",
                "access": "private",
                "name": "onComplete",
                "text": "Callback handler for the upload function. After we\u0027ve submitted the form via the\niframe this creates a bogus response object to simulate an XHR and populates its\nresponseText from the now-loaded iframe\u0027s document body (or a textarea inside the\nbody). We then clean up by removing the iframe.\n",
                "src": {
                  "access": "0,192,8",
                  "name": "0,194,0",
                  "text": "0,188,8,292"
                }
              },
              {
                "$type": "method",
                "name": "start",
                "text": "Start the request.\n",
                "src": {
                  "name": "1,46,0",
                  "text": "1,44,8,19"
                }
              },
              {
                "$type": "method",
                "name": "isLoading",
                "text": "Determines whether this request is in progress.\n",
                "items": [
                  {
                    "$type": "return",
                    "text": "`true` if this request is in progress, `false` if complete.\n",
                    "type": "Boolean",
                    "src": {
                      "text": "1,89,26,60",
                      "type": "1,89,17"
                    }
                  }
                ],
                "src": {
                  "name": "1,86,16",
                  "text": "1,87,8,49"
                }
              },
              {
                "$type": "method",
                "access": "private",
                "name": "createException",
                "text": "Creates the exception object\n",
                "items": [
                  {
                    "$type": "param",
                    "name": "request",
                    "type": "Object",
                    "src": {
                      "name": "1,144,28",
                      "type": "1,144,20"
                    }
                  }
                ],
                "src": {
                  "access": "1,145,12",
                  "name": "1,147,0",
                  "text": "1,143,12,29"
                }
              }
            ]
          },
          {
            "$type": "properties",
            "items": [
              {
                "$type": "property",
                "name": "factoryConfig",
                "optional": true,
                "text": "If this property is specified by the target class of this mixin its properties are\nused to configure the created `{@link Ext.Factory}`.\n",
                "type": "Object",
                "src": {
                  "name": "2,295,28",
                  "text": "2,296,8,128",
                  "type": "2,295,19"
                }
              }
            ]
          }
        ],
        "src": {
          "alias": "0,8,0",
          "extends": "0,7,0",
          "name": "0,6,0",
          "since": "0,4,11",
          "text": "0,2,4,130"
        }
      }
    ]
  },
  "version": 1
}