{
  "$type": "doxi",
  "files": [
    "../../../ext/packages/core/src/event/gesture/LongPress.js",
    "../../../ext/packages/core/src/mixin/Identifiable.js",
    "../../../ext/packages/core/src/event/gesture/Recognizer.js",
    "../../../ext/packages/core/src/event/gesture/SingleTouch.js"
  ],
  "global": {
    "$type": "namespace",
    "items": [
      {
        "$type": "class",
        "extends": "Ext.event.gesture.SingleTouch",
        "name": "Ext.event.gesture.LongPress",
        "text": "A event recognizer which knows when you tap and hold for more than 1 second.\n",
        "items": [
          {
            "$type": "methods",
            "items": [
              {
                "$type": "method",
                "name": "getId",
                "text": "Retrieves the id of this component. Will autogenerate an id if one has not already been set.\n",
                "items": [
                  {
                    "$type": "return",
                    "text": "id\n",
                    "type": "String",
                    "src": {
                      "text": "1,75,25,3",
                      "type": "1,75,17"
                    }
                  }
                ],
                "src": {
                  "name": "1,77,0",
                  "text": "1,74,8,93"
                }
              }
            ]
          },
          {
            "$type": "properties",
            "items": [
              {
                "$type": "property",
                "name": "priority",
                "text": "The priority of the recognizer. Determines the order in which it recognizes gestures\nrelative to other recognizers.  The default recognizers use the following priorities:\n\n- Ext.event.gesture.Drag: 100\n- Ext.event.gesture.Tap: 200\n- Ext.event.gesture.DoubleTap: 300\n- Ext.event.gesture.LongPress: 400\n- Ext.event.gesture.Swipe: 500\n- Ext.event.gesture.Pinch: 600\n- Ext.event.gesture.Rotate: 700\n- Ext.event.gesture.EdgeSwipe: 800\n",
                "type": "Number",
                "src": {
                  "name": "2,36,0",
                  "text": "2,24,8,430",
                  "type": "2,23,19"
                }
              }
            ]
          },
          {
            "$type": "static-properties",
            "items": [
              {
                "$type": "property",
                "access": "private",
                "inheritable": true,
                "name": "DURATION_NOT_ENOUGH",
                "static": true,
                "src": {
                  "access": "0,11,12",
                  "inheritable": "0,13,12",
                  "name": "0,15,0",
                  "static": "0,12,12"
                }
              },
              {
                "$type": "property",
                "access": "private",
                "inheritable": true,
                "name": "NOT_SINGLE_TOUCH",
                "static": true,
                "src": {
                  "access": "3,12,12",
                  "inheritable": "3,14,12",
                  "name": "3,16,0",
                  "static": "3,13,12"
                }
              },
              {
                "$type": "property",
                "access": "private",
                "inheritable": true,
                "name": "TOUCH_MOVED",
                "static": true,
                "src": {
                  "access": "3,18,12",
                  "inheritable": "3,20,12",
                  "name": "3,22,0",
                  "static": "3,19,12"
                }
              },
              {
                "$type": "property",
                "access": "private",
                "inheritable": true,
                "name": "EVENT_CANCELED",
                "static": true,
                "src": {
                  "access": "3,24,12",
                  "inheritable": "3,26,12",
                  "name": "3,28,0",
                  "static": "3,25,12"
                }
              }
            ]
          }
        ],
        "src": {
          "extends": "0,5,0",
          "name": "0,4,0",
          "text": "0,2,4,77"
        }
      }
    ]
  },
  "version": 1
}