{
  "$type": "doxi",
  "files": [
    "../../../ext/packages/charts/src/draw/Path.js",
    "../../../ext/packages/charts/src/draw/overrides/Path.js"
  ],
  "global": {
    "$type": "namespace",
    "items": [
      {
        "$type": "class",
        "name": "Ext.draw.Path",
        "requires": "Ext.draw.Draw",
        "text": "Class representing a path.\nDesigned to be compatible with [CanvasPathMethods](http://www.whatwg.org/specs/web-apps/current-work/multipage/the-canvas-element.html#canvaspathmethods)\nand will hopefully be replaced by the browsers\u0027 implementation of the Path object.\n",
        "items": [
          {
            "$type": "methods",
            "items": [
              {
                "$type": "method",
                "constructor": true,
                "name": "constructor",
                "text": "Create a path from pathString.\n",
                "items": [
                  {
                    "$type": "param",
                    "name": "pathString",
                    "type": "String",
                    "src": {
                      "name": "0,18,24",
                      "type": "0,18,16"
                    }
                  }
                ],
                "src": {
                  "constructor": "0,17,8",
                  "name": "0,20,0",
                  "text": "0,16,8,31"
                }
              },
              {
                "$type": "method",
                "name": "clear",
                "text": "Clear the path.\n",
                "src": {
                  "name": "0,39,0",
                  "text": "0,37,8,16"
                }
              },
              {
                "$type": "method",
                "access": "private",
                "name": "dirt",
                "src": {
                  "access": "0,50,8",
                  "name": "0,52,0"
                }
              },
              {
                "$type": "method",
                "name": "moveTo",
                "text": "Move to a position.\n",
                "items": [
                  {
                    "$type": "param",
                    "name": "x",
                    "type": "Number",
                    "src": {
                      "name": "0,58,24",
                      "type": "0,58,16"
                    }
                  },
                  {
                    "$type": "param",
                    "name": "y",
                    "type": "Number",
                    "src": {
                      "name": "0,59,24",
                      "type": "0,59,16"
                    }
                  }
                ],
                "src": {
                  "name": "0,61,0",
                  "text": "0,57,8,20"
                }
              },
              {
                "$type": "method",
                "name": "lineTo",
                "text": "A straight line to a position.\n",
                "items": [
                  {
                    "$type": "param",
                    "name": "x",
                    "type": "Number",
                    "src": {
                      "name": "0,77,24",
                      "type": "0,77,16"
                    }
                  },
                  {
                    "$type": "param",
                    "name": "y",
                    "type": "Number",
                    "src": {
                      "name": "0,78,24",
                      "type": "0,78,16"
                    }
                  }
                ],
                "src": {
                  "name": "0,80,0",
                  "text": "0,76,8,31"
                }
              },
              {
                "$type": "method",
                "name": "bezierCurveTo",
                "text": "A cubic bezier curve to a position.\n",
                "items": [
                  {
                    "$type": "param",
                    "name": "cx1",
                    "type": "Number",
                    "src": {
                      "name": "0,97,24",
                      "type": "0,97,16"
                    }
                  },
                  {
                    "$type": "param",
                    "name": "cy1",
                    "type": "Number",
                    "src": {
                      "name": "0,98,24",
                      "type": "0,98,16"
                    }
                  },
                  {
                    "$type": "param",
                    "name": "cx2",
                    "type": "Number",
                    "src": {
                      "name": "0,99,24",
                      "type": "0,99,16"
                    }
                  },
                  {
                    "$type": "param",
                    "name": "cy2",
                    "type": "Number",
                    "src": {
                      "name": "0,100,24",
                      "type": "0,100,16"
                    }
                  },
                  {
                    "$type": "param",
                    "name": "x",
                    "type": "Number",
                    "src": {
                      "name": "0,101,24",
                      "type": "0,101,16"
                    }
                  },
                  {
                    "$type": "param",
                    "name": "y",
                    "type": "Number",
                    "src": {
                      "name": "0,102,24",
                      "type": "0,102,16"
                    }
                  }
                ],
                "src": {
                  "name": "0,104,0",
                  "text": "0,96,8,36"
                }
              },
              {
                "$type": "method",
                "name": "quadraticCurveTo",
                "text": "A quadratic bezier curve to a position.\n",
                "items": [
                  {
                    "$type": "param",
                    "name": "cx",
                    "type": "Number",
                    "src": {
                      "name": "0,118,24",
                      "type": "0,118,16"
                    }
                  },
                  {
                    "$type": "param",
                    "name": "cy",
                    "type": "Number",
                    "src": {
                      "name": "0,119,24",
                      "type": "0,119,16"
                    }
                  },
                  {
                    "$type": "param",
                    "name": "x",
                    "type": "Number",
                    "src": {
                      "name": "0,120,24",
                      "type": "0,120,16"
                    }
                  },
                  {
                    "$type": "param",
                    "name": "y",
                    "type": "Number",
                    "src": {
                      "name": "0,121,24",
                      "type": "0,121,16"
                    }
                  }
                ],
                "src": {
                  "name": "0,123,0",
                  "text": "0,117,8,40"
                }
              },
              {
                "$type": "method",
                "name": "closePath",
                "text": "Close this path with a straight line.\n",
                "src": {
                  "name": "0,138,0",
                  "text": "0,136,8,38"
                }
              },
              {
                "$type": "method",
                "name": "arcTo",
                "text": "Create a elliptic arc curve compatible with SVG\u0027s arc to instruction.\n\nThe curve start from (`x1`, `y1`) and ends at (`x2`, `y2`). The ellipse\nhas radius `rx` and `ry` and a rotation of `rotation`.\n",
                "items": [
                  {
                    "$type": "param",
                    "name": "x1",
                    "type": "Number",
                    "src": {
                      "name": "0,152,24",
                      "type": "0,152,16"
                    }
                  },
                  {
                    "$type": "param",
                    "name": "y1",
                    "type": "Number",
                    "src": {
                      "name": "0,153,24",
                      "type": "0,153,16"
                    }
                  },
                  {
                    "$type": "param",
                    "name": "x2",
                    "type": "Number",
                    "src": {
                      "name": "0,154,24",
                      "type": "0,154,16"
                    }
                  },
                  {
                    "$type": "param",
                    "name": "y2",
                    "type": "Number",
                    "src": {
                      "name": "0,155,24",
                      "type": "0,155,16"
                    }
                  },
                  {
                    "$type": "param",
                    "name": "rx",
                    "optional": true,
                    "type": "Number",
                    "src": {
                      "name": "0,156,25",
                      "type": "0,156,16"
                    }
                  },
                  {
                    "$type": "param",
                    "name": "ry",
                    "optional": true,
                    "type": "Number",
                    "src": {
                      "name": "0,157,25",
                      "type": "0,157,16"
                    }
                  },
                  {
                    "$type": "param",
                    "name": "rotation",
                    "optional": true,
                    "type": "Number",
                    "src": {
                      "name": "0,158,25",
                      "type": "0,158,16"
                    }
                  }
                ],
                "src": {
                  "name": "0,160,0",
                  "text": "0,148,8,198"
                }
              },
              {
                "$type": "method",
                "name": "ellipse",
                "text": "Create an elliptic arc.\n\nSee [the whatwg reference of ellipse](http://www.whatwg.org/specs/web-apps/current-work/multipage/the-canvas-element.html#dom-context-2d-ellipse).\n",
                "items": [
                  {
                    "$type": "param",
                    "name": "cx",
                    "type": "Number",
                    "src": {
                      "name": "0,259,24",
                      "type": "0,259,16"
                    }
                  },
                  {
                    "$type": "param",
                    "name": "cy",
                    "type": "Number",
                    "src": {
                      "name": "0,260,24",
                      "type": "0,260,16"
                    }
                  },
                  {
                    "$type": "param",
                    "name": "radiusX",
                    "type": "Number",
                    "src": {
                      "name": "0,261,24",
                      "type": "0,261,16"
                    }
                  },
                  {
                    "$type": "param",
                    "name": "radiusY",
                    "type": "Number",
                    "src": {
                      "name": "0,262,24",
                      "type": "0,262,16"
                    }
                  },
                  {
                    "$type": "param",
                    "name": "rotation",
                    "type": "Number",
                    "src": {
                      "name": "0,263,24",
                      "type": "0,263,16"
                    }
                  },
                  {
                    "$type": "param",
                    "name": "startAngle",
                    "type": "Number",
                    "src": {
                      "name": "0,264,24",
                      "type": "0,264,16"
                    }
                  },
                  {
                    "$type": "param",
                    "name": "endAngle",
                    "type": "Number",
                    "src": {
                      "name": "0,265,24",
                      "type": "0,265,16"
                    }
                  },
                  {
                    "$type": "param",
                    "name": "anticlockwise",
                    "type": "Number",
                    "src": {
                      "name": "0,266,24",
                      "type": "0,266,16"
                    }
                  }
                ],
                "src": {
                  "name": "0,268,0",
                  "text": "0,255,8,173"
                }
              },
              {
                "$type": "method",
                "name": "arc",
                "text": "Create an circular arc.\n",
                "items": [
                  {
                    "$type": "param",
                    "name": "x",
                    "type": "Number",
                    "src": {
                      "name": "0,316,24",
                      "type": "0,316,16"
                    }
                  },
                  {
                    "$type": "param",
                    "name": "y",
                    "type": "Number",
                    "src": {
                      "name": "0,317,24",
                      "type": "0,317,16"
                    }
                  },
                  {
                    "$type": "param",
                    "name": "radius",
                    "type": "Number",
                    "src": {
                      "name": "0,318,24",
                      "type": "0,318,16"
                    }
                  },
                  {
                    "$type": "param",
                    "name": "startAngle",
                    "type": "Number",
                    "src": {
                      "name": "0,319,24",
                      "type": "0,319,16"
                    }
                  },
                  {
                    "$type": "param",
                    "name": "endAngle",
                    "type": "Number",
                    "src": {
                      "name": "0,320,24",
                      "type": "0,320,16"
                    }
                  },
                  {
                    "$type": "param",
                    "name": "anticlockwise",
                    "type": "Number",
                    "src": {
                      "name": "0,321,24",
                      "type": "0,321,16"
                    }
                  }
                ],
                "src": {
                  "name": "0,323,0",
                  "text": "0,314,8,25"
                }
              },
              {
                "$type": "method",
                "name": "rect",
                "text": "Draw a rectangle and close it.\n",
                "items": [
                  {
                    "$type": "param",
                    "name": "x",
                    "type": "Number",
                    "src": {
                      "name": "0,330,24",
                      "type": "0,330,16"
                    }
                  },
                  {
                    "$type": "param",
                    "name": "y",
                    "type": "Number",
                    "src": {
                      "name": "0,331,24",
                      "type": "0,331,16"
                    }
                  },
                  {
                    "$type": "param",
                    "name": "width",
                    "type": "Number",
                    "src": {
                      "name": "0,332,24",
                      "type": "0,332,16"
                    }
                  },
                  {
                    "$type": "param",
                    "name": "height",
                    "type": "Number",
                    "src": {
                      "name": "0,333,24",
                      "type": "0,333,16"
                    }
                  }
                ],
                "src": {
                  "name": "0,335,0",
                  "text": "0,328,8,32"
                }
              },
              {
                "$type": "method",
                "access": "private",
                "name": "approximateArc",
                "items": [
                  {
                    "$type": "param",
                    "name": "result",
                    "type": "Array",
                    "src": {
                      "name": "0,349,23",
                      "type": "0,349,16"
                    }
                  },
                  {
                    "$type": "param",
                    "name": "cx",
                    "type": "Number",
                    "src": {
                      "name": "0,350,24",
                      "type": "0,350,16"
                    }
                  },
                  {
                    "$type": "param",
                    "name": "cy",
                    "type": "Number",
                    "src": {
                      "name": "0,351,24",
                      "type": "0,351,16"
                    }
                  },
                  {
                    "$type": "param",
                    "name": "rx",
                    "type": "Number",
                    "src": {
                      "name": "0,352,24",
                      "type": "0,352,16"
                    }
                  },
                  {
                    "$type": "param",
                    "name": "ry",
                    "type": "Number",
                    "src": {
                      "name": "0,353,24",
                      "type": "0,353,16"
                    }
                  },
                  {
                    "$type": "param",
                    "name": "phi",
                    "type": "Number",
                    "src": {
                      "name": "0,354,24",
                      "type": "0,354,16"
                    }
                  },
                  {
                    "$type": "param",
                    "name": "theta1",
                    "type": "Number",
                    "src": {
                      "name": "0,355,24",
                      "type": "0,355,16"
                    }
                  },
                  {
                    "$type": "param",
                    "name": "theta2",
                    "type": "Number",
                    "src": {
                      "name": "0,356,24",
                      "type": "0,356,16"
                    }
                  },
                  {
                    "$type": "return",
                    "type": "Number",
                    "src": {
                      "type": "0,357,17"
                    }
                  }
                ],
                "src": {
                  "access": "0,348,8",
                  "name": "0,359,0"
                }
              },
              {
                "$type": "method",
                "name": "arcSvg",
                "text": "[http://www.w3.org/TR/SVG/implnote.html#ArcImplementationNotes](http://www.w3.org/TR/SVG/implnote.html#ArcImplementationNotes)\n",
                "items": [
                  {
                    "$type": "param",
                    "name": "rx",
                    "type": "Number",
                    "src": {
                      "name": "0,415,24",
                      "type": "0,415,16"
                    }
                  },
                  {
                    "$type": "param",
                    "name": "ry",
                    "type": "Number",
                    "src": {
                      "name": "0,416,24",
                      "type": "0,416,16"
                    }
                  },
                  {
                    "$type": "param",
                    "name": "rotation",
                    "text": "Differ from svg spec, this is radian.\n",
                    "type": "Number",
                    "src": {
                      "name": "0,417,24",
                      "text": "0,417,33,38",
                      "type": "0,417,16"
                    }
                  },
                  {
                    "$type": "param",
                    "name": "fA",
                    "type": "Number",
                    "src": {
                      "name": "0,418,24",
                      "type": "0,418,16"
                    }
                  },
                  {
                    "$type": "param",
                    "name": "fS",
                    "type": "Number",
                    "src": {
                      "name": "0,419,24",
                      "type": "0,419,16"
                    }
                  },
                  {
                    "$type": "param",
                    "name": "x2",
                    "type": "Number",
                    "src": {
                      "name": "0,420,24",
                      "type": "0,420,16"
                    }
                  },
                  {
                    "$type": "param",
                    "name": "y2",
                    "type": "Number",
                    "src": {
                      "name": "0,421,24",
                      "type": "0,421,16"
                    }
                  }
                ],
                "src": {
                  "name": "0,423,0",
                  "text": "0,414,8,127"
                }
              },
              {
                "$type": "method",
                "name": "fromSvgString",
                "text": "Feed the path from svg path string.\n",
                "items": [
                  {
                    "$type": "param",
                    "name": "pathString",
                    "type": "String",
                    "src": {
                      "name": "0,477,24",
                      "type": "0,477,16"
                    }
                  }
                ],
                "src": {
                  "name": "0,479,0",
                  "text": "0,476,8,36"
                }
              },
              {
                "$type": "method",
                "name": "clone",
                "text": "Clone this path.\n",
                "items": [
                  {
                    "$type": "return",
                    "type": "Ext.draw.Path",
                    "src": {
                      "type": "0,688,17"
                    }
                  }
                ],
                "src": {
                  "name": "0,690,0",
                  "text": "0,687,8,17"
                }
              },
              {
                "$type": "method",
                "name": "transform",
                "text": "Transform the current path by a matrix.\n",
                "items": [
                  {
                    "$type": "param",
                    "name": "matrix",
                    "type": "Ext.draw.Matrix",
                    "src": {
                      "name": "0,704,33",
                      "type": "0,704,16"
                    }
                  }
                ],
                "src": {
                  "name": "0,706,0",
                  "text": "0,703,8,40"
                }
              },
              {
                "$type": "method",
                "name": "getDimension",
                "text": "Get the bounding box of this matrix.\n",
                "items": [
                  {
                    "$type": "param",
                    "name": "target",
                    "optional": true,
                    "text": "Optional object to receive the result.\n",
                    "type": "Object",
                    "src": {
                      "name": "0,727,25",
                      "text": "0,727,33,39",
                      "type": "0,727,16"
                    }
                  },
                  {
                    "$type": "return",
                    "text": "Object with x, y, width and height\n",
                    "type": "Object",
                    "src": {
                      "text": "0,729,25,35",
                      "type": "0,729,17"
                    }
                  }
                ],
                "src": {
                  "name": "0,731,0",
                  "text": "0,726,8,37"
                }
              },
              {
                "$type": "method",
                "name": "getDimensionWithTransform",
                "text": "Get the bounding box as if the path is transformed by a matrix.\n",
                "items": [
                  {
                    "$type": "param",
                    "name": "matrix",
                    "type": "Ext.draw.Matrix",
                    "src": {
                      "name": "0,784,33",
                      "type": "0,784,16"
                    }
                  },
                  {
                    "$type": "param",
                    "name": "target",
                    "optional": true,
                    "text": "Optional object to receive the result.\n",
                    "type": "Object",
                    "src": {
                      "name": "0,785,25",
                      "text": "0,785,33,39",
                      "type": "0,785,16"
                    }
                  },
                  {
                    "$type": "return",
                    "text": "An object with x, y, width and height.\n",
                    "type": "Object",
                    "src": {
                      "text": "0,787,25,39",
                      "type": "0,787,17"
                    }
                  }
                ],
                "src": {
                  "name": "0,789,0",
                  "text": "0,782,8,65"
                }
              },
              {
                "$type": "method",
                "access": "private",
                "name": "expandDimension",
                "text": "Expand the rect by the bbox of a bezier curve.\n",
                "items": [
                  {
                    "$type": "param",
                    "name": "target",
                    "type": "Object",
                    "src": {
                      "name": "0,851,24",
                      "type": "0,851,16"
                    }
                  },
                  {
                    "$type": "param",
                    "name": "x1",
                    "type": "Number",
                    "src": {
                      "name": "0,852,24",
                      "type": "0,852,16"
                    }
                  },
                  {
                    "$type": "param",
                    "name": "y1",
                    "type": "Number",
                    "src": {
                      "name": "0,853,24",
                      "type": "0,853,16"
                    }
                  },
                  {
                    "$type": "param",
                    "name": "cx1",
                    "type": "Number",
                    "src": {
                      "name": "0,854,24",
                      "type": "0,854,16"
                    }
                  },
                  {
                    "$type": "param",
                    "name": "cy1",
                    "type": "Number",
                    "src": {
                      "name": "0,855,24",
                      "type": "0,855,16"
                    }
                  },
                  {
                    "$type": "param",
                    "name": "cx2",
                    "type": "Number",
                    "src": {
                      "name": "0,856,24",
                      "type": "0,856,16"
                    }
                  },
                  {
                    "$type": "param",
                    "name": "cy2",
                    "type": "Number",
                    "src": {
                      "name": "0,857,24",
                      "type": "0,857,16"
                    }
                  },
                  {
                    "$type": "param",
                    "name": "x2",
                    "type": "Number",
                    "src": {
                      "name": "0,858,24",
                      "type": "0,858,16"
                    }
                  },
                  {
                    "$type": "param",
                    "name": "y2",
                    "type": "Number",
                    "src": {
                      "name": "0,859,24",
                      "type": "0,859,16"
                    }
                  }
                ],
                "src": {
                  "access": "0,848,8",
                  "name": "0,861,0",
                  "text": "0,849,8,48"
                }
              },
              {
                "$type": "method",
                "access": "private",
                "name": "curveDimension",
                "text": "Determine the curve\n",
                "items": [
                  {
                    "$type": "param",
                    "name": "a",
                    "type": "Number",
                    "src": {
                      "name": "0,883,24",
                      "type": "0,883,16"
                    }
                  },
                  {
                    "$type": "param",
                    "name": "b",
                    "type": "Number",
                    "src": {
                      "name": "0,884,24",
                      "type": "0,884,16"
                    }
                  },
                  {
                    "$type": "param",
                    "name": "c",
                    "type": "Number",
                    "src": {
                      "name": "0,885,24",
                      "type": "0,885,16"
                    }
                  },
                  {
                    "$type": "param",
                    "name": "d",
                    "type": "Number",
                    "src": {
                      "name": "0,886,24",
                      "type": "0,886,16"
                    }
                  },
                  {
                    "$type": "param",
                    "name": "dim",
                    "type": "Number",
                    "src": {
                      "name": "0,887,24",
                      "type": "0,887,16"
                    }
                  }
                ],
                "src": {
                  "access": "0,881,8",
                  "name": "0,889,0",
                  "text": "0,882,8,20"
                }
              },
              {
                "$type": "method",
                "access": "private",
                "name": "interpolate",
                "text": "Returns `a * (1 - t) ^ 3 + 3 * b (1 - t) ^ 2 * t + 3 * c (1 - t) * t ^ 3 + d * t ^ 3`.\n",
                "items": [
                  {
                    "$type": "param",
                    "name": "a",
                    "type": "Number",
                    "src": {
                      "name": "0,938,24",
                      "type": "0,938,16"
                    }
                  },
                  {
                    "$type": "param",
                    "name": "b",
                    "type": "Number",
                    "src": {
                      "name": "0,939,24",
                      "type": "0,939,16"
                    }
                  },
                  {
                    "$type": "param",
                    "name": "c",
                    "type": "Number",
                    "src": {
                      "name": "0,940,24",
                      "type": "0,940,16"
                    }
                  },
                  {
                    "$type": "param",
                    "name": "d",
                    "type": "Number",
                    "src": {
                      "name": "0,941,24",
                      "type": "0,941,16"
                    }
                  },
                  {
                    "$type": "param",
                    "name": "t",
                    "type": "Number",
                    "src": {
                      "name": "0,942,24",
                      "type": "0,942,16"
                    }
                  },
                  {
                    "$type": "return",
                    "type": "Number",
                    "src": {
                      "type": "0,943,17"
                    }
                  }
                ],
                "src": {
                  "access": "0,934,8",
                  "name": "0,945,0",
                  "text": "0,936,8,88"
                }
              },
              {
                "$type": "method",
                "name": "fromStripes",
                "text": "Reconstruct path from cubic bezier curve stripes.\n",
                "items": [
                  {
                    "$type": "param",
                    "name": "stripes",
                    "type": "Array",
                    "src": {
                      "name": "0,958,23",
                      "type": "0,958,16"
                    }
                  }
                ],
                "src": {
                  "name": "0,960,0",
                  "text": "0,957,8,50"
                }
              },
              {
                "$type": "method",
                "name": "toStripes",
                "text": "Convert path to bezier curve stripes.\n",
                "items": [
                  {
                    "$type": "param",
                    "name": "target",
                    "optional": true,
                    "text": "The optional array to receive the result.\n",
                    "type": "Array",
                    "src": {
                      "name": "0,983,24",
                      "text": "0,983,32,42",
                      "type": "0,983,16"
                    }
                  },
                  {
                    "$type": "return",
                    "type": "Array",
                    "src": {
                      "type": "0,984,17"
                    }
                  }
                ],
                "src": {
                  "name": "0,986,0",
                  "text": "0,982,8,38"
                }
              },
              {
                "$type": "method",
                "access": "private",
                "name": "updateSvgString",
                "text": "Update cache for svg string of this path.\n",
                "src": {
                  "access": "0,1018,8",
                  "name": "0,1021,0",
                  "text": "0,1019,8,42"
                }
              },
              {
                "$type": "method",
                "name": "toString",
                "text": "Return an svg path string for this path.\n",
                "items": [
                  {
                    "$type": "return",
                    "type": "String",
                    "src": {
                      "type": "0,1053,17"
                    }
                  }
                ],
                "src": {
                  "name": "0,1055,0",
                  "text": "0,1052,8,41"
                }
              },
              {
                "$type": "method",
                "name": "isPointInPath",
                "text": "Tests whether the given point is inside the path.\n",
                "items": [
                  {
                    "$type": "param",
                    "name": "x",
                    "type": "Number",
                    "src": {
                      "name": "1,12,24",
                      "type": "1,12,16"
                    }
                  },
                  {
                    "$type": "param",
                    "name": "y",
                    "type": "Number",
                    "src": {
                      "name": "1,13,24",
                      "type": "1,13,16"
                    }
                  },
                  {
                    "$type": "return",
                    "type": "Boolean",
                    "src": {
                      "type": "1,14,17"
                    }
                  }
                ],
                "src": {
                  "name": "1,17,0",
                  "text": "1,11,8,50"
                }
              },
              {
                "$type": "method",
                "name": "isPointOnPath",
                "text": "Tests whether the given point is on the path.\n",
                "items": [
                  {
                    "$type": "param",
                    "name": "x",
                    "type": "Number",
                    "src": {
                      "name": "1,75,24",
                      "type": "1,75,16"
                    }
                  },
                  {
                    "$type": "param",
                    "name": "y",
                    "type": "Number",
                    "src": {
                      "name": "1,76,24",
                      "type": "1,76,16"
                    }
                  },
                  {
                    "$type": "return",
                    "type": "Boolean",
                    "src": {
                      "type": "1,77,17"
                    }
                  }
                ],
                "src": {
                  "name": "1,80,0",
                  "text": "1,74,8,46"
                }
              },
              {
                "$type": "method",
                "name": "getSegmentIntersections",
                "text": "Calculates the points where the given segment intersects the path.\nIf four parameters are given then the segment is considered to be a line segment,\nwhere given parameters are the coordinates of the start and end points.\nIf eight parameters are given then the segment is considered to be\na cubic Bezier curve segment, where given parameters are the\ncoordinates of its edge points and control points.\n",
                "items": [
                  {
                    "$type": "param",
                    "name": "x1",
                    "src": {
                      "name": "1,141,15"
                    }
                  },
                  {
                    "$type": "param",
                    "name": "y1",
                    "src": {
                      "name": "1,142,15"
                    }
                  },
                  {
                    "$type": "param",
                    "name": "x2",
                    "src": {
                      "name": "1,143,15"
                    }
                  },
                  {
                    "$type": "param",
                    "name": "y2",
                    "src": {
                      "name": "1,144,15"
                    }
                  },
                  {
                    "$type": "param",
                    "name": "x3",
                    "src": {
                      "name": "1,145,15"
                    }
                  },
                  {
                    "$type": "param",
                    "name": "y3",
                    "src": {
                      "name": "1,146,15"
                    }
                  },
                  {
                    "$type": "param",
                    "name": "x4",
                    "src": {
                      "name": "1,147,15"
                    }
                  },
                  {
                    "$type": "param",
                    "name": "y4",
                    "src": {
                      "name": "1,148,15"
                    }
                  },
                  {
                    "$type": "return",
                    "type": "Array",
                    "src": {
                      "type": "1,149,17"
                    }
                  }
                ],
                "src": {
                  "name": "1,152,0",
                  "text": "1,135,8,400"
                }
              }
            ]
          }
        ],
        "src": {
          "name": "0,6,0",
          "requires": "0,7,0",
          "text": "0,2,4,264"
        }
      }
    ]
  },
  "version": 1
}