{
  "$type": "doxi",
  "files": [
    "../../../ext/packages/core/src/app/domain/Component.js",
    "../../../ext/packages/core/src/app/EventDomain.js"
  ],
  "global": {
    "$type": "namespace",
    "items": [
      {
        "$type": "class",
        "access": "private",
        "extends": "Ext.app.EventDomain",
        "name": "Ext.app.domain.Component",
        "requires": "Ext.Widget",
        "singleton": true,
        "text": "This class implements the component event domain. All classes extending from\n{@link Ext.Component} are included in this domain. The matching criteria uses\n{@link Ext.ComponentQuery}.\n",
        "items": [
          {
            "$type": "configs",
            "items": [
              {
                "$type": "property",
                "name": "idProperty",
                "text": "Name of the identifier property for this event domain.\n",
                "type": "String",
                "src": {
                  "name": "1,50,22",
                  "text": "1,50,33,55",
                  "type": "1,50,14"
                }
              }
            ]
          },
          {
            "$type": "methods",
            "items": [
              {
                "$type": "method",
                "access": "private",
                "name": "dispatch",
                "text": "This method dispatches an event fired by an object monitored by this domain. This\nis not called directly but is called by interceptors injected by the `{@link #monitor monitor}` method.\n",
                "items": [
                  {
                    "$type": "param",
                    "name": "target",
                    "text": "The firer of the event.\n",
                    "type": "Object",
                    "src": {
                      "name": "1,71,24",
                      "text": "1,71,31,24",
                      "type": "1,71,16"
                    }
                  },
                  {
                    "$type": "param",
                    "name": "ev",
                    "text": "The event being fired.\n",
                    "type": "String",
                    "src": {
                      "name": "1,72,24",
                      "text": "1,72,27,23",
                      "type": "1,72,16"
                    }
                  },
                  {
                    "$type": "param",
                    "name": "args",
                    "text": "The arguments for the event. This array **does not** include the event name.\nThat has already been sliced off because this class intercepts the {@link Ext.util.Observable#fireEventArgs fireEventArgs}\nmethod which takes an array as the event\u0027s argument list.\n",
                    "type": "Array",
                    "src": {
                      "name": "1,73,23",
                      "text": "1,73,28,77:1,74,8,182",
                      "type": "1,73,16"
                    }
                  },
                  {
                    "$type": "return",
                    "text": "`false` if any listener returned `false`, otherwise `true`.\n",
                    "type": "Boolean",
                    "src": {
                      "text": "1,77,26,60",
                      "type": "1,77,17"
                    }
                  }
                ],
                "src": {
                  "access": "1,79,8",
                  "name": "1,81,0",
                  "text": "1,68,8,170"
                }
              },
              {
                "$type": "method",
                "access": "private",
                "name": "listen",
                "text": "This method adds listeners on behalf of a controller. This method is passed an\nobject that is keyed by selectors. The value of these is also an object but now\nkeyed by event name. For example:\n\n     domain.listen({\n         \u0027some[selector]\u0027: {\n             click: function() { ... }\n         },\n\n         \u0027other selector\u0027: {\n             change: {\n                 fn: function() { ... },\n                 delay: 10\n             }\n         }\n\n     }, controller);\n",
                "items": [
                  {
                    "$type": "param",
                    "name": "selectors",
                    "text": "Config object containing selectors and listeners.\n",
                    "type": "Object",
                    "src": {
                      "name": "1,147,24",
                      "text": "1,147,34,50",
                      "type": "1,147,16"
                    }
                  }
                ],
                "src": {
                  "access": "1,149,8",
                  "name": "1,151,0",
                  "text": "1,129,8,465"
                }
              },
              {
                "$type": "method",
                "access": "protected",
                "name": "match",
                "text": "This method matches the firer of the event (the `target`) to the given `selector`.\nDefault matching is very simple: a match is true when selector equals target\u0027s\n{@link #cfg-idProperty idProperty}, or when selector is \u0027*\u0027 wildcard to match any\ntarget.\n",
                "items": [
                  {
                    "$type": "param",
                    "name": "target",
                    "text": "The firer of the event.\n",
                    "type": "Object",
                    "src": {
                      "name": "1,255,24",
                      "text": "1,255,31,24",
                      "type": "1,255,16"
                    }
                  },
                  {
                    "$type": "param",
                    "name": "selector",
                    "text": "The selector to which to match the `target`.\n",
                    "type": "String",
                    "src": {
                      "name": "1,256,24",
                      "text": "1,256,33,45",
                      "type": "1,256,16"
                    }
                  },
                  {
                    "$type": "return",
                    "text": "`true` if the `target` matches the `selector`.\n",
                    "type": "Boolean",
                    "src": {
                      "text": "1,258,26,47",
                      "type": "1,258,17"
                    }
                  }
                ],
                "src": {
                  "access": "1,260,8",
                  "name": "1,262,0",
                  "text": "1,250,8,253"
                }
              },
              {
                "$type": "method",
                "access": "protected",
                "name": "monitor",
                "text": "This method is called by the derived class to monitor `fireEvent` calls. Any call\nto `fireEvent` on the target Observable will be intercepted and dispatched to any\nlistening Controllers. Assuming the original `fireEvent` method does not return\n`false`, the event is passed to the `{@link #dispatch dispatch}` method of this object.\n\nThis is typically called in the `constructor` of derived classes.\n",
                "items": [
                  {
                    "$type": "param",
                    "name": "observable",
                    "text": "The Observable to monitor for events.\n",
                    "type": "Ext.Class",
                    "src": {
                      "name": "1,280,27",
                      "text": "1,280,38,38",
                      "type": "1,280,16"
                    }
                  }
                ],
                "src": {
                  "access": "1,282,8",
                  "name": "1,284,0",
                  "text": "1,273,8,382"
                }
              },
              {
                "$type": "method",
                "access": "private",
                "name": "unlisten",
                "text": "Removes all of a controller\u0027s attached listeners.\n",
                "items": [
                  {
                    "$type": "param",
                    "name": "controllerId",
                    "text": "The id of the controller.\n",
                    "type": "String",
                    "src": {
                      "name": "1,305,24",
                      "text": "1,305,37,26",
                      "type": "1,305,16"
                    }
                  }
                ],
                "src": {
                  "access": "1,307,8",
                  "name": "1,309,0",
                  "text": "1,303,8,51"
                }
              }
            ]
          },
          {
            "$type": "static-properties",
            "items": [
              {
                "$type": "property",
                "name": "instances",
                "static": true,
                "text": "An object map containing `{@link Ext.app.EventDomain}` instances keyed by the value\nof their `type` property.\n",
                "src": {
                  "name": "1,46,0",
                  "static": "1,40,-1",
                  "text": "1,43,12,102"
                }
              }
            ]
          }
        ],
        "src": {
          "access": "0,6,4",
          "extends": "0,9,0",
          "name": "0,8,0",
          "requires": "0,13,0",
          "singleton": "0,10,0",
          "text": "0,2,4,184"
        }
      }
    ]
  },
  "version": 1
}