{
  "$type": "doxi",
  "files": [
    "../../../ext/packages/core/src/data/matrix/Matrix.js"
  ],
  "global": {
    "$type": "namespace",
    "items": [
      {
        "$type": "class",
        "access": "private",
        "name": "Ext.data.matrix.Matrix",
        "requires": "Ext.data.matrix.Side",
        "text": "This class manages a many-to-many matrix for a `Session`.\n",
        "items": [
          {
            "$type": "properties",
            "items": [
              {
                "$type": "property",
                "name": "association",
                "readonly": true,
                "text": "The `ManyToMany` association for this matrix.\n",
                "type": "Ext.data.schema.ManyToMany",
                "src": {
                  "name": "0,11,47",
                  "readonly": "0,13,8",
                  "text": "0,12,8,46",
                  "type": "0,11,19"
                }
              },
              {
                "$type": "property",
                "name": "session",
                "readonly": true,
                "text": "The `Session` owning this matrix.\n",
                "type": "Ext.data.Session",
                "src": {
                  "name": "0,17,37",
                  "readonly": "0,19,8",
                  "text": "0,18,8,34",
                  "type": "0,17,19"
                }
              }
            ]
          }
        ],
        "src": {
          "access": "0,3,4",
          "name": "0,5,0",
          "requires": "0,7,0",
          "text": "0,2,4,58"
        }
      }
    ]
  },
  "version": 1
}