{
  "$type": "doxi",
  "files": [
    "../../../ext/packages/charts/src/draw/TextMeasurer.js"
  ],
  "global": {
    "$type": "namespace",
    "items": [
      {
        "$type": "class",
        "name": "Ext.draw.TextMeasurer",
        "requires": "Ext.util.TextMetrics",
        "singleton": true,
        "text": "Utility class to provide a way to *approximately* measure the dimension of text\nwithout a drawing context.\n",
        "items": [
          {
            "$type": "configs",
            "items": [
              {
                "$type": "property",
                "name": "precise",
                "optional": true,
                "text": "This singleton tries not to make use of the Ext.util.TextMetrics because it is\nseveral times slower than TextMeasurer\u0027s own solution. TextMetrics is more precise\nthough, so if you have a case where the error is too big, you may want to set\nthis config to `true` to get perfect results at the expense of performance.\nNote: defaults to `true` in IE8.\n",
                "type": "Boolean",
                "value": "false",
                "src": {
                  "name": "0,14,24",
                  "text": "0,15,8,349",
                  "type": "0,14,14",
                  "value": "0,14,32"
                }
              }
            ]
          },
          {
            "$type": "methods",
            "items": [
              {
                "$type": "method",
                "access": "private",
                "name": "actualMeasureText",
                "text": "Measure the size of a text with specific font by using DOM to measure it.\nCould be very expensive therefore should be used lazily.\n",
                "items": [
                  {
                    "$type": "param",
                    "name": "text",
                    "type": "String",
                    "src": {
                      "name": "0,55,24",
                      "type": "0,55,16"
                    }
                  },
                  {
                    "$type": "param",
                    "name": "font",
                    "type": "String",
                    "src": {
                      "name": "0,56,24",
                      "type": "0,56,16"
                    }
                  },
                  {
                    "$type": "return",
                    "text": "An object with `width` and `height` properties.\n",
                    "type": "Object",
                    "items": [
                      {
                        "$type": "property",
                        "name": "width",
                        "type": "Number",
                        "src": {
                          "name": "0,58,32",
                          "type": "0,58,17"
                        }
                      },
                      {
                        "$type": "property",
                        "name": "height",
                        "type": "Number",
                        "src": {
                          "name": "0,59,32",
                          "type": "0,59,17"
                        }
                      }
                    ],
                    "src": {
                      "text": "0,57,25,48",
                      "type": "0,57,17"
                    }
                  }
                ],
                "src": {
                  "access": "0,52,8",
                  "name": "0,61,0",
                  "text": "0,53,8,131"
                }
              },
              {
                "$type": "method",
                "name": "measureTextSingleLine",
                "text": "Measure a single-line text with specific font.\nThis will split the text into characters and add up their size.\nThat may *not* be the exact size of the text as it is displayed.\n",
                "items": [
                  {
                    "$type": "param",
                    "name": "text",
                    "type": "String",
                    "src": {
                      "name": "0,113,24",
                      "type": "0,113,16"
                    }
                  },
                  {
                    "$type": "param",
                    "name": "font",
                    "type": "String",
                    "src": {
                      "name": "0,114,24",
                      "type": "0,114,16"
                    }
                  },
                  {
                    "$type": "return",
                    "text": "An object with `width` and `height` properties.\n",
                    "type": "Object",
                    "items": [
                      {
                        "$type": "property",
                        "name": "width",
                        "type": "Number",
                        "src": {
                          "name": "0,116,32",
                          "type": "0,116,17"
                        }
                      },
                      {
                        "$type": "property",
                        "name": "height",
                        "type": "Number",
                        "src": {
                          "name": "0,117,32",
                          "type": "0,117,17"
                        }
                      }
                    ],
                    "src": {
                      "text": "0,115,25,48",
                      "type": "0,115,17"
                    }
                  }
                ],
                "src": {
                  "name": "0,119,0",
                  "text": "0,110,8,176"
                }
              },
              {
                "$type": "method",
                "name": "measureText",
                "text": "Measure a text with specific font.\nThis will split the text to lines and add up their size.\nThat may *not* be the exact size of the text as it is displayed.\n",
                "items": [
                  {
                    "$type": "param",
                    "name": "text",
                    "type": "String",
                    "src": {
                      "name": "0,167,24",
                      "type": "0,167,16"
                    }
                  },
                  {
                    "$type": "param",
                    "name": "font",
                    "type": "String",
                    "src": {
                      "name": "0,168,24",
                      "type": "0,168,16"
                    }
                  },
                  {
                    "$type": "return",
                    "text": "An object with `width`, `height` and `sizes` properties.\n",
                    "type": "Object",
                    "items": [
                      {
                        "$type": "property",
                        "name": "width",
                        "type": "Number",
                        "src": {
                          "name": "0,170,32",
                          "type": "0,170,17"
                        }
                      },
                      {
                        "$type": "property",
                        "name": "height",
                        "type": "Number",
                        "src": {
                          "name": "0,171,32",
                          "type": "0,171,17"
                        }
                      },
                      {
                        "$type": "property",
                        "name": "sizes",
                        "text": "Results of individual line measurements, in case of multiline text.\n",
                        "type": "Object",
                        "src": {
                          "name": "0,172,32",
                          "text": "0,172,38,68",
                          "type": "0,172,17"
                        }
                      }
                    ],
                    "src": {
                      "text": "0,169,25,57",
                      "type": "0,169,17"
                    }
                  }
                ],
                "src": {
                  "name": "0,174,0",
                  "text": "0,164,8,157"
                }
              }
            ]
          }
        ],
        "src": {
          "name": "0,5,0",
          "requires": "0,8,0",
          "singleton": "0,6,0",
          "text": "0,2,4,107"
        }
      }
    ]
  },
  "version": 1
}