{
  "$type": "doxi",
  "files": [
    "../../../ext/packages/core/src/event/gesture/MultiTouch.js",
    "../../../ext/packages/core/src/mixin/Identifiable.js",
    "../../../ext/packages/core/src/event/gesture/Recognizer.js"
  ],
  "global": {
    "$type": "namespace",
    "items": [
      {
        "$type": "class",
        "abstract": true,
        "access": "private",
        "extends": "Ext.event.gesture.Recognizer",
        "name": "Ext.event.gesture.MultiTouch",
        "text": "A base class for gesture recognizers that involve multiple simultaneous contact points\nbetween the screen and the input-device, e.g. \u0027pinch\u0027 and \u0027rotate\u0027\n",
        "items": [
          {
            "$type": "methods",
            "items": [
              {
                "$type": "method",
                "name": "getId",
                "text": "Retrieves the id of this component. Will autogenerate an id if one has not already been set.\n",
                "items": [
                  {
                    "$type": "return",
                    "text": "id\n",
                    "type": "String",
                    "src": {
                      "text": "1,75,25,3",
                      "type": "1,75,17"
                    }
                  }
                ],
                "src": {
                  "name": "1,77,0",
                  "text": "1,74,8,93"
                }
              }
            ]
          },
          {
            "$type": "properties",
            "items": [
              {
                "$type": "property",
                "name": "priority",
                "text": "The priority of the recognizer. Determines the order in which it recognizes gestures\nrelative to other recognizers.  The default recognizers use the following priorities:\n\n- Ext.event.gesture.Drag: 100\n- Ext.event.gesture.Tap: 200\n- Ext.event.gesture.DoubleTap: 300\n- Ext.event.gesture.LongPress: 400\n- Ext.event.gesture.Swipe: 500\n- Ext.event.gesture.Pinch: 600\n- Ext.event.gesture.Rotate: 700\n- Ext.event.gesture.EdgeSwipe: 800\n",
                "type": "Number",
                "src": {
                  "name": "2,36,0",
                  "text": "2,24,8,430",
                  "type": "2,23,19"
                }
              }
            ]
          }
        ],
        "src": {
          "abstract": "0,4,4",
          "access": "0,5,4",
          "extends": "0,8,0",
          "name": "0,7,0",
          "text": "0,2,4,154"
        }
      }
    ]
  },
  "version": 1
}