{
  "$type": "doxi",
  "files": [
    "../../../ext/packages/core/src/data/identifier/Generator.js",
    "../../../../docs/docs/js/primitives/Object.js",
    "../../../ext/packages/core/src/mixin/Factoryable.js"
  ],
  "global": {
    "$type": "namespace",
    "items": [
      {
        "$type": "class",
        "alias": "data.identifier.default",
        "extended": "Object",
        "extends": "Object",
        "mixed": "Ext.mixin.Factoryable",
        "mixins": "Ext.mixin.Factoryable",
        "name": "Ext.data.identifier.Generator",
        "text": "This class is a base for all id generators. It also provides lookup of id generators by\ntheir id.\n\nGenerally, id generators are used to generate a primary key for new model instances. There\nare different approaches to solving this problem, so this mechanism has both simple use\ncases and is open to custom implementations. A {@link Ext.data.Model} requests id generation\nusing the {@link Ext.data.Model#cfg!identifier Ext.data.Model#identifier} property.\n\nThe following types of `identifiers` are provided:\n\n  * `{@link Ext.data.identifier.Sequential}`\n  * `{@link Ext.data.identifier.Negative}`\n  * `{@link Ext.data.identifier.Uuid}`\n\nIn most cases (other than `uuid`), the server is the only party that can generate\nauthoritative id values. This means that any id generated by an `identifier` should be\nconsider \"provisional\" and must eventually be reconciled with the server. This makes a\n`uuid` very attractive as an `identifier` because they are designed to be generated in\na distributed manner and therefore never require reconciliation.\n\nIt is common for id values to be generated as increasing integer values (1, 2, etc.) by\nthe server when records are inserted. A `{@link Ext.data.identifier.Negative}`\n`identifier` may be useful as it generates client-side values of -1, -2, etc.. These\nvalues are of the same data type (integer) and so can typically be read by servers\nusing typed languages (such as Java or C#) and easily recognized as provisional.\n\nIn the end, the choice of `identifier` strategy requires agreement between client and\nserver.\n\n# Identity, Type and Shared Generators\n\nIt is often desirable to share Generators to ensure uniqueness or common configuration.\nThis is done by giving Generator instances an id property by which they can be looked\nup using the {@link Ext.Factory#dataIdentifier dataIdentifier} method. To configure two {@link Ext.data.Model} classes\nto share one {@link Ext.data.identifier.Sequential} id generator, you simply\nassign them the same id:\n\n    Ext.define('MyApp.data.MyModelA', {\n        extend: 'Ext.data.Model',\n        identifier: {\n            type: 'sequential',\n            id: 'foo'\n        }\n    });\n\n    Ext.define('MyApp.data.MyModelB', {\n        extend: 'Ext.data.Model',\n        identifier: {\n            type: 'sequential',\n            id: 'foo'\n        }\n    });\n\nTo make this as simple as possible for generator types that are shared by many (or all)\nModels, the Generator types (such as 'sequential' or 'uuid') are also reserved as\ngenerator ids. This is used by the {@link Ext.data.identifier.Uuid} which has an id equal\nto its type ('uuid'). In other words, the following Models share the same generator:\n\n    Ext.define('MyApp.data.MyModelX', {\n        extend: 'Ext.data.Model',\n        identifier: 'uuid'\n    });\n\n    Ext.define('MyApp.data.MyModelY', {\n        extend: 'Ext.data.Model',\n        identifier: 'uuid'\n    });\n\nThis can be overridden (by specifying the id explicitly), but there is no particularly\ngood reason to do so for this generator type.\n\n# Creating Custom Generators\n\nAn id generator should derive from this class and implement the {@link #method!generate #generate} method.\n\nTo register an id generator type, a derived class should provide an `alias` like so:\n\n    Ext.define('MyApp.data.identifier.Custom', {\n        extend: 'Ext.data.identifier.Generator',\n        alias: 'data.identifier.custom',\n        config: {\n            configProp: 42 // some config property w/default value\n        }\n\n        generate: function () {\n            return ... // a new id\n        }\n    });\n\nUsing the custom id generator is then straightforward:\n\n    Ext.define('MyApp.data.MyModel', {\n        extend: 'Ext.data.Model',\n        identifier: 'custom'\n    });\n    // or...\n\n    Ext.define('MyApp.data.MyModel', {\n        extend: 'Ext.data.Model',\n        identifier: {\n            type: 'custom',\n            configProp: value\n        }\n    });\n\nIt is not recommended to mix shared generators with generator configuration. This leads\nto unpredictable results unless all configurations match (which is also redundant). In\nsuch cases, a custom generator with a default id is the best approach.\n\n    Ext.define('MyApp.data.identifier.Custom', {\n        extend: 'Ext.data.identifier.Sequential',\n        alias: 'data.identifier.custom',\n\n        config: {\n            id: 'custom',\n            prefix: 'ID_',\n            seed: 1000\n        }\n    });\n\n    Ext.define('MyApp.data.MyModelX', {\n        extend: 'Ext.data.Model',\n        identifier: 'custom'\n    });\n\n    Ext.define('MyApp.data.MyModelY', {\n        extend: 'Ext.data.Model',\n        identifier: 'custom'\n    });\n\n    // the above models share a generator that produces ID_1000, ID_1001, etc..\n",
        "items": [
          {
            "$type": "configs",
            "items": [
              {
                "$type": "property",
                "name": "id",
                "text": "The id for this generator.\n",
                "type": "String",
                "src": {
                  "name": "0,156,26",
                  "text": "0,157,12,27",
                  "type": "0,156,18"
                }
              }
            ]
          },
          {
            "$type": "methods",
            "items": [
              {
                "$type": "method",
                "access": "private",
                "name": "clone",
                "text": "Create a copy of this identifier.\n",
                "items": [
                  {
                    "$type": "return",
                    "text": "The clone\n",
                    "type": "Ext.data.identifier.Generator",
                    "src": {
                      "text": "0,192,52,10",
                      "type": "0,192,21"
                    }
                  },
                  {
                    "$type": "param",
                    "name": "config",
                    "src": {
                      "name": "0,194,0"
                    }
                  }
                ],
                "src": {
                  "access": "0,191,12",
                  "name": "0,194,0",
                  "text": "0,190,12,34"
                }
              },
              {
                "$type": "method",
                "name": "constructor",
                "text": "Initializes a new instance.\n",
                "items": [
                  {
                    "$type": "param",
                    "name": "config",
                    "text": "(optional) Configuration object to be applied to the new instance.\n",
                    "type": "Object",
                    "src": {
                      "name": "0,164,24",
                      "text": "0,164,31,67",
                      "type": "0,164,16"
                    }
                  }
                ],
                "src": {
                  "name": "0,166,0",
                  "text": "0,163,8,28"
                }
              },
              {
                "$type": "method",
                "abstract": true,
                "name": "generate",
                "text": "Generates and returns the next id. This method must be implemented by the derived\nclass.\n",
                "items": [
                  {
                    "$type": "return",
                    "text": "The next id.\n",
                    "type": "Number/String",
                    "src": {
                      "text": "0,183,32,13",
                      "type": "0,183,17"
                    }
                  }
                ],
                "src": {
                  "abstract": "0,185,8",
                  "name": "0,184,16",
                  "text": "0,180,8,90"
                }
              },
              {
                "$type": "method",
                "name": "hasOwnProperty",
                "text": "Returns a boolean indicating whether an object contains the specified property as a direct property\nof that object and not inherited through the prototype chain.\n\nEvery object descended from `{@link Object}` inherits the `{@link #method!hasOwnProperty hasOwnProperty}` method. This method can be used\nto determine whether an object has the specified property as a direct property of that object;\nunlike the `in` operator, this method does not check down the object's prototype chain.\n\nThe following example determines whether the o object contains a property named prop:\n\n    o = new Object();\n    o.prop = 'exists';\n\n    function changeO() {\n        o.newprop = o.prop;\n        delete o.prop;\n    }\n\n    o.hasOwnProperty('prop');   //returns true\n    changeO();\n    o.hasOwnProperty('prop');   //returns false\n\nThe following example differentiates between direct properties and properties inherited through the\nprototype chain:\n\n    o = new Object();\n    o.prop = 'exists';\n    o.hasOwnProperty('prop');             // returns true\n    o.hasOwnProperty('toString');         // returns false\n    o.hasOwnProperty('hasOwnProperty');   // returns false\n\nThe following example shows how to iterate over the properties of an object without executing on\ninherit properties.\n\n    var buz = {\n        fog: 'stack'\n    };\n\n    for (var name in buz) {\n        if (buz.hasOwnProperty(name)) {\n            alert(\"this is fog (\" + name + \") for sure. Value: \" + buz[name]);\n        }\n        else {\n            alert(name); // toString or something else\n        }\n    }\n",
                "items": [
                  {
                    "$type": "param",
                    "name": "prop",
                    "text": "The name of the property to test.\n",
                    "type": "String",
                    "src": {
                      "name": "1,100,20",
                      "text": "1,100,25,34",
                      "type": "1,100,12"
                    }
                  },
                  {
                    "$type": "return",
                    "text": "Returns true if object contains specified property; else\nreturns false.\n",
                    "type": "Boolean",
                    "src": {
                      "text": "1,101,22,57:1,102,4,15",
                      "type": "1,101,13"
                    }
                  }
                ],
                "src": {
                  "name": "1,53,12",
                  "text": "1,54,4,1520"
                }
              },
              {
                "$type": "method",
                "name": "isPrototypeOf",
                "text": "Returns a boolean indication whether the specified object is in the prototype chain of the object\nthis method is called upon.\n\n`{@link #method!isPrototypeOf isPrototypeOf}` allows you to check whether or not an object exists within another object's\nprototype chain.\n\nFor example, consider the following prototype chain:\n\n    function Fee() {\n        // . . .\n    }\n\n    function Fi() {\n        // . . .\n    }\n    Fi.prototype = new Fee();\n\n    function Fo() {\n        // . . .\n    }\n    Fo.prototype = new Fi();\n\n    function Fum() {\n        // . . .\n    }\n    Fum.prototype = new Fo();\n\nLater on down the road, if you instantiate `Fum` and need to check if `Fi`'s prototype exists\nwithin the `Fum` prototype chain, you could do this:\n\n    var fum = new Fum();\n    . . .\n\n    if (Fi.prototype.isPrototypeOf(fum)) {\n    // do something safe\n    }\n\nThis, along with the `instanceof` operator particularly comes in handy if you have code that can\nonly function when dealing with objects descended from a specific prototype chain, e.g., to\nguarantee that certain methods or properties will be present on that object.\n",
                "items": [
                  {
                    "$type": "param",
                    "name": "prototype",
                    "text": "an object to be tested against each link in the prototype chain of the\n*object* argument\n",
                    "type": "Object",
                    "src": {
                      "name": "1,148,20",
                      "text": "1,148,30,71:1,149,4,18",
                      "type": "1,148,12"
                    }
                  },
                  {
                    "$type": "param",
                    "name": "object",
                    "text": "the object whose prototype chain will be searched\n",
                    "type": "Object",
                    "src": {
                      "name": "1,150,20",
                      "text": "1,150,27,50",
                      "type": "1,150,12"
                    }
                  },
                  {
                    "$type": "return",
                    "text": "Returns true if object is a prototype and false if not.\n",
                    "type": "Boolean",
                    "src": {
                      "text": "1,151,22,56",
                      "type": "1,151,13"
                    }
                  }
                ],
                "src": {
                  "name": "1,106,12",
                  "text": "1,107,4,1084"
                }
              },
              {
                "$type": "method",
                "name": "propertyIsEnumerable",
                "text": "Returns a boolean indicating if the internal ECMAScript DontEnum attribute is set.\n\nEvery object has a `{@link #method!propertyIsEnumerable propertyIsEnumerable}` method. This method can determine whether the specified\nproperty in an object can be enumerated by a `for...in` loop, with the exception of properties\ninherited through the prototype chain. If the object does not have the specified property, this\nmethod returns false.\n\nThe following example shows the use of `{@link #method!propertyIsEnumerable propertyIsEnumerable}` on objects and arrays:\n\n    var o = {};\n    var a = [];\n    o.prop = 'is enumerable';\n    a[0] = 'is enumerable';\n\n    o.propertyIsEnumerable('prop');   // returns true\n    a.propertyIsEnumerable(0);        // returns true\n\nThe following example demonstrates the enumerability of user-defined versus built-in properties:\n\n    var a = ['is enumerable'];\n\n    a.propertyIsEnumerable(0);          // returns true\n    a.propertyIsEnumerable('length');   // returns false\n\n    Math.propertyIsEnumerable('random');   // returns false\n    this.propertyIsEnumerable('Math');     // returns false\n\nDirect versus inherited properties\n\n    var a = [];\n    a.propertyIsEnumerable('constructor');         // returns false\n\n    function firstConstructor()\n    {\n        this.property = 'is not enumerable';\n    }\n    firstConstructor.prototype.firstMethod = function () {};\n\n    function secondConstructor()\n    {\n        this.method = function method() { return 'is enumerable'; };\n    }\n\n    secondConstructor.prototype = new firstConstructor;\n    secondConstructor.prototype.constructor = secondConstructor;\n\n    var o = new secondConstructor();\n    o.arbitraryProperty = 'is enumerable';\n\n    o.propertyIsEnumerable('arbitraryProperty');   // returns true\n    o.propertyIsEnumerable('method');              // returns true\n    o.propertyIsEnumerable('property');            // returns false\n\n    o.property = 'is enumerable';\n\n    o.propertyIsEnumerable('property');            // returns true\n\n    // These return false as they are on the prototype which\n    // propertyIsEnumerable does not consider (even though the last two\n    // are iteratable with for-in)\n    o.propertyIsEnumerable('prototype'); // returns false (as of JS 1.8.1/FF3.6)\n    o.propertyIsEnumerable('constructor'); // returns false\n    o.propertyIsEnumerable('firstMethod'); // returns false\n",
                "items": [
                  {
                    "$type": "param",
                    "name": "prop",
                    "text": "The name of the property to test.\n",
                    "type": "String",
                    "src": {
                      "name": "1,220,20",
                      "text": "1,220,25,34",
                      "type": "1,220,12"
                    }
                  },
                  {
                    "$type": "return",
                    "text": "If the object does not have the specified property, this\nmethod returns false.\n",
                    "type": "Boolean",
                    "src": {
                      "text": "1,221,22,57:1,222,4,22",
                      "type": "1,221,13"
                    }
                  }
                ],
                "src": {
                  "name": "1,155,12",
                  "text": "1,156,4,2313"
                }
              },
              {
                "$type": "method",
                "name": "toLocaleString",
                "text": "Returns a string representing the object. This method is meant to be overridden by derived objects\nfor locale-specific purposes.\n\n`{@link Object}`'s `{@link #method!toLocaleString toLocaleString}` returns the result of calling `{@link #method!toString toString}`.\n\nThis function is provided to give objects a generic `{@link #method!toLocaleString toLocaleString}` method, even though not all\nmay use it. Currently, only `{@link Array}`, `{@link Number}`, and `{@link Date}` override `{@link #method!toLocaleString toLocaleString}`.\n",
                "items": [
                  {
                    "$type": "return",
                    "text": "Object represented as a string.\n",
                    "type": "String",
                    "src": {
                      "text": "1,235,21,32",
                      "type": "1,235,13"
                    }
                  }
                ],
                "src": {
                  "name": "1,226,12",
                  "text": "1,227,4,384"
                }
              },
              {
                "$type": "method",
                "name": "toString",
                "text": "Returns a string representation of the object.\n\nEvery object has a `toString()` method that is automatically called when the object is to be\nrepresented as a text value or when an object is referred to in a manner in which a string is\nexpected. By default, the `toString()` method is inherited by every object descended from `{@link Object}`.\nIf this method is not overridden in a custom object, `toString()` returns \"[object type]\", where\n`type` is the object type. The following code illustrates this:\n\n    var o = new Object();\n    o.toString();           // returns [object Object]\n\nYou can create a function to be called in place of the default `toString()` method. The\n`toString()` method takes no arguments and should return a string. The `toString()` method you\ncreate can be any value you want, but it will be most useful if it carries information about the\nobject.\n\nThe following code defines the `Dog` object type and creates `theDog`, an object of type `Dog`:\n\n    function Dog(name,breed,color,sex) {\n        this.name=name;\n        this.breed=breed;\n        this.color=color;\n        this.sex=sex;\n    }\n\n    theDog = new Dog(\"Gabby\",\"Lab\",\"chocolate\",\"female\");\n\nIf you call the `toString()` method on this custom object, it returns the default value inherited\nfrom `{@link Object}`:\n\n    theDog.toString(); //returns [object Object]\n\nThe following code creates and assigns `dogToString()` to override the default `toString()` method.\nThis function generates a string containing the name, breed, color, and sex of the object, in the\nform `\"property = value;\"`.\n\n    Dog.prototype.toString = function dogToString() {\n        var ret = \"Dog \" + this.name + \" is a \" + this.sex + \" \" + this.color + \" \" + this.breed;\n        return ret;\n    }\n\nWith the preceding code in place, any time theDog is used in a string context, JavaScript\nautomatically calls the `dogToString()` function, which returns the following string:\n\n    Dog Gabby is a female chocolate Lab\n\n`toString()` can be used with every object and allows you to get its class. To use the\n`Object.prototype.toString()` with every object, you need to call `Function.prototype.call()` or\n`Function.prototype.apply()` on it, passing the object you want to inspect as the first parameter\ncalled `thisArg`.\n\n    var toString = Object.prototype.toString;\n\n    toString.call(new Date); // [object Date]\n    toString.call(new String); // [object String]\n    toString.call(Math); // [object Math]\n",
                "items": [
                  {
                    "$type": "return",
                    "text": "Object represented as a string.\n",
                    "type": "String",
                    "src": {
                      "text": "1,297,21,32",
                      "type": "1,297,13"
                    }
                  }
                ],
                "src": {
                  "name": "1,239,12",
                  "text": "1,240,4,2445"
                }
              },
              {
                "$type": "method",
                "name": "valueOf",
                "text": "Returns the primitive value of the specified object.\n\nJavaScript calls the `{@link #method!valueOf valueOf}` method to convert an object to a primitive value. You rarely need to\ninvoke the `{@link #method!valueOf valueOf}` method yourself; JavaScript automatically invokes it when encountering an\nobject where a primitive value is expected.\n\nBy default, the `{@link #method!valueOf valueOf}` method is inherited by every object descended from `{@link Object}`. Every built-\nin core object overrides this method to return an appropriate value. If an object has no primitive\nvalue, `{@link #method!valueOf valueOf}` returns the object itself, which is displayed as:\n\n    [object Object]\n\nYou can use `{@link #method!valueOf valueOf}` within your own code to convert a built-in object into a primitive value.\nWhen you create a custom object, you can override `Object.valueOf` to call a custom method instead\nof the default `{@link Object}` method.\n\nYou can create a function to be called in place of the default `{@link #method!valueOf valueOf}` method. Your function must\ntake no arguments.\n\nSuppose you have an object type `myNumberType` and you want to create a `{@link #method!valueOf valueOf}` method for it.\nThe following code assigns a user-defined function to the object's valueOf method:\n\n    myNumberType.prototype.valueOf = new Function(functionText)\n\nWith the preceding code in place, any time an object of type `myNumberType` is used in a context\nwhere it is to be represented as a primitive value, JavaScript automatically calls the function\ndefined in the preceding code.\n\nAn object's `{@link #method!valueOf valueOf}` method is usually invoked by JavaScript, but you can invoke it yourself as\nfollows:\n\n    myNumber.valueOf()\n\nNote: Objects in string contexts convert via the `{@link #method!toString toString}` method, which is different from\n`{@link String}` objects converting to string primitives using `{@link #method!valueOf valueOf}`. All objects have a string\nconversion, if only `\"[object type]\"`. But many objects do not convert to number, boolean, or\nfunction.\n",
                "items": [
                  {
                    "$type": "return",
                    "text": "Returns value of the object or the object itself.\n",
                    "type": "Object",
                    "src": {
                      "text": "1,340,21,50",
                      "type": "1,340,13"
                    }
                  }
                ],
                "src": {
                  "name": "1,301,12",
                  "text": "1,302,4,1821"
                }
              }
            ]
          },
          {
            "$type": "properties",
            "items": [
              {
                "$type": "property",
                "name": "constructor",
                "text": " Specifies the function that creates an object's prototype.\n\n Returns a reference to the Object function that created the instance's prototype. Note that the\n value of this property is a reference to the function itself, not a string containing the\n function's name, but it isn't read only (except for primitive Boolean, Number or String values: 1,\n true, \"read-only\").\n\n All objects inherit a `constructor` property from their `{@link #property!prototype prototype}`:\n\n     o = new Object // or o = {} in JavaScript 1.2\n     o.constructor == Object\n     a = new Array // or a = [] in JavaScript 1.2\n     a.constructor == Array\n     n = new Number(3)\n     n.constructor == Number\n\n Even though you cannot construct most HTML objects, you can do comparisons. For example,\n\n     document.constructor == Document\n     document.form3.constructor == Form\n\n The following example creates a prototype, `Tree`, and an object of that type, theTree. The example then displays the `constructor` property for the object `theTree`.\n\n     function Tree(name) {\n         this.name = name;\n     }\n     theTree = new Tree(\"Redwood\");\n     console.log(\"theTree.constructor is \" + theTree.constructor);\n\n This example displays the following output:\n\n     theTree.constructor is function Tree(name) {\n         this.name = name;\n     }\n\n The following example shows how to modify constructor value of generic objects. Only true, 1 and\n \"test\" variable constructors will not be changed. This example explains that is not always so safe\n to believe in constructor function.\n\n     function Type(){};\n     var\ttypes = [\n \t    new Array,\t[],\n\t    new Boolean,\ttrue,\n\t    new Date,\n\t    new Error,\n\t    new Function,\tfunction(){},\n\t    Math,\n\t    new Number,\t1,\n\t    new Object,\t{},\n\t    new RegExp,\t/(?:)/,\n\t    new String,\t\"test\"\n     ];\n     for(var i = 0; i < types.length; i++){\n         types[i].constructor = Type;\n         types[i] = [types[i].constructor, types[i] instanceof Type, types[i].toString()];\n     };\n     alert(types.join(\"\\n\"));\n",
                "src": {
                  "name": "1,346,14",
                  "text": "1,347,3,1996"
                }
              },
              {
                "$type": "property",
                "name": "factoryConfig",
                "optional": true,
                "text": "If this property is specified by the target class of this mixin its properties are\nused to configure the created `{@link Ext.Factory}`.\n",
                "type": "Object",
                "src": {
                  "name": "2,295,28",
                  "text": "2,296,8,128",
                  "type": "2,295,19"
                }
              },
              {
                "$type": "property",
                "name": "isGenerator",
                "text": "`true` in this class to identify an object as an instantiated IdGenerator, or subclass thereof.\n",
                "type": "Boolean",
                "src": {
                  "name": "0,149,28",
                  "text": "0,150,8,96",
                  "type": "0,149,19"
                }
              },
              {
                "$type": "property",
                "name": "prototype",
                "text": "Allows the addition of properties to all objects of type Object.\n",
                "src": {
                  "name": "1,46,14",
                  "text": "1,47,4,65"
                }
              }
            ]
          },
          {
            "$type": "static-properties",
            "items": [
              {
                "$type": "property",
                "access": "private",
                "name": "all",
                "static": true,
                "text": "This object is keyed by id to lookup instances.\n",
                "type": "Object",
                "src": {
                  "access": "0,204,16",
                  "name": "0,202,35",
                  "static": "0,205,16",
                  "text": "0,203,16,48",
                  "type": "0,202,27"
                }
              }
            ]
          }
        ],
        "src": {
          "alias": "0,142,0",
          "mixins": "0,139,0",
          "name": "0,135,0",
          "text": "0,2,4,4738"
        }
      }
    ]
  },
  "version": 1
}