{
  "$type": "doxi",
  "files": [
    "../../../ext/classic/classic/src/container/DockingContainer.js",
    "../../../../docs/docs/js/primitives/Object.js"
  ],
  "global": {
    "$type": "namespace",
    "items": [
      {
        "$type": "class",
        "extended": "Object",
        "extends": "Object",
        "name": "Ext.container.DockingContainer",
        "requires": "Ext.util.MixedCollection,Ext.Element",
        "items": [
          {
            "$type": "configs",
            "items": [
              {
                "$type": "property",
                "name": "defaultDockWeights",
                "text": "This object holds the default weights applied to dockedItems that have no weight. These start with a\nweight of 1, to allow negative weights to insert before top items and are odd numbers\nso that even weights can be used to get between different dock orders.\n\nTo make default docking order match border layout, do this:\n\n     Ext.panel.Panel.prototype.defaultDockWeights = { top: 1, bottom: 3, left: 5, right: 7 };\n\nChanging these defaults as above or individually on this object will effect all Panels.\nTo change the defaults on a single panel, you should replace the entire object:\n\n     initComponent: function () {\n         // NOTE: Don't change members of defaultDockWeights since the object is shared.\n         this.defaultDockWeights = { top: 1, bottom: 3, left: 5, right: 7 };\n\n         this.callParent();\n     }\n\nTo change only one of the default values, you do this:\n\n     initComponent: function () {\n         // NOTE: Don't change members of defaultDockWeights since the object is shared.\n         this.defaultDockWeights = Ext.applyIf({ top: 10 }, this.defaultDockWeights);\n\n         this.callParent();\n     }\n",
                "type": "Object",
                "src": {
                  "name": "0,30,22",
                  "text": "0,31,8,1122",
                  "type": "0,30,14"
                }
              },
              {
                "$type": "property",
                "access": "private",
                "name": "tabGuard",
                "since": "6.0.0",
                "text": "When set to `true`, two elements are added to the panel's element. These are the\n`{@link #property!tabGuardBeforeEl #tabGuardBeforeEl}` and `{@link #property!tabGuardAfterEl #tabGuardAfterEl}`.\n",
                "type": "Boolean",
                "src": {
                  "access": "0,88,8",
                  "name": "0,87,23",
                  "since": "0,89,15",
                  "text": "0,85,8,141",
                  "type": "0,87,14"
                }
              }
            ]
          },
          {
            "$type": "events",
            "items": [
              {
                "$type": "event",
                "name": "dockedadd",
                "text": "Fires when any {@link Ext.Component} is added or inserted as a docked item.\n",
                "items": [
                  {
                    "$type": "param",
                    "name": "this",
                    "type": "Ext.panel.Panel",
                    "src": {
                      "name": "0,17,33",
                      "type": "0,17,16"
                    }
                  },
                  {
                    "$type": "param",
                    "name": "component",
                    "text": "The component being added\n",
                    "type": "Ext.Component",
                    "src": {
                      "name": "0,18,31",
                      "text": "0,18,41,26",
                      "type": "0,18,16"
                    }
                  },
                  {
                    "$type": "param",
                    "name": "index",
                    "text": "The index at which the component will be added docked items collection\n",
                    "type": "Number",
                    "src": {
                      "name": "0,19,24",
                      "text": "0,19,30,71",
                      "type": "0,19,16"
                    }
                  }
                ],
                "src": {
                  "name": "0,15,15",
                  "text": "0,16,8,76"
                }
              },
              {
                "$type": "event",
                "name": "dockedremove",
                "text": "Fires when any {@link Ext.Component} is removed from the docked items.\n",
                "items": [
                  {
                    "$type": "param",
                    "name": "this",
                    "type": "Ext.panel.Panel",
                    "src": {
                      "name": "0,25,33",
                      "type": "0,25,16"
                    }
                  },
                  {
                    "$type": "param",
                    "name": "component",
                    "text": "The component being removed\n",
                    "type": "Ext.Component",
                    "src": {
                      "name": "0,26,31",
                      "text": "0,26,41,28",
                      "type": "0,26,16"
                    }
                  }
                ],
                "src": {
                  "name": "0,23,15",
                  "text": "0,24,8,71"
                }
              }
            ]
          },
          {
            "$type": "methods",
            "items": [
              {
                "$type": "method",
                "name": "addDocked",
                "text": "Adds docked item(s) to the container.\n",
                "items": [
                  {
                    "$type": "param",
                    "name": "items",
                    "text": "The Component or array of components to add. The components\nmust include a 'dock' parameter on each component to indicate where it should be docked\n('top', 'right', 'bottom', 'left').\n",
                    "type": "Object/Object[]",
                    "src": {
                      "name": "0,125,33",
                      "text": "0,125,39,60:0,126,8,124",
                      "type": "0,125,16"
                    }
                  },
                  {
                    "$type": "param",
                    "name": "pos",
                    "optional": true,
                    "text": "The index at which the Component will be added\n",
                    "type": "Number",
                    "src": {
                      "name": "0,128,25",
                      "text": "0,128,30,47",
                      "type": "0,128,16"
                    }
                  },
                  {
                    "$type": "return",
                    "text": "The added components.\n",
                    "type": "Ext.Component[]",
                    "src": {
                      "text": "0,129,34,22",
                      "type": "0,129,17"
                    }
                  }
                ],
                "src": {
                  "name": "0,131,0",
                  "text": "0,123,8,39"
                }
              },
              {
                "$type": "method",
                "name": "constructor",
                "text": "Creates new Object.\n",
                "items": [
                  {
                    "$type": "param",
                    "name": "value",
                    "optional": true,
                    "text": "The value to wrap.\n",
                    "type": "Object",
                    "src": {
                      "name": "1,40,21",
                      "text": "1,40,28,19",
                      "type": "1,40,12"
                    }
                  }
                ],
                "src": {
                  "name": "1,38,12",
                  "text": "1,39,4,20"
                }
              },
              {
                "$type": "method",
                "name": "getDockedComponent",
                "text": "Finds a docked component by id, itemId or position. Also see {@link #method!getDockedItems #getDockedItems}\n",
                "items": [
                  {
                    "$type": "param",
                    "name": "comp",
                    "text": "The id, itemId or position of the docked component (see {@link Ext.container.Container#method!getComponent Ext.container.Container#getComponent} for details)\n",
                    "type": "String/Number",
                    "src": {
                      "name": "0,234,31",
                      "text": "0,234,36,127",
                      "type": "0,234,16"
                    }
                  },
                  {
                    "$type": "return",
                    "text": "The docked component (if found)\n",
                    "type": "Ext.Component",
                    "src": {
                      "text": "0,235,32,32",
                      "type": "0,235,17"
                    }
                  }
                ],
                "src": {
                  "name": "0,237,0",
                  "text": "0,233,8,85"
                }
              },
              {
                "$type": "method",
                "name": "getDockedItems",
                "text": "Retrieves an array of all currently docked Components.\n\nFor example to find a toolbar that has been docked at top:\n\n    panel.getDockedItems('toolbar[dock=\"top\"]');\n",
                "items": [
                  {
                    "$type": "param",
                    "name": "selector",
                    "text": "A {@link Ext.ComponentQuery} selector string to filter the returned items.\n",
                    "type": "String",
                    "src": {
                      "name": "0,251,24",
                      "text": "0,251,33,90",
                      "type": "0,251,16"
                    }
                  },
                  {
                    "$type": "param",
                    "name": "beforeBody",
                    "text": "An optional flag to limit the set of items to only those\n before the body (true) or after the body (false). All components are returned by\n default.\n",
                    "type": "Boolean",
                    "src": {
                      "name": "0,252,25",
                      "text": "0,252,36,57:0,253,8,92",
                      "type": "0,252,16"
                    }
                  },
                  {
                    "$type": "return",
                    "text": "The array of docked components meeting the specified criteria.\n",
                    "type": "Ext.Component[]",
                    "src": {
                      "text": "0,255,34,63",
                      "type": "0,255,17"
                    }
                  }
                ],
                "src": {
                  "name": "0,257,0",
                  "text": "0,245,8,166"
                }
              },
              {
                "$type": "method",
                "name": "hasOwnProperty",
                "text": "Returns a boolean indicating whether an object contains the specified property as a direct property\nof that object and not inherited through the prototype chain.\n\nEvery object descended from `{@link Object}` inherits the `{@link #method!hasOwnProperty hasOwnProperty}` method. This method can be used\nto determine whether an object has the specified property as a direct property of that object;\nunlike the `in` operator, this method does not check down the object's prototype chain.\n\nThe following example determines whether the o object contains a property named prop:\n\n    o = new Object();\n    o.prop = 'exists';\n\n    function changeO() {\n        o.newprop = o.prop;\n        delete o.prop;\n    }\n\n    o.hasOwnProperty('prop');   //returns true\n    changeO();\n    o.hasOwnProperty('prop');   //returns false\n\nThe following example differentiates between direct properties and properties inherited through the\nprototype chain:\n\n    o = new Object();\n    o.prop = 'exists';\n    o.hasOwnProperty('prop');             // returns true\n    o.hasOwnProperty('toString');         // returns false\n    o.hasOwnProperty('hasOwnProperty');   // returns false\n\nThe following example shows how to iterate over the properties of an object without executing on\ninherit properties.\n\n    var buz = {\n        fog: 'stack'\n    };\n\n    for (var name in buz) {\n        if (buz.hasOwnProperty(name)) {\n            alert(\"this is fog (\" + name + \") for sure. Value: \" + buz[name]);\n        }\n        else {\n            alert(name); // toString or something else\n        }\n    }\n",
                "items": [
                  {
                    "$type": "param",
                    "name": "prop",
                    "text": "The name of the property to test.\n",
                    "type": "String",
                    "src": {
                      "name": "1,100,20",
                      "text": "1,100,25,34",
                      "type": "1,100,12"
                    }
                  },
                  {
                    "$type": "return",
                    "text": "Returns true if object contains specified property; else\nreturns false.\n",
                    "type": "Boolean",
                    "src": {
                      "text": "1,101,22,57:1,102,4,15",
                      "type": "1,101,13"
                    }
                  }
                ],
                "src": {
                  "name": "1,53,12",
                  "text": "1,54,4,1520"
                }
              },
              {
                "$type": "method",
                "name": "insertDocked",
                "text": "Inserts docked item(s) to the panel at the indicated position.\n",
                "items": [
                  {
                    "$type": "param",
                    "name": "pos",
                    "text": "The index at which the Component will be inserted\n",
                    "type": "Number",
                    "src": {
                      "name": "0,298,24",
                      "text": "0,298,28,50",
                      "type": "0,298,16"
                    }
                  },
                  {
                    "$type": "param",
                    "name": "items",
                    "text": "The Component or array of components to add. The components\nmust include a 'dock' paramater on each component to indicate where it should be docked ('top', 'right',\n'bottom', 'left').\n",
                    "type": "Object/Object[]",
                    "src": {
                      "name": "0,299,33",
                      "text": "0,299,39,60:0,300,8,124",
                      "type": "0,299,16"
                    }
                  }
                ],
                "src": {
                  "name": "0,303,0",
                  "text": "0,297,8,63"
                }
              },
              {
                "$type": "method",
                "name": "isPrototypeOf",
                "text": "Returns a boolean indication whether the specified object is in the prototype chain of the object\nthis method is called upon.\n\n`{@link #method!isPrototypeOf isPrototypeOf}` allows you to check whether or not an object exists within another object's\nprototype chain.\n\nFor example, consider the following prototype chain:\n\n    function Fee() {\n        // . . .\n    }\n\n    function Fi() {\n        // . . .\n    }\n    Fi.prototype = new Fee();\n\n    function Fo() {\n        // . . .\n    }\n    Fo.prototype = new Fi();\n\n    function Fum() {\n        // . . .\n    }\n    Fum.prototype = new Fo();\n\nLater on down the road, if you instantiate `Fum` and need to check if `Fi`'s prototype exists\nwithin the `Fum` prototype chain, you could do this:\n\n    var fum = new Fum();\n    . . .\n\n    if (Fi.prototype.isPrototypeOf(fum)) {\n    // do something safe\n    }\n\nThis, along with the `instanceof` operator particularly comes in handy if you have code that can\nonly function when dealing with objects descended from a specific prototype chain, e.g., to\nguarantee that certain methods or properties will be present on that object.\n",
                "items": [
                  {
                    "$type": "param",
                    "name": "prototype",
                    "text": "an object to be tested against each link in the prototype chain of the\n*object* argument\n",
                    "type": "Object",
                    "src": {
                      "name": "1,148,20",
                      "text": "1,148,30,71:1,149,4,18",
                      "type": "1,148,12"
                    }
                  },
                  {
                    "$type": "param",
                    "name": "object",
                    "text": "the object whose prototype chain will be searched\n",
                    "type": "Object",
                    "src": {
                      "name": "1,150,20",
                      "text": "1,150,27,50",
                      "type": "1,150,12"
                    }
                  },
                  {
                    "$type": "return",
                    "text": "Returns true if object is a prototype and false if not.\n",
                    "type": "Boolean",
                    "src": {
                      "text": "1,151,22,56",
                      "type": "1,151,13"
                    }
                  }
                ],
                "src": {
                  "name": "1,106,12",
                  "text": "1,107,4,1084"
                }
              },
              {
                "$type": "method",
                "access": "private",
                "name": "moveDocked",
                "text": "Moves a docked item to a different side.\n",
                "items": [
                  {
                    "$type": "param",
                    "name": "item",
                    "type": "Ext.Component",
                    "src": {
                      "name": "0,375,31",
                      "type": "0,375,16"
                    }
                  },
                  {
                    "$type": "param",
                    "name": "side",
                    "type": "'top'/'right'/'bottom'/'left'",
                    "src": {
                      "name": "0,376,47",
                      "type": "0,376,16"
                    }
                  }
                ],
                "src": {
                  "access": "0,377,8",
                  "name": "0,379,0",
                  "text": "0,374,8,41"
                }
              },
              {
                "$type": "method",
                "access": "protected",
                "name": "onDockedAdd",
                "template": true,
                "text": "Invoked after a docked item is added to the Panel.\n",
                "items": [
                  {
                    "$type": "param",
                    "name": "component",
                    "type": "Ext.Component",
                    "src": {
                      "name": "0,311,31",
                      "type": "0,311,16"
                    }
                  }
                ],
                "src": {
                  "access": "0,313,8",
                  "name": "0,315,0",
                  "template": "0,312,8",
                  "text": "0,310,8,51"
                }
              },
              {
                "$type": "method",
                "access": "protected",
                "name": "onDockedRemove",
                "template": true,
                "text": "Invoked after a docked item is removed from the Panel.\n",
                "items": [
                  {
                    "$type": "param",
                    "name": "component",
                    "type": "Ext.Component",
                    "src": {
                      "name": "0,319,31",
                      "type": "0,319,16"
                    }
                  }
                ],
                "src": {
                  "access": "0,321,8",
                  "name": "0,323,0",
                  "template": "0,320,8",
                  "text": "0,318,8,55"
                }
              },
              {
                "$type": "method",
                "name": "propertyIsEnumerable",
                "text": "Returns a boolean indicating if the internal ECMAScript DontEnum attribute is set.\n\nEvery object has a `{@link #method!propertyIsEnumerable propertyIsEnumerable}` method. This method can determine whether the specified\nproperty in an object can be enumerated by a `for...in` loop, with the exception of properties\ninherited through the prototype chain. If the object does not have the specified property, this\nmethod returns false.\n\nThe following example shows the use of `{@link #method!propertyIsEnumerable propertyIsEnumerable}` on objects and arrays:\n\n    var o = {};\n    var a = [];\n    o.prop = 'is enumerable';\n    a[0] = 'is enumerable';\n\n    o.propertyIsEnumerable('prop');   // returns true\n    a.propertyIsEnumerable(0);        // returns true\n\nThe following example demonstrates the enumerability of user-defined versus built-in properties:\n\n    var a = ['is enumerable'];\n\n    a.propertyIsEnumerable(0);          // returns true\n    a.propertyIsEnumerable('length');   // returns false\n\n    Math.propertyIsEnumerable('random');   // returns false\n    this.propertyIsEnumerable('Math');     // returns false\n\nDirect versus inherited properties\n\n    var a = [];\n    a.propertyIsEnumerable('constructor');         // returns false\n\n    function firstConstructor()\n    {\n        this.property = 'is not enumerable';\n    }\n    firstConstructor.prototype.firstMethod = function () {};\n\n    function secondConstructor()\n    {\n        this.method = function method() { return 'is enumerable'; };\n    }\n\n    secondConstructor.prototype = new firstConstructor;\n    secondConstructor.prototype.constructor = secondConstructor;\n\n    var o = new secondConstructor();\n    o.arbitraryProperty = 'is enumerable';\n\n    o.propertyIsEnumerable('arbitraryProperty');   // returns true\n    o.propertyIsEnumerable('method');              // returns true\n    o.propertyIsEnumerable('property');            // returns false\n\n    o.property = 'is enumerable';\n\n    o.propertyIsEnumerable('property');            // returns true\n\n    // These return false as they are on the prototype which\n    // propertyIsEnumerable does not consider (even though the last two\n    // are iteratable with for-in)\n    o.propertyIsEnumerable('prototype'); // returns false (as of JS 1.8.1/FF3.6)\n    o.propertyIsEnumerable('constructor'); // returns false\n    o.propertyIsEnumerable('firstMethod'); // returns false\n",
                "items": [
                  {
                    "$type": "param",
                    "name": "prop",
                    "text": "The name of the property to test.\n",
                    "type": "String",
                    "src": {
                      "name": "1,220,20",
                      "text": "1,220,25,34",
                      "type": "1,220,12"
                    }
                  },
                  {
                    "$type": "return",
                    "text": "If the object does not have the specified property, this\nmethod returns false.\n",
                    "type": "Boolean",
                    "src": {
                      "text": "1,221,22,57:1,222,4,22",
                      "type": "1,221,13"
                    }
                  }
                ],
                "src": {
                  "name": "1,155,12",
                  "text": "1,156,4,2313"
                }
              },
              {
                "$type": "method",
                "name": "removeDocked",
                "text": "Removes the docked item from the panel.\n",
                "items": [
                  {
                    "$type": "param",
                    "name": "item",
                    "text": "The Component to remove.\n",
                    "type": "Ext.Component",
                    "src": {
                      "name": "0,327,31",
                      "text": "0,327,36,25",
                      "type": "0,327,16"
                    }
                  },
                  {
                    "$type": "param",
                    "name": "autoDestroy",
                    "text": "(optional) Destroy the component after removal.\n",
                    "type": "Boolean",
                    "src": {
                      "name": "0,328,25",
                      "text": "0,328,37,48",
                      "type": "0,328,16"
                    }
                  }
                ],
                "src": {
                  "name": "0,330,0",
                  "text": "0,326,8,40"
                }
              },
              {
                "$type": "method",
                "name": "toLocaleString",
                "text": "Returns a string representing the object. This method is meant to be overridden by derived objects\nfor locale-specific purposes.\n\n`{@link Object}`'s `{@link #method!toLocaleString toLocaleString}` returns the result of calling `{@link #method!toString toString}`.\n\nThis function is provided to give objects a generic `{@link #method!toLocaleString toLocaleString}` method, even though not all\nmay use it. Currently, only `{@link Array}`, `{@link Number}`, and `{@link Date}` override `{@link #method!toLocaleString toLocaleString}`.\n",
                "items": [
                  {
                    "$type": "return",
                    "text": "Object represented as a string.\n",
                    "type": "String",
                    "src": {
                      "text": "1,235,21,32",
                      "type": "1,235,13"
                    }
                  }
                ],
                "src": {
                  "name": "1,226,12",
                  "text": "1,227,4,384"
                }
              },
              {
                "$type": "method",
                "name": "toString",
                "text": "Returns a string representation of the object.\n\nEvery object has a `toString()` method that is automatically called when the object is to be\nrepresented as a text value or when an object is referred to in a manner in which a string is\nexpected. By default, the `toString()` method is inherited by every object descended from `{@link Object}`.\nIf this method is not overridden in a custom object, `toString()` returns \"[object type]\", where\n`type` is the object type. The following code illustrates this:\n\n    var o = new Object();\n    o.toString();           // returns [object Object]\n\nYou can create a function to be called in place of the default `toString()` method. The\n`toString()` method takes no arguments and should return a string. The `toString()` method you\ncreate can be any value you want, but it will be most useful if it carries information about the\nobject.\n\nThe following code defines the `Dog` object type and creates `theDog`, an object of type `Dog`:\n\n    function Dog(name,breed,color,sex) {\n        this.name=name;\n        this.breed=breed;\n        this.color=color;\n        this.sex=sex;\n    }\n\n    theDog = new Dog(\"Gabby\",\"Lab\",\"chocolate\",\"female\");\n\nIf you call the `toString()` method on this custom object, it returns the default value inherited\nfrom `{@link Object}`:\n\n    theDog.toString(); //returns [object Object]\n\nThe following code creates and assigns `dogToString()` to override the default `toString()` method.\nThis function generates a string containing the name, breed, color, and sex of the object, in the\nform `\"property = value;\"`.\n\n    Dog.prototype.toString = function dogToString() {\n        var ret = \"Dog \" + this.name + \" is a \" + this.sex + \" \" + this.color + \" \" + this.breed;\n        return ret;\n    }\n\nWith the preceding code in place, any time theDog is used in a string context, JavaScript\nautomatically calls the `dogToString()` function, which returns the following string:\n\n    Dog Gabby is a female chocolate Lab\n\n`toString()` can be used with every object and allows you to get its class. To use the\n`Object.prototype.toString()` with every object, you need to call `Function.prototype.call()` or\n`Function.prototype.apply()` on it, passing the object you want to inspect as the first parameter\ncalled `thisArg`.\n\n    var toString = Object.prototype.toString;\n\n    toString.call(new Date); // [object Date]\n    toString.call(new String); // [object String]\n    toString.call(Math); // [object Math]\n",
                "items": [
                  {
                    "$type": "return",
                    "text": "Object represented as a string.\n",
                    "type": "String",
                    "src": {
                      "text": "1,297,21,32",
                      "type": "1,297,13"
                    }
                  }
                ],
                "src": {
                  "name": "1,239,12",
                  "text": "1,240,4,2445"
                }
              },
              {
                "$type": "method",
                "name": "valueOf",
                "text": "Returns the primitive value of the specified object.\n\nJavaScript calls the `{@link #method!valueOf valueOf}` method to convert an object to a primitive value. You rarely need to\ninvoke the `{@link #method!valueOf valueOf}` method yourself; JavaScript automatically invokes it when encountering an\nobject where a primitive value is expected.\n\nBy default, the `{@link #method!valueOf valueOf}` method is inherited by every object descended from `{@link Object}`. Every built-\nin core object overrides this method to return an appropriate value. If an object has no primitive\nvalue, `{@link #method!valueOf valueOf}` returns the object itself, which is displayed as:\n\n    [object Object]\n\nYou can use `{@link #method!valueOf valueOf}` within your own code to convert a built-in object into a primitive value.\nWhen you create a custom object, you can override `Object.valueOf` to call a custom method instead\nof the default `{@link Object}` method.\n\nYou can create a function to be called in place of the default `{@link #method!valueOf valueOf}` method. Your function must\ntake no arguments.\n\nSuppose you have an object type `myNumberType` and you want to create a `{@link #method!valueOf valueOf}` method for it.\nThe following code assigns a user-defined function to the object's valueOf method:\n\n    myNumberType.prototype.valueOf = new Function(functionText)\n\nWith the preceding code in place, any time an object of type `myNumberType` is used in a context\nwhere it is to be represented as a primitive value, JavaScript automatically calls the function\ndefined in the preceding code.\n\nAn object's `{@link #method!valueOf valueOf}` method is usually invoked by JavaScript, but you can invoke it yourself as\nfollows:\n\n    myNumber.valueOf()\n\nNote: Objects in string contexts convert via the `{@link #method!toString toString}` method, which is different from\n`{@link String}` objects converting to string primitives using `{@link #method!valueOf valueOf}`. All objects have a string\nconversion, if only `\"[object type]\"`. But many objects do not convert to number, boolean, or\nfunction.\n",
                "items": [
                  {
                    "$type": "return",
                    "text": "Returns value of the object or the object itself.\n",
                    "type": "Object",
                    "src": {
                      "text": "1,340,21,50",
                      "type": "1,340,13"
                    }
                  }
                ],
                "src": {
                  "name": "1,301,12",
                  "text": "1,302,4,1821"
                }
              }
            ]
          },
          {
            "$type": "properties",
            "items": [
              {
                "$type": "property",
                "name": "constructor",
                "text": " Specifies the function that creates an object's prototype.\n\n Returns a reference to the Object function that created the instance's prototype. Note that the\n value of this property is a reference to the function itself, not a string containing the\n function's name, but it isn't read only (except for primitive Boolean, Number or String values: 1,\n true, \"read-only\").\n\n All objects inherit a `constructor` property from their `{@link #property!prototype prototype}`:\n\n     o = new Object // or o = {} in JavaScript 1.2\n     o.constructor == Object\n     a = new Array // or a = [] in JavaScript 1.2\n     a.constructor == Array\n     n = new Number(3)\n     n.constructor == Number\n\n Even though you cannot construct most HTML objects, you can do comparisons. For example,\n\n     document.constructor == Document\n     document.form3.constructor == Form\n\n The following example creates a prototype, `Tree`, and an object of that type, theTree. The example then displays the `constructor` property for the object `theTree`.\n\n     function Tree(name) {\n         this.name = name;\n     }\n     theTree = new Tree(\"Redwood\");\n     console.log(\"theTree.constructor is \" + theTree.constructor);\n\n This example displays the following output:\n\n     theTree.constructor is function Tree(name) {\n         this.name = name;\n     }\n\n The following example shows how to modify constructor value of generic objects. Only true, 1 and\n \"test\" variable constructors will not be changed. This example explains that is not always so safe\n to believe in constructor function.\n\n     function Type(){};\n     var\ttypes = [\n \t    new Array,\t[],\n\t    new Boolean,\ttrue,\n\t    new Date,\n\t    new Error,\n\t    new Function,\tfunction(){},\n\t    Math,\n\t    new Number,\t1,\n\t    new Object,\t{},\n\t    new RegExp,\t/(?:)/,\n\t    new String,\t\"test\"\n     ];\n     for(var i = 0; i < types.length; i++){\n         types[i].constructor = Type;\n         types[i] = [types[i].constructor, types[i] instanceof Type, types[i].toString()];\n     };\n     alert(types.join(\"\\n\"));\n",
                "src": {
                  "name": "1,346,14",
                  "text": "1,347,3,1996"
                }
              },
              {
                "$type": "property",
                "access": "private",
                "name": "dockOrder",
                "text": "Values to decide which side of the body element docked items must go\nThis overides any weight. A left/top will *always* sort before a right/bottom\nregardless of any weight value. Weights sort at either side of the \"body\" dividing point.\n",
                "src": {
                  "access": "0,66,8",
                  "name": "0,71,0",
                  "text": "0,67,8,237"
                }
              },
              {
                "$type": "property",
                "access": "private",
                "name": "horizontalDocks",
                "text": "Number of dock 'left' and 'right' items.\n",
                "src": {
                  "access": "0,79,8",
                  "name": "0,82,0",
                  "text": "0,80,8,41"
                }
              },
              {
                "$type": "property",
                "name": "prototype",
                "text": "Allows the addition of properties to all objects of type Object.\n",
                "src": {
                  "name": "1,46,14",
                  "text": "1,47,4,65"
                }
              },
              {
                "$type": "property",
                "access": "private",
                "name": "tabGuardAfterEl",
                "since": "6.0.0",
                "text": "This element reference is generated when `{@link #cfg!tabGuard #tabGuard}` is `true`. This element\nis generated after all `dockedItems` in the DOM.\n",
                "type": "Ext.dom.Element",
                "src": {
                  "access": "0,97,8",
                  "name": "0,96,36",
                  "since": "0,98,15",
                  "text": "0,94,8,134",
                  "type": "0,96,19"
                }
              },
              {
                "$type": "property",
                "access": "private",
                "name": "tabGuardBeforeEl",
                "since": "6.0.0",
                "text": "This element reference is generated when `{@link #cfg!tabGuard #tabGuard}` is `true`. This element\nis generated before all `dockedItems` in the DOM.\n",
                "type": "Ext.dom.Element",
                "src": {
                  "access": "0,105,8",
                  "name": "0,104,36",
                  "since": "0,106,15",
                  "text": "0,102,8,135",
                  "type": "0,104,19"
                }
              },
              {
                "$type": "property",
                "access": "private",
                "name": "tabGuardTpl",
                "since": "6.0.0",
                "text": "This template is used to generate the `{@link #cfg!tabGuard tabGuard}` elements. It is used once per\nelement (see `{@link #property!tabGuardBeforeEl #tabGuardBeforeEl}` and `{@link #property!tabGuardAfterEl #tabGuardAfterEl}`).\n",
                "type": "String/String[]/Ext.XTemplate",
                "src": {
                  "access": "0,113,8",
                  "name": "0,110,50",
                  "since": "0,114,15",
                  "text": "0,111,8,153",
                  "type": "0,110,19"
                }
              }
            ]
          }
        ],
        "src": {
          "name": "0,4,0",
          "requires": "0,8,0,0:0,8,0,0"
        }
      }
    ]
  },
  "version": 1
}