{
  "$type": "doxi",
  "files": [
    "../../../ext/packages/core/src/data/writer/Writer.js",
    "../../../../docs/docs/js/primitives/Object.js",
    "../../../ext/packages/core/src/mixin/Factoryable.js"
  ],
  "global": {
    "$type": "namespace",
    "items": [
      {
        "$type": "class",
        "alias": "writer.base",
        "alternateClassNames": "Ext.data.DataWriter,Ext.data.Writer",
        "extended": "Object",
        "extends": "Object",
        "mixed": "Ext.mixin.Factoryable",
        "mixins": "Ext.mixin.Factoryable",
        "name": "Ext.data.writer.Writer",
        "text": "Base Writer class used by most subclasses of {@link Ext.data.proxy.Server}. This class\nis responsible for taking a set of {@link Ext.data.operation.Operation} objects and a\n{@link Ext.data.Request} object and modifying that request based on the Operations.\n\nFor example a Ext.data.writer.Json would format the Operations and their\n{@link Ext.data.Model} instances based on the config options passed to the JsonWriter's\nconstructor.\n\nWriters are not needed for any kind of local storage - whether via a\n{@link Ext.data.proxy.WebStorage} (see\n{@link Ext.data.proxy.LocalStorage} and\n{@link Ext.data.proxy.SessionStorage})\nor just in memory via a {@link Ext.data.proxy.Memory}.\n\n# Dates\n\nBefore sending dates to the server, they can be formatted using an {@link Ext.Date}\nformat. These formats can be specified both on the field and the writer itself. In terms\nof precedence, from highest to lowest:\n\n- {@link #cfg!dateFormat #dateFormat} The writer `{@link #cfg!dateFormat dateFormat}` will always have the\n  highest precedence.\n- {@link Ext.data.field.Date#cfg!dateWriteFormat Ext.data.field.Date#dateWriteFormat} The `dateWriteFormat` given to the field\n  instance. This is handled by {@link Ext.data.field.Date#method!serialize Ext.data.field.Date#method-serialize}.\n- {@link Ext.data.field.Date#cfg!dateFormat Ext.data.field.Date#dateFormat} This is handled by the field's\n  `serialize` method.\n- {@link Ext.data.field.Date#cfg!dateReadFormat Ext.data.field.Date#dateReadFormat} Also handled by the\n  field's `serialize` method.\n",
        "items": [
          {
            "$type": "configs",
            "items": [
              {
                "$type": "property",
                "name": "allDataOptions",
                "text": "This object contains the options passed to `{@link Ext.data.Model#method!getData Ext.data.Model#getData}` when\nwriting `{@link Ext.data.Model#property!phantom Ext.data.Model#phantom}` records or when `{@link #cfg!writeAllFields writeAllFields}` is set\nto `true`.\n\n*NOTE:* The `serialize` option cannot be used here.\n",
                "type": "Object",
                "src": {
                  "name": "0,107,26",
                  "text": "0,108,12,226",
                  "type": "0,107,18"
                }
              },
              {
                "$type": "property",
                "name": "clientIdProperty",
                "text": "When specified this property causes the `{@link Ext.data.Model#cfg!idProperty Ext.data.Model#idProperty}` of\nnewly created records to be sent to the server as this name instead of the\nvalue of the `idProperty`.\n\nFor example, by default, the following code:\n\n     Ext.define('Person', {\n         idProperty: 'id',  // this is the default value (for clarity)\n\n         fields: [ 'name' ]\n     });\n\n     var person = new Person({\n         // no id provided, so one is generated\n         name: 'Clark Kent'\n     });\n\nWill send this to the server:\n\n     {\n         id: 'Person-1',\n         name: 'Clark Kent'\n     }\n\nThis can be an issue if the server expects an integer for the \"id\" property.\nYou can use `{@link Ext.data.Model#cfg!identifier Ext.data.Model#identifier}` to produce identifiers that\nthe server would recognize or use this config to send the client's id in a\ndifferent property.\n\n     Ext.define('Person', {\n         idProperty: 'id',  // this is the default value (for clarity)\n\n         proxy: {\n             writer: {\n                 clientIdProperty: 'clientId'\n             }\n         },\n\n         fields: [ 'name' ]\n     });\n\nGiven the above, the server is sent this data now:\n\n     {\n         clientId: 'Person-1',\n         name: 'Clark Kent'\n     }\n\nWhile this config provides the behavior of `{@link Ext.data.Model#cfg!clientIdProperty Ext.data.Model#clientIdProperty}`\nfrom previous releases, this property is not as useful as a suitable\n`{@link Ext.data.Model#cfg!identifier Ext.data.Model#identifier}` due to id's appearing in foreign-key fields\nand in `{@link Ext.data.Model#cfg!manyToMany Ext.data.Model#manyToMany}` associations.\n\nSee `{@link Ext.data.Model#cfg!identifier Ext.data.Model#identifier}` for more on id generation.\n",
                "type": "String",
                "src": {
                  "name": "0,48,26",
                  "text": "0,49,12,1569",
                  "type": "0,48,18"
                }
              },
              {
                "$type": "property",
                "name": "dateFormat",
                "text": "This is used for each field of type date in the model to format the value before\nit is sent to the server.\n",
                "type": "String",
                "src": {
                  "name": "0,151,26",
                  "text": "0,152,12,107",
                  "type": "0,151,18"
                }
              },
              {
                "$type": "property",
                "name": "nameProperty",
                "text": "This property is used to read the key for each value that will be sent to the\nserver.\n\nFor example:\n\n    Ext.define('Person', {\n        extend: 'Ext.data.Model',\n        fields: [{\n            name: 'first',\n            mapping: 'firstName'\n        }, {\n            name: 'last',\n            mapping: 'lastName'\n        }, {\n            name: 'age'\n        }]\n    });\n\n    new Ext.data.writer.Writer({\n        nameProperty: 'mapping'\n    });\n\n    // This will be sent to the server\n    {\n        firstName: 'first name value',\n        lastName: 'last name value',\n        age: 1\n    }\n\nIf the value is not present, the field name will always be used.\n",
                "type": "String",
                "src": {
                  "name": "0,158,26",
                  "text": "0,159,12,651",
                  "type": "0,158,18"
                }
              },
              {
                "$type": "property",
                "name": "partialDataOptions",
                "text": "This object contains the options passed to `{@link Ext.data.Model#method!getData Ext.data.Model#getData}` when\nwriting non `{@link Ext.data.Model#property!phantom Ext.data.Model#phantom}` records or when `{@link #cfg!writeAllFields writeAllFields}` is\nset to `false`.\n\n*NOTE:* The `serialize` option cannot be used here.\n",
                "type": "Object",
                "src": {
                  "name": "0,119,26",
                  "text": "0,120,12,231",
                  "type": "0,119,18"
                }
              },
              {
                "$type": "property",
                "name": "transform",
                "optional": true,
                "text": "If a transform function is set, it will be invoked just before {@link #method!writeRecords #writeRecords}\nexecutes. It is passed the unserialized data object and the {@link Ext.data.Request}\nobject. The transform function returns a data object, which can be a modified version of the original\ndata object, or a completely new data object. The transform can be a function, or an object\nwith a 'fn' key and an optional 'scope' key. Example usage:\n\n    Ext.create('Ext.data.Store', {\n        model: 'User',\n        proxy: {\n            type: 'ajax',\n            url : 'users.json',\n            writer: {\n                type: 'json',\n                transform: {\n                    fn: function(data, request) {\n                        // do some manipulation of the unserialized data object\n                        return data;\n                    },\n                    scope: this\n                }\n            }\n        },\n    });\n",
                "type": "Function/Object",
                "src": {
                  "name": "0,207,36",
                  "text": "0,208,12,921",
                  "type": "0,207,18"
                }
              },
              {
                "$type": "property",
                "name": "writeAllFields",
                "text": "`true` to write all fields from the record to the\nserver. If set to `false` it will only send the fields that were modified. Note\nthat any fields that have `{@link Ext.data.field.Field#cfg!persist Ext.data.field.Field#persist}` set to `false`\nwill still be ignored while those with `{@link Ext.data.field.Field#cfg!critical Ext.data.field.Field#critical}`\nset to `true` will be included.\n\nThe exact set of fields written is determined by `{@link #cfg!allDataOptions allDataOptions}` (when `true`)\nor `{@link #cfg!partialDataOptions partialDataOptions}` (when `false`). This option is ignored and treated as\n`true` when writing `{@link Ext.data.Model#property!phantom Ext.data.Model#phantom}` records.\n\nIt is seldom a good idea to use this config. Rather use `{@link #cfg!allDataOptions allDataOptions}` or\n`{@link #cfg!partialDataOptions partialDataOptions}` to control what fields are sent for records based on their\n`{@link Ext.data.Model#property!phantom Ext.data.Model#phantom}` state.\n\nIn the previous release, this was default `true`.\n",
                "type": "Boolean",
                "src": {
                  "name": "0,132,27",
                  "text": "0,132,42,50:0,133,12,740",
                  "type": "0,132,18"
                }
              },
              {
                "$type": "property",
                "name": "writeRecordId",
                "optional": true,
                "text": "By default, each record's id is always included in the output for non-phantom\nrecords since in most cases the id will be required on the server to process\nthe record action. This is helpful since the id will normally not be modified,\nand so would not be sent to the server unless {@link #cfg!writeAllFields #writeAllFields} was\nexplicitly enabled.\n\nHowever, there are cases where it is not desirable for the record id to be passed\nin the data directly. For example, when using a RESTful API the record id would\ntypically be appended to the url instead.\n",
                "type": "Boolean",
                "src": {
                  "name": "0,193,28",
                  "text": "0,194,12,533",
                  "type": "0,193,18"
                }
              }
            ]
          },
          {
            "$type": "methods",
            "items": [
              {
                "$type": "method",
                "name": "constructor",
                "text": "Creates new Writer.\n",
                "items": [
                  {
                    "$type": "param",
                    "name": "config",
                    "optional": true,
                    "text": "Config object.\n",
                    "type": "Object",
                    "src": {
                      "name": "0,244,25",
                      "text": "0,244,33,15",
                      "type": "0,244,16"
                    }
                  }
                ],
                "src": {
                  "name": "0,246,0",
                  "text": "0,243,8,20"
                }
              },
              {
                "$type": "method",
                "name": "getRecordData",
                "text": "Formats the data for each record before sending it to the server. This method should\nbe overridden to format the data in a way that differs from the default.\n",
                "items": [
                  {
                    "$type": "param",
                    "name": "record",
                    "text": "The record that we are writing to the server.\n",
                    "type": "Ext.data.Model",
                    "src": {
                      "name": "0,294,32",
                      "text": "0,294,39,46",
                      "type": "0,294,16"
                    }
                  },
                  {
                    "$type": "param",
                    "name": "operation",
                    "optional": true,
                    "text": "An operation object.\n",
                    "type": "Ext.data.operation.Operation",
                    "src": {
                      "name": "0,295,47",
                      "text": "0,295,58,21",
                      "type": "0,295,16"
                    }
                  },
                  {
                    "$type": "return",
                    "text": "An object literal of name/value keys to be written to the server.\nBy default this method returns the data property on the record.\n",
                    "type": "Object",
                    "src": {
                      "text": "0,296,25,66:0,297,8,64",
                      "type": "0,296,17"
                    }
                  }
                ],
                "src": {
                  "name": "0,299,0",
                  "text": "0,291,8,159"
                }
              },
              {
                "$type": "method",
                "name": "hasOwnProperty",
                "text": "Returns a boolean indicating whether an object contains the specified property as a direct property\nof that object and not inherited through the prototype chain.\n\nEvery object descended from `{@link Object}` inherits the `{@link #method!hasOwnProperty hasOwnProperty}` method. This method can be used\nto determine whether an object has the specified property as a direct property of that object;\nunlike the `in` operator, this method does not check down the object's prototype chain.\n\nThe following example determines whether the o object contains a property named prop:\n\n    o = new Object();\n    o.prop = 'exists';\n\n    function changeO() {\n        o.newprop = o.prop;\n        delete o.prop;\n    }\n\n    o.hasOwnProperty('prop');   //returns true\n    changeO();\n    o.hasOwnProperty('prop');   //returns false\n\nThe following example differentiates between direct properties and properties inherited through the\nprototype chain:\n\n    o = new Object();\n    o.prop = 'exists';\n    o.hasOwnProperty('prop');             // returns true\n    o.hasOwnProperty('toString');         // returns false\n    o.hasOwnProperty('hasOwnProperty');   // returns false\n\nThe following example shows how to iterate over the properties of an object without executing on\ninherit properties.\n\n    var buz = {\n        fog: 'stack'\n    };\n\n    for (var name in buz) {\n        if (buz.hasOwnProperty(name)) {\n            alert(\"this is fog (\" + name + \") for sure. Value: \" + buz[name]);\n        }\n        else {\n            alert(name); // toString or something else\n        }\n    }\n",
                "items": [
                  {
                    "$type": "param",
                    "name": "prop",
                    "text": "The name of the property to test.\n",
                    "type": "String",
                    "src": {
                      "name": "1,100,20",
                      "text": "1,100,25,34",
                      "type": "1,100,12"
                    }
                  },
                  {
                    "$type": "return",
                    "text": "Returns true if object contains specified property; else\nreturns false.\n",
                    "type": "Boolean",
                    "src": {
                      "text": "1,101,22,57:1,102,4,15",
                      "type": "1,101,13"
                    }
                  }
                ],
                "src": {
                  "name": "1,53,12",
                  "text": "1,54,4,1520"
                }
              },
              {
                "$type": "method",
                "name": "isPrototypeOf",
                "text": "Returns a boolean indication whether the specified object is in the prototype chain of the object\nthis method is called upon.\n\n`{@link #method!isPrototypeOf isPrototypeOf}` allows you to check whether or not an object exists within another object's\nprototype chain.\n\nFor example, consider the following prototype chain:\n\n    function Fee() {\n        // . . .\n    }\n\n    function Fi() {\n        // . . .\n    }\n    Fi.prototype = new Fee();\n\n    function Fo() {\n        // . . .\n    }\n    Fo.prototype = new Fi();\n\n    function Fum() {\n        // . . .\n    }\n    Fum.prototype = new Fo();\n\nLater on down the road, if you instantiate `Fum` and need to check if `Fi`'s prototype exists\nwithin the `Fum` prototype chain, you could do this:\n\n    var fum = new Fum();\n    . . .\n\n    if (Fi.prototype.isPrototypeOf(fum)) {\n    // do something safe\n    }\n\nThis, along with the `instanceof` operator particularly comes in handy if you have code that can\nonly function when dealing with objects descended from a specific prototype chain, e.g., to\nguarantee that certain methods or properties will be present on that object.\n",
                "items": [
                  {
                    "$type": "param",
                    "name": "prototype",
                    "text": "an object to be tested against each link in the prototype chain of the\n*object* argument\n",
                    "type": "Object",
                    "src": {
                      "name": "1,148,20",
                      "text": "1,148,30,71:1,149,4,18",
                      "type": "1,148,12"
                    }
                  },
                  {
                    "$type": "param",
                    "name": "object",
                    "text": "the object whose prototype chain will be searched\n",
                    "type": "Object",
                    "src": {
                      "name": "1,150,20",
                      "text": "1,150,27,50",
                      "type": "1,150,12"
                    }
                  },
                  {
                    "$type": "return",
                    "text": "Returns true if object is a prototype and false if not.\n",
                    "type": "Boolean",
                    "src": {
                      "text": "1,151,22,56",
                      "type": "1,151,13"
                    }
                  }
                ],
                "src": {
                  "name": "1,106,12",
                  "text": "1,107,4,1084"
                }
              },
              {
                "$type": "method",
                "name": "propertyIsEnumerable",
                "text": "Returns a boolean indicating if the internal ECMAScript DontEnum attribute is set.\n\nEvery object has a `{@link #method!propertyIsEnumerable propertyIsEnumerable}` method. This method can determine whether the specified\nproperty in an object can be enumerated by a `for...in` loop, with the exception of properties\ninherited through the prototype chain. If the object does not have the specified property, this\nmethod returns false.\n\nThe following example shows the use of `{@link #method!propertyIsEnumerable propertyIsEnumerable}` on objects and arrays:\n\n    var o = {};\n    var a = [];\n    o.prop = 'is enumerable';\n    a[0] = 'is enumerable';\n\n    o.propertyIsEnumerable('prop');   // returns true\n    a.propertyIsEnumerable(0);        // returns true\n\nThe following example demonstrates the enumerability of user-defined versus built-in properties:\n\n    var a = ['is enumerable'];\n\n    a.propertyIsEnumerable(0);          // returns true\n    a.propertyIsEnumerable('length');   // returns false\n\n    Math.propertyIsEnumerable('random');   // returns false\n    this.propertyIsEnumerable('Math');     // returns false\n\nDirect versus inherited properties\n\n    var a = [];\n    a.propertyIsEnumerable('constructor');         // returns false\n\n    function firstConstructor()\n    {\n        this.property = 'is not enumerable';\n    }\n    firstConstructor.prototype.firstMethod = function () {};\n\n    function secondConstructor()\n    {\n        this.method = function method() { return 'is enumerable'; };\n    }\n\n    secondConstructor.prototype = new firstConstructor;\n    secondConstructor.prototype.constructor = secondConstructor;\n\n    var o = new secondConstructor();\n    o.arbitraryProperty = 'is enumerable';\n\n    o.propertyIsEnumerable('arbitraryProperty');   // returns true\n    o.propertyIsEnumerable('method');              // returns true\n    o.propertyIsEnumerable('property');            // returns false\n\n    o.property = 'is enumerable';\n\n    o.propertyIsEnumerable('property');            // returns true\n\n    // These return false as they are on the prototype which\n    // propertyIsEnumerable does not consider (even though the last two\n    // are iteratable with for-in)\n    o.propertyIsEnumerable('prototype'); // returns false (as of JS 1.8.1/FF3.6)\n    o.propertyIsEnumerable('constructor'); // returns false\n    o.propertyIsEnumerable('firstMethod'); // returns false\n",
                "items": [
                  {
                    "$type": "param",
                    "name": "prop",
                    "text": "The name of the property to test.\n",
                    "type": "String",
                    "src": {
                      "name": "1,220,20",
                      "text": "1,220,25,34",
                      "type": "1,220,12"
                    }
                  },
                  {
                    "$type": "return",
                    "text": "If the object does not have the specified property, this\nmethod returns false.\n",
                    "type": "Boolean",
                    "src": {
                      "text": "1,221,22,57:1,222,4,22",
                      "type": "1,221,13"
                    }
                  }
                ],
                "src": {
                  "name": "1,155,12",
                  "text": "1,156,4,2313"
                }
              },
              {
                "$type": "method",
                "name": "toLocaleString",
                "text": "Returns a string representing the object. This method is meant to be overridden by derived objects\nfor locale-specific purposes.\n\n`{@link Object}`'s `{@link #method!toLocaleString toLocaleString}` returns the result of calling `{@link #method!toString toString}`.\n\nThis function is provided to give objects a generic `{@link #method!toLocaleString toLocaleString}` method, even though not all\nmay use it. Currently, only `{@link Array}`, `{@link Number}`, and `{@link Date}` override `{@link #method!toLocaleString toLocaleString}`.\n",
                "items": [
                  {
                    "$type": "return",
                    "text": "Object represented as a string.\n",
                    "type": "String",
                    "src": {
                      "text": "1,235,21,32",
                      "type": "1,235,13"
                    }
                  }
                ],
                "src": {
                  "name": "1,226,12",
                  "text": "1,227,4,384"
                }
              },
              {
                "$type": "method",
                "name": "toString",
                "text": "Returns a string representation of the object.\n\nEvery object has a `toString()` method that is automatically called when the object is to be\nrepresented as a text value or when an object is referred to in a manner in which a string is\nexpected. By default, the `toString()` method is inherited by every object descended from `{@link Object}`.\nIf this method is not overridden in a custom object, `toString()` returns \"[object type]\", where\n`type` is the object type. The following code illustrates this:\n\n    var o = new Object();\n    o.toString();           // returns [object Object]\n\nYou can create a function to be called in place of the default `toString()` method. The\n`toString()` method takes no arguments and should return a string. The `toString()` method you\ncreate can be any value you want, but it will be most useful if it carries information about the\nobject.\n\nThe following code defines the `Dog` object type and creates `theDog`, an object of type `Dog`:\n\n    function Dog(name,breed,color,sex) {\n        this.name=name;\n        this.breed=breed;\n        this.color=color;\n        this.sex=sex;\n    }\n\n    theDog = new Dog(\"Gabby\",\"Lab\",\"chocolate\",\"female\");\n\nIf you call the `toString()` method on this custom object, it returns the default value inherited\nfrom `{@link Object}`:\n\n    theDog.toString(); //returns [object Object]\n\nThe following code creates and assigns `dogToString()` to override the default `toString()` method.\nThis function generates a string containing the name, breed, color, and sex of the object, in the\nform `\"property = value;\"`.\n\n    Dog.prototype.toString = function dogToString() {\n        var ret = \"Dog \" + this.name + \" is a \" + this.sex + \" \" + this.color + \" \" + this.breed;\n        return ret;\n    }\n\nWith the preceding code in place, any time theDog is used in a string context, JavaScript\nautomatically calls the `dogToString()` function, which returns the following string:\n\n    Dog Gabby is a female chocolate Lab\n\n`toString()` can be used with every object and allows you to get its class. To use the\n`Object.prototype.toString()` with every object, you need to call `Function.prototype.call()` or\n`Function.prototype.apply()` on it, passing the object you want to inspect as the first parameter\ncalled `thisArg`.\n\n    var toString = Object.prototype.toString;\n\n    toString.call(new Date); // [object Date]\n    toString.call(new String); // [object String]\n    toString.call(Math); // [object Math]\n",
                "items": [
                  {
                    "$type": "return",
                    "text": "Object represented as a string.\n",
                    "type": "String",
                    "src": {
                      "text": "1,297,21,32",
                      "type": "1,297,13"
                    }
                  }
                ],
                "src": {
                  "name": "1,239,12",
                  "text": "1,240,4,2445"
                }
              },
              {
                "$type": "method",
                "name": "valueOf",
                "text": "Returns the primitive value of the specified object.\n\nJavaScript calls the `{@link #method!valueOf valueOf}` method to convert an object to a primitive value. You rarely need to\ninvoke the `{@link #method!valueOf valueOf}` method yourself; JavaScript automatically invokes it when encountering an\nobject where a primitive value is expected.\n\nBy default, the `{@link #method!valueOf valueOf}` method is inherited by every object descended from `{@link Object}`. Every built-\nin core object overrides this method to return an appropriate value. If an object has no primitive\nvalue, `{@link #method!valueOf valueOf}` returns the object itself, which is displayed as:\n\n    [object Object]\n\nYou can use `{@link #method!valueOf valueOf}` within your own code to convert a built-in object into a primitive value.\nWhen you create a custom object, you can override `Object.valueOf` to call a custom method instead\nof the default `{@link Object}` method.\n\nYou can create a function to be called in place of the default `{@link #method!valueOf valueOf}` method. Your function must\ntake no arguments.\n\nSuppose you have an object type `myNumberType` and you want to create a `{@link #method!valueOf valueOf}` method for it.\nThe following code assigns a user-defined function to the object's valueOf method:\n\n    myNumberType.prototype.valueOf = new Function(functionText)\n\nWith the preceding code in place, any time an object of type `myNumberType` is used in a context\nwhere it is to be represented as a primitive value, JavaScript automatically calls the function\ndefined in the preceding code.\n\nAn object's `{@link #method!valueOf valueOf}` method is usually invoked by JavaScript, but you can invoke it yourself as\nfollows:\n\n    myNumber.valueOf()\n\nNote: Objects in string contexts convert via the `{@link #method!toString toString}` method, which is different from\n`{@link String}` objects converting to string primitives using `{@link #method!valueOf valueOf}`. All objects have a string\nconversion, if only `\"[object type]\"`. But many objects do not convert to number, boolean, or\nfunction.\n",
                "items": [
                  {
                    "$type": "return",
                    "text": "Returns value of the object or the object itself.\n",
                    "type": "Object",
                    "src": {
                      "text": "1,340,21,50",
                      "type": "1,340,13"
                    }
                  }
                ],
                "src": {
                  "name": "1,301,12",
                  "text": "1,302,4,1821"
                }
              },
              {
                "$type": "method",
                "name": "write",
                "text": "Prepares a Proxy's Ext.data.Request object.\n",
                "items": [
                  {
                    "$type": "param",
                    "name": "request",
                    "text": "The request object.\n",
                    "type": "Ext.data.Request",
                    "src": {
                      "name": "0,262,34",
                      "text": "0,262,42,20",
                      "type": "0,262,16"
                    }
                  },
                  {
                    "$type": "return",
                    "text": "The modified request object.\n",
                    "type": "Ext.data.Request",
                    "src": {
                      "text": "0,263,35,29",
                      "type": "0,263,17"
                    }
                  }
                ],
                "src": {
                  "name": "0,265,0",
                  "text": "0,261,8,44"
                }
              },
              {
                "$type": "method",
                "access": "protected",
                "name": "writeRecords",
                "text": "\nWrite the record data to the request in the appropriate format.\n",
                "items": [
                  {
                    "$type": "param",
                    "name": "request",
                    "text": "The request.\n",
                    "type": "Ext.data.Request",
                    "src": {
                      "name": "0,284,34",
                      "text": "0,284,42,13",
                      "type": "0,284,16"
                    }
                  },
                  {
                    "$type": "param",
                    "name": "data",
                    "text": "An array of objects containing data.\n",
                    "type": "Array",
                    "src": {
                      "name": "0,285,23",
                      "text": "0,285,28,37",
                      "type": "0,285,16"
                    }
                  },
                  {
                    "$type": "return",
                    "text": "The request.\n",
                    "type": "Ext.data.Request",
                    "src": {
                      "text": "0,286,35,13",
                      "type": "0,286,17"
                    }
                  }
                ],
                "src": {
                  "access": "0,283,8",
                  "name": "0,288,0",
                  "text": "0,281,8,65"
                }
              }
            ]
          },
          {
            "$type": "properties",
            "items": [
              {
                "$type": "property",
                "name": "constructor",
                "text": " Specifies the function that creates an object's prototype.\n\n Returns a reference to the Object function that created the instance's prototype. Note that the\n value of this property is a reference to the function itself, not a string containing the\n function's name, but it isn't read only (except for primitive Boolean, Number or String values: 1,\n true, \"read-only\").\n\n All objects inherit a `constructor` property from their `{@link #property!prototype prototype}`:\n\n     o = new Object // or o = {} in JavaScript 1.2\n     o.constructor == Object\n     a = new Array // or a = [] in JavaScript 1.2\n     a.constructor == Array\n     n = new Number(3)\n     n.constructor == Number\n\n Even though you cannot construct most HTML objects, you can do comparisons. For example,\n\n     document.constructor == Document\n     document.form3.constructor == Form\n\n The following example creates a prototype, `Tree`, and an object of that type, theTree. The example then displays the `constructor` property for the object `theTree`.\n\n     function Tree(name) {\n         this.name = name;\n     }\n     theTree = new Tree(\"Redwood\");\n     console.log(\"theTree.constructor is \" + theTree.constructor);\n\n This example displays the following output:\n\n     theTree.constructor is function Tree(name) {\n         this.name = name;\n     }\n\n The following example shows how to modify constructor value of generic objects. Only true, 1 and\n \"test\" variable constructors will not be changed. This example explains that is not always so safe\n to believe in constructor function.\n\n     function Type(){};\n     var\ttypes = [\n \t    new Array,\t[],\n\t    new Boolean,\ttrue,\n\t    new Date,\n\t    new Error,\n\t    new Function,\tfunction(){},\n\t    Math,\n\t    new Number,\t1,\n\t    new Object,\t{},\n\t    new RegExp,\t/(?:)/,\n\t    new String,\t\"test\"\n     ];\n     for(var i = 0; i < types.length; i++){\n         types[i].constructor = Type;\n         types[i] = [types[i].constructor, types[i] instanceof Type, types[i].toString()];\n     };\n     alert(types.join(\"\\n\"));\n",
                "src": {
                  "name": "1,346,14",
                  "text": "1,347,3,1996"
                }
              },
              {
                "$type": "property",
                "name": "factoryConfig",
                "optional": true,
                "text": "If this property is specified by the target class of this mixin its properties are\nused to configure the created `{@link Ext.Factory}`.\n",
                "type": "Object",
                "src": {
                  "name": "2,295,28",
                  "text": "2,296,8,128",
                  "type": "2,295,19"
                }
              },
              {
                "$type": "property",
                "name": "isWriter",
                "text": "`true` in this class to identify an object as an instantiated Writer, or subclass thereof.\n",
                "type": "Boolean",
                "src": {
                  "name": "0,237,28",
                  "text": "0,238,8,92",
                  "type": "0,237,19"
                }
              },
              {
                "$type": "property",
                "name": "prototype",
                "text": "Allows the addition of properties to all objects of type Object.\n",
                "src": {
                  "name": "1,46,14",
                  "text": "1,47,4,65"
                }
              }
            ]
          }
        ],
        "src": {
          "alias": "0,36,0",
          "alternateClassNames": "0,42,0,0:0,43,0,0",
          "mixins": "0,33,0",
          "name": "0,31,0",
          "text": "0,2,4,1454"
        }
      }
    ]
  },
  "version": 1
}