{
  "$type": "doxi",
  "files": [
    "../../../ext/packages/core/src/data/JsonP.js",
    "../../../../docs/docs/js/primitives/Object.js"
  ],
  "global": {
    "$type": "namespace",
    "items": [
      {
        "$type": "class",
        "extended": "Object",
        "extends": "Object",
        "name": "Ext.data.JsonP",
        "singleton": true,
        "text": "This class is used to create JSONP requests. JSONP is a mechanism that allows for making\nrequests for data cross domain. JSONP is basically a `<script>` node with the source of the url executing\na function that was created by Ext.data.JsonP. Once the resource has loaded, the `<script>` node will be destroyed.\n\nIf you have a request such as:\n\n    Ext.data.JsonP.request({\n        url : 'foo.php'\n    });\n\nExt.data.JsonP will create a `<script>` node in the `<head>` with the `src` attribute pointing to\n`foo.php?callback=Ext.data.JsonP.callback1`. The `foo.php` script will have to detect the `callback` URL parameter\nand return valid JavaScript:\n\n    Ext.data.JsonP.callback1({\"foo\":\"bar\"});\n\nA simple PHP example would look like:\n\n    <?php\n\n    $data = array('foo' => 'bar');\n\n    if (!empty($_REQUEST['callback'])) {\n        header('Content-Type: application/javascript');\n        echo $_REQUEST['callback'] . '(';\n    }\n\n    echo json_encode($data);\n\n    if (!empty($_REQUEST['callback']) {\n        echo ');';\n    }\n\n    ?>\n\nMore information is available <a href=\"http://en.wikipedia.org/wiki/JSONP\">here</a>. You can also use <a href=\"http://www.jsonplint.com\">JSONPLint</a> to test your JSONP.\n",
        "items": [
          {
            "$type": "methods",
            "items": [
              {
                "$type": "method",
                "name": "abort",
                "text": "Abort a request. If the request parameter is not specified all open requests will\nbe aborted.\n",
                "items": [
                  {
                    "$type": "param",
                    "name": "request",
                    "text": "(Optional) The request to abort\n",
                    "type": "Object/String",
                    "src": {
                      "name": "0,176,31",
                      "text": "0,176,39,32",
                      "type": "0,176,16"
                    }
                  }
                ],
                "src": {
                  "name": "0,178,0",
                  "text": "0,174,8,94"
                }
              },
              {
                "$type": "method",
                "access": "private",
                "name": "cleanupErrorHandling",
                "text": "Cleans up anu script handling errors\n",
                "items": [
                  {
                    "$type": "param",
                    "name": "request",
                    "text": "The request\n",
                    "type": "Object",
                    "src": {
                      "name": "0,229,24",
                      "text": "0,229,32,12",
                      "type": "0,229,16"
                    }
                  }
                ],
                "src": {
                  "access": "0,228,8",
                  "name": "0,231,0",
                  "text": "0,227,8,37"
                }
              },
              {
                "$type": "method",
                "name": "constructor",
                "text": "Creates new Object.\n",
                "items": [
                  {
                    "$type": "param",
                    "name": "value",
                    "optional": true,
                    "text": "The value to wrap.\n",
                    "type": "Object",
                    "src": {
                      "name": "1,40,21",
                      "text": "1,40,28,19",
                      "type": "1,40,12"
                    }
                  }
                ],
                "src": {
                  "name": "1,38,12",
                  "text": "1,39,4,20"
                }
              },
              {
                "$type": "method",
                "access": "private",
                "name": "createScript",
                "text": "Create the script tag given the specified url, params and options. The options\nparameter is passed to allow an override to access it.\n",
                "items": [
                  {
                    "$type": "param",
                    "name": "url",
                    "text": "The url of the request\n",
                    "type": "String",
                    "src": {
                      "name": "0,281,24",
                      "text": "0,281,28,23",
                      "type": "0,281,16"
                    }
                  },
                  {
                    "$type": "param",
                    "name": "params",
                    "text": "Any extra params to be sent\n",
                    "type": "Object",
                    "src": {
                      "name": "0,282,24",
                      "text": "0,282,31,28",
                      "type": "0,282,16"
                    }
                  },
                  {
                    "$type": "param",
                    "name": "options",
                    "text": "The object passed to {@link #method!request #request}.\n",
                    "type": "Object",
                    "src": {
                      "name": "0,283,24",
                      "text": "0,283,32,39",
                      "type": "0,283,16"
                    }
                  }
                ],
                "src": {
                  "access": "0,280,8",
                  "name": "0,285,0",
                  "text": "0,278,8,134"
                }
              },
              {
                "$type": "method",
                "access": "private",
                "name": "handleAbort",
                "text": "Handles any aborts when loading the script\n",
                "items": [
                  {
                    "$type": "param",
                    "name": "request",
                    "text": "The request\n",
                    "type": "Object",
                    "src": {
                      "name": "0,209,24",
                      "text": "0,209,32,12",
                      "type": "0,209,16"
                    }
                  }
                ],
                "src": {
                  "access": "0,208,8",
                  "name": "0,211,0",
                  "text": "0,207,8,43"
                }
              },
              {
                "$type": "method",
                "access": "private",
                "name": "handleError",
                "text": "Handles any script errors when loading the script\n",
                "items": [
                  {
                    "$type": "param",
                    "name": "request",
                    "text": "The request\n",
                    "type": "Object",
                    "src": {
                      "name": "0,219,24",
                      "text": "0,219,32,12",
                      "type": "0,219,16"
                    }
                  }
                ],
                "src": {
                  "access": "0,218,8",
                  "name": "0,221,0",
                  "text": "0,217,8,50"
                }
              },
              {
                "$type": "method",
                "access": "private",
                "name": "handleResponse",
                "text": "Handle a successful response\n",
                "items": [
                  {
                    "$type": "param",
                    "name": "result",
                    "text": "The result from the request\n",
                    "type": "Object",
                    "src": {
                      "name": "0,248,24",
                      "text": "0,248,31,28",
                      "type": "0,248,16"
                    }
                  },
                  {
                    "$type": "param",
                    "name": "request",
                    "text": "The request\n",
                    "type": "Object",
                    "src": {
                      "name": "0,249,24",
                      "text": "0,249,32,12",
                      "type": "0,249,16"
                    }
                  }
                ],
                "src": {
                  "access": "0,247,8",
                  "name": "0,251,0",
                  "text": "0,246,8,29"
                }
              },
              {
                "$type": "method",
                "access": "private",
                "name": "handleTimeout",
                "text": "Handle any script timeouts\n",
                "items": [
                  {
                    "$type": "param",
                    "name": "request",
                    "text": "The request\n",
                    "type": "Object",
                    "src": {
                      "name": "0,238,24",
                      "text": "0,238,32,12",
                      "type": "0,238,16"
                    }
                  }
                ],
                "src": {
                  "access": "0,237,8",
                  "name": "0,240,0",
                  "text": "0,236,8,27"
                }
              },
              {
                "$type": "method",
                "name": "hasOwnProperty",
                "text": "Returns a boolean indicating whether an object contains the specified property as a direct property\nof that object and not inherited through the prototype chain.\n\nEvery object descended from `{@link Object}` inherits the `{@link #method!hasOwnProperty hasOwnProperty}` method. This method can be used\nto determine whether an object has the specified property as a direct property of that object;\nunlike the `in` operator, this method does not check down the object's prototype chain.\n\nThe following example determines whether the o object contains a property named prop:\n\n    o = new Object();\n    o.prop = 'exists';\n\n    function changeO() {\n        o.newprop = o.prop;\n        delete o.prop;\n    }\n\n    o.hasOwnProperty('prop');   //returns true\n    changeO();\n    o.hasOwnProperty('prop');   //returns false\n\nThe following example differentiates between direct properties and properties inherited through the\nprototype chain:\n\n    o = new Object();\n    o.prop = 'exists';\n    o.hasOwnProperty('prop');             // returns true\n    o.hasOwnProperty('toString');         // returns false\n    o.hasOwnProperty('hasOwnProperty');   // returns false\n\nThe following example shows how to iterate over the properties of an object without executing on\ninherit properties.\n\n    var buz = {\n        fog: 'stack'\n    };\n\n    for (var name in buz) {\n        if (buz.hasOwnProperty(name)) {\n            alert(\"this is fog (\" + name + \") for sure. Value: \" + buz[name]);\n        }\n        else {\n            alert(name); // toString or something else\n        }\n    }\n",
                "items": [
                  {
                    "$type": "param",
                    "name": "prop",
                    "text": "The name of the property to test.\n",
                    "type": "String",
                    "src": {
                      "name": "1,100,20",
                      "text": "1,100,25,34",
                      "type": "1,100,12"
                    }
                  },
                  {
                    "$type": "return",
                    "text": "Returns true if object contains specified property; else\nreturns false.\n",
                    "type": "Boolean",
                    "src": {
                      "text": "1,101,22,57:1,102,4,15",
                      "type": "1,101,13"
                    }
                  }
                ],
                "src": {
                  "name": "1,53,12",
                  "text": "1,54,4,1520"
                }
              },
              {
                "$type": "method",
                "name": "isPrototypeOf",
                "text": "Returns a boolean indication whether the specified object is in the prototype chain of the object\nthis method is called upon.\n\n`{@link #method!isPrototypeOf isPrototypeOf}` allows you to check whether or not an object exists within another object's\nprototype chain.\n\nFor example, consider the following prototype chain:\n\n    function Fee() {\n        // . . .\n    }\n\n    function Fi() {\n        // . . .\n    }\n    Fi.prototype = new Fee();\n\n    function Fo() {\n        // . . .\n    }\n    Fo.prototype = new Fi();\n\n    function Fum() {\n        // . . .\n    }\n    Fum.prototype = new Fo();\n\nLater on down the road, if you instantiate `Fum` and need to check if `Fi`'s prototype exists\nwithin the `Fum` prototype chain, you could do this:\n\n    var fum = new Fum();\n    . . .\n\n    if (Fi.prototype.isPrototypeOf(fum)) {\n    // do something safe\n    }\n\nThis, along with the `instanceof` operator particularly comes in handy if you have code that can\nonly function when dealing with objects descended from a specific prototype chain, e.g., to\nguarantee that certain methods or properties will be present on that object.\n",
                "items": [
                  {
                    "$type": "param",
                    "name": "prototype",
                    "text": "an object to be tested against each link in the prototype chain of the\n*object* argument\n",
                    "type": "Object",
                    "src": {
                      "name": "1,148,20",
                      "text": "1,148,30,71:1,149,4,18",
                      "type": "1,148,12"
                    }
                  },
                  {
                    "$type": "param",
                    "name": "object",
                    "text": "the object whose prototype chain will be searched\n",
                    "type": "Object",
                    "src": {
                      "name": "1,150,20",
                      "text": "1,150,27,50",
                      "type": "1,150,12"
                    }
                  },
                  {
                    "$type": "return",
                    "text": "Returns true if object is a prototype and false if not.\n",
                    "type": "Boolean",
                    "src": {
                      "text": "1,151,22,56",
                      "type": "1,151,13"
                    }
                  }
                ],
                "src": {
                  "name": "1,106,12",
                  "text": "1,107,4,1084"
                }
              },
              {
                "$type": "method",
                "access": "private",
                "name": "loadScript",
                "text": "Loads the script for the given request by appending it to the HEAD element. This is\nits own method so that users can override it (as well as {@link #method!createScript #createScript}).\n",
                "items": [
                  {
                    "$type": "param",
                    "name": "request",
                    "text": "The request object.\n",
                    "src": {
                      "name": "0,297,15",
                      "text": "0,297,23,20"
                    }
                  }
                ],
                "src": {
                  "access": "0,296,8",
                  "name": "0,299,0",
                  "text": "0,294,8,165"
                }
              },
              {
                "$type": "method",
                "name": "propertyIsEnumerable",
                "text": "Returns a boolean indicating if the internal ECMAScript DontEnum attribute is set.\n\nEvery object has a `{@link #method!propertyIsEnumerable propertyIsEnumerable}` method. This method can determine whether the specified\nproperty in an object can be enumerated by a `for...in` loop, with the exception of properties\ninherited through the prototype chain. If the object does not have the specified property, this\nmethod returns false.\n\nThe following example shows the use of `{@link #method!propertyIsEnumerable propertyIsEnumerable}` on objects and arrays:\n\n    var o = {};\n    var a = [];\n    o.prop = 'is enumerable';\n    a[0] = 'is enumerable';\n\n    o.propertyIsEnumerable('prop');   // returns true\n    a.propertyIsEnumerable(0);        // returns true\n\nThe following example demonstrates the enumerability of user-defined versus built-in properties:\n\n    var a = ['is enumerable'];\n\n    a.propertyIsEnumerable(0);          // returns true\n    a.propertyIsEnumerable('length');   // returns false\n\n    Math.propertyIsEnumerable('random');   // returns false\n    this.propertyIsEnumerable('Math');     // returns false\n\nDirect versus inherited properties\n\n    var a = [];\n    a.propertyIsEnumerable('constructor');         // returns false\n\n    function firstConstructor()\n    {\n        this.property = 'is not enumerable';\n    }\n    firstConstructor.prototype.firstMethod = function () {};\n\n    function secondConstructor()\n    {\n        this.method = function method() { return 'is enumerable'; };\n    }\n\n    secondConstructor.prototype = new firstConstructor;\n    secondConstructor.prototype.constructor = secondConstructor;\n\n    var o = new secondConstructor();\n    o.arbitraryProperty = 'is enumerable';\n\n    o.propertyIsEnumerable('arbitraryProperty');   // returns true\n    o.propertyIsEnumerable('method');              // returns true\n    o.propertyIsEnumerable('property');            // returns false\n\n    o.property = 'is enumerable';\n\n    o.propertyIsEnumerable('property');            // returns true\n\n    // These return false as they are on the prototype which\n    // propertyIsEnumerable does not consider (even though the last two\n    // are iteratable with for-in)\n    o.propertyIsEnumerable('prototype'); // returns false (as of JS 1.8.1/FF3.6)\n    o.propertyIsEnumerable('constructor'); // returns false\n    o.propertyIsEnumerable('firstMethod'); // returns false\n",
                "items": [
                  {
                    "$type": "param",
                    "name": "prop",
                    "text": "The name of the property to test.\n",
                    "type": "String",
                    "src": {
                      "name": "1,220,20",
                      "text": "1,220,25,34",
                      "type": "1,220,12"
                    }
                  },
                  {
                    "$type": "return",
                    "text": "If the object does not have the specified property, this\nmethod returns false.\n",
                    "type": "Boolean",
                    "src": {
                      "text": "1,221,22,57:1,222,4,22",
                      "type": "1,221,13"
                    }
                  }
                ],
                "src": {
                  "name": "1,155,12",
                  "text": "1,156,4,2313"
                }
              },
              {
                "$type": "method",
                "name": "request",
                "text": "Makes a JSONP request.\n",
                "items": [
                  {
                    "$type": "param",
                    "name": "options",
                    "text": "An object which may contain the following properties. Note that options will\ntake priority over any defaults that are specified in the class.\n<ul>\n<li><b>url</b> : String <div class=\"sub-desc\">The URL to request.</div></li>\n<li><b>params</b> : Object (Optional)<div class=\"sub-desc\">An object containing a series of\nkey value pairs that will be sent along with the request.</div></li>\n<li><b>timeout</b> : Number (Optional) <div class=\"sub-desc\">See {@link #property!timeout #timeout}</div></li>\n<li><b>callbackKey</b> : String (Optional) <div class=\"sub-desc\">See {@link #property!callbackKey #callbackKey}</div></li>\n<li><b>callbackName</b> : String (Optional) <div class=\"sub-desc\">The function name to use for this request.\nBy default this name will be auto-generated: Ext.data.JsonP.callback1, Ext.data.JsonP.callback2, etc.\nSetting this option to \"my_name\" will force the function name to be Ext.data.JsonP.my_name.\nUse this if you want deterministic behavior, but be careful - the callbackName should be different\nin each JsonP request that you make.</div></li>\n<li><b>disableCaching</b> : Boolean (Optional) <div class=\"sub-desc\">See {@link #property!disableCaching #disableCaching}</div></li>\n<li><b>disableCachingParam</b> : String (Optional) <div class=\"sub-desc\">See {@link #property!disableCachingParam #disableCachingParam}</div></li>\n<li><b>success</b> : Function (Optional) <div class=\"sub-desc\">A function to execute if the request succeeds.</div></li>\n<li><b>failure</b> : Function (Optional) <div class=\"sub-desc\">A function to execute if the request fails.</div></li>\n<li><b>callback</b> : Function (Optional) <div class=\"sub-desc\">A function to execute when the request\ncompletes, whether it is a success or failure.</div></li>\n<li><b>scope</b> : Object (Optional)<div class=\"sub-desc\">The scope in\nwhich to execute the callbacks: The \"this\" object for the callback function. Defaults to the browser window.</div></li>\n</ul>\n",
                    "type": "Object",
                    "src": {
                      "name": "0,94,24",
                      "text": "0,94,32,77:0,95,8,1774",
                      "type": "0,94,16"
                    }
                  },
                  {
                    "$type": "return",
                    "text": "request An object containing the request details.\n",
                    "type": "Object",
                    "src": {
                      "text": "0,116,25,50",
                      "type": "0,116,17"
                    }
                  }
                ],
                "src": {
                  "name": "0,118,0",
                  "text": "0,93,8,23"
                }
              },
              {
                "$type": "method",
                "access": "private",
                "name": "setupErrorHandling",
                "text": "Sets up error handling for the script\n",
                "items": [
                  {
                    "$type": "param",
                    "name": "request",
                    "text": "The request\n",
                    "type": "Object",
                    "src": {
                      "name": "0,200,24",
                      "text": "0,200,32,12",
                      "type": "0,200,16"
                    }
                  }
                ],
                "src": {
                  "access": "0,199,8",
                  "name": "0,202,0",
                  "text": "0,198,8,38"
                }
              },
              {
                "$type": "method",
                "name": "toLocaleString",
                "text": "Returns a string representing the object. This method is meant to be overridden by derived objects\nfor locale-specific purposes.\n\n`{@link Object}`'s `{@link #method!toLocaleString toLocaleString}` returns the result of calling `{@link #method!toString toString}`.\n\nThis function is provided to give objects a generic `{@link #method!toLocaleString toLocaleString}` method, even though not all\nmay use it. Currently, only `{@link Array}`, `{@link Number}`, and `{@link Date}` override `{@link #method!toLocaleString toLocaleString}`.\n",
                "items": [
                  {
                    "$type": "return",
                    "text": "Object represented as a string.\n",
                    "type": "String",
                    "src": {
                      "text": "1,235,21,32",
                      "type": "1,235,13"
                    }
                  }
                ],
                "src": {
                  "name": "1,226,12",
                  "text": "1,227,4,384"
                }
              },
              {
                "$type": "method",
                "name": "toString",
                "text": "Returns a string representation of the object.\n\nEvery object has a `toString()` method that is automatically called when the object is to be\nrepresented as a text value or when an object is referred to in a manner in which a string is\nexpected. By default, the `toString()` method is inherited by every object descended from `{@link Object}`.\nIf this method is not overridden in a custom object, `toString()` returns \"[object type]\", where\n`type` is the object type. The following code illustrates this:\n\n    var o = new Object();\n    o.toString();           // returns [object Object]\n\nYou can create a function to be called in place of the default `toString()` method. The\n`toString()` method takes no arguments and should return a string. The `toString()` method you\ncreate can be any value you want, but it will be most useful if it carries information about the\nobject.\n\nThe following code defines the `Dog` object type and creates `theDog`, an object of type `Dog`:\n\n    function Dog(name,breed,color,sex) {\n        this.name=name;\n        this.breed=breed;\n        this.color=color;\n        this.sex=sex;\n    }\n\n    theDog = new Dog(\"Gabby\",\"Lab\",\"chocolate\",\"female\");\n\nIf you call the `toString()` method on this custom object, it returns the default value inherited\nfrom `{@link Object}`:\n\n    theDog.toString(); //returns [object Object]\n\nThe following code creates and assigns `dogToString()` to override the default `toString()` method.\nThis function generates a string containing the name, breed, color, and sex of the object, in the\nform `\"property = value;\"`.\n\n    Dog.prototype.toString = function dogToString() {\n        var ret = \"Dog \" + this.name + \" is a \" + this.sex + \" \" + this.color + \" \" + this.breed;\n        return ret;\n    }\n\nWith the preceding code in place, any time theDog is used in a string context, JavaScript\nautomatically calls the `dogToString()` function, which returns the following string:\n\n    Dog Gabby is a female chocolate Lab\n\n`toString()` can be used with every object and allows you to get its class. To use the\n`Object.prototype.toString()` with every object, you need to call `Function.prototype.call()` or\n`Function.prototype.apply()` on it, passing the object you want to inspect as the first parameter\ncalled `thisArg`.\n\n    var toString = Object.prototype.toString;\n\n    toString.call(new Date); // [object Date]\n    toString.call(new String); // [object String]\n    toString.call(Math); // [object Math]\n",
                "items": [
                  {
                    "$type": "return",
                    "text": "Object represented as a string.\n",
                    "type": "String",
                    "src": {
                      "text": "1,297,21,32",
                      "type": "1,297,13"
                    }
                  }
                ],
                "src": {
                  "name": "1,239,12",
                  "text": "1,240,4,2445"
                }
              },
              {
                "$type": "method",
                "name": "valueOf",
                "text": "Returns the primitive value of the specified object.\n\nJavaScript calls the `{@link #method!valueOf valueOf}` method to convert an object to a primitive value. You rarely need to\ninvoke the `{@link #method!valueOf valueOf}` method yourself; JavaScript automatically invokes it when encountering an\nobject where a primitive value is expected.\n\nBy default, the `{@link #method!valueOf valueOf}` method is inherited by every object descended from `{@link Object}`. Every built-\nin core object overrides this method to return an appropriate value. If an object has no primitive\nvalue, `{@link #method!valueOf valueOf}` returns the object itself, which is displayed as:\n\n    [object Object]\n\nYou can use `{@link #method!valueOf valueOf}` within your own code to convert a built-in object into a primitive value.\nWhen you create a custom object, you can override `Object.valueOf` to call a custom method instead\nof the default `{@link Object}` method.\n\nYou can create a function to be called in place of the default `{@link #method!valueOf valueOf}` method. Your function must\ntake no arguments.\n\nSuppose you have an object type `myNumberType` and you want to create a `{@link #method!valueOf valueOf}` method for it.\nThe following code assigns a user-defined function to the object's valueOf method:\n\n    myNumberType.prototype.valueOf = new Function(functionText)\n\nWith the preceding code in place, any time an object of type `myNumberType` is used in a context\nwhere it is to be represented as a primitive value, JavaScript automatically calls the function\ndefined in the preceding code.\n\nAn object's `{@link #method!valueOf valueOf}` method is usually invoked by JavaScript, but you can invoke it yourself as\nfollows:\n\n    myNumber.valueOf()\n\nNote: Objects in string contexts convert via the `{@link #method!toString toString}` method, which is different from\n`{@link String}` objects converting to string primitives using `{@link #method!valueOf valueOf}`. All objects have a string\nconversion, if only `\"[object type]\"`. But many objects do not convert to number, boolean, or\nfunction.\n",
                "items": [
                  {
                    "$type": "return",
                    "text": "Returns value of the object or the object itself.\n",
                    "type": "Object",
                    "src": {
                      "text": "1,340,21,50",
                      "type": "1,340,13"
                    }
                  }
                ],
                "src": {
                  "name": "1,301,12",
                  "text": "1,302,4,1821"
                }
              }
            ]
          },
          {
            "$type": "properties",
            "items": [
              {
                "$type": "property",
                "name": "callbackKey",
                "text": "Specifies the GET parameter that will be sent to the server containing the function name to be executed when\nthe request completes. Defaults to <tt>callback</tt>. Thus, a common request will be in the form of\nurl?callback=Ext.data.JsonP.callback1\n",
                "type": "String",
                "src": {
                  "name": "0,84,18",
                  "text": "0,86,8,247",
                  "type": "0,85,14"
                }
              },
              {
                "$type": "property",
                "name": "constructor",
                "text": " Specifies the function that creates an object's prototype.\n\n Returns a reference to the Object function that created the instance's prototype. Note that the\n value of this property is a reference to the function itself, not a string containing the\n function's name, but it isn't read only (except for primitive Boolean, Number or String values: 1,\n true, \"read-only\").\n\n All objects inherit a `constructor` property from their `{@link #property!prototype prototype}`:\n\n     o = new Object // or o = {} in JavaScript 1.2\n     o.constructor == Object\n     a = new Array // or a = [] in JavaScript 1.2\n     a.constructor == Array\n     n = new Number(3)\n     n.constructor == Number\n\n Even though you cannot construct most HTML objects, you can do comparisons. For example,\n\n     document.constructor == Document\n     document.form3.constructor == Form\n\n The following example creates a prototype, `Tree`, and an object of that type, theTree. The example then displays the `constructor` property for the object `theTree`.\n\n     function Tree(name) {\n         this.name = name;\n     }\n     theTree = new Tree(\"Redwood\");\n     console.log(\"theTree.constructor is \" + theTree.constructor);\n\n This example displays the following output:\n\n     theTree.constructor is function Tree(name) {\n         this.name = name;\n     }\n\n The following example shows how to modify constructor value of generic objects. Only true, 1 and\n \"test\" variable constructors will not be changed. This example explains that is not always so safe\n to believe in constructor function.\n\n     function Type(){};\n     var\ttypes = [\n \t    new Array,\t[],\n\t    new Boolean,\ttrue,\n\t    new Date,\n\t    new Error,\n\t    new Function,\tfunction(){},\n\t    Math,\n\t    new Number,\t1,\n\t    new Object,\t{},\n\t    new RegExp,\t/(?:)/,\n\t    new String,\t\"test\"\n     ];\n     for(var i = 0; i < types.length; i++){\n         types[i].constructor = Type;\n         types[i] = [types[i].constructor, types[i] instanceof Type, types[i].toString()];\n     };\n     alert(types.join(\"\\n\"));\n",
                "src": {
                  "name": "1,346,14",
                  "text": "1,347,3,1996"
                }
              },
              {
                "$type": "property",
                "name": "disableCaching",
                "text": "True to add a unique cache-buster param to requests. Defaults to <tt>true</tt>.\n",
                "type": "Boolean",
                "src": {
                  "name": "0,70,18",
                  "text": "0,72,8,80",
                  "type": "0,71,14"
                }
              },
              {
                "$type": "property",
                "name": "disableCachingParam",
                "text": "Change the parameter which is sent went disabling caching through a cache buster. Defaults to <tt>'_dc'</tt>.\n",
                "type": "String",
                "src": {
                  "name": "0,77,18",
                  "text": "0,79,8,110",
                  "type": "0,78,14"
                }
              },
              {
                "$type": "property",
                "name": "prototype",
                "text": "Allows the addition of properties to all objects of type Object.\n",
                "src": {
                  "name": "1,46,14",
                  "text": "1,47,4,65"
                }
              },
              {
                "$type": "property",
                "access": "private",
                "name": "requestCount",
                "text": "Number of requests done so far.\n",
                "src": {
                  "access": "0,51,8",
                  "name": "0,53,0",
                  "text": "0,50,8,32"
                }
              },
              {
                "$type": "property",
                "access": "private",
                "name": "requests",
                "text": "Hash of pending requests.\n",
                "src": {
                  "access": "0,57,8",
                  "name": "0,59,0",
                  "text": "0,56,8,26"
                }
              },
              {
                "$type": "property",
                "name": "timeout",
                "text": "A default timeout for any JsonP requests. If the request has not completed in this time the\nfailure callback will be fired. The timeout is in ms. Defaults to <tt>30000</tt>.\n",
                "type": "Number",
                "src": {
                  "name": "0,62,18",
                  "text": "0,64,8,174",
                  "type": "0,63,14"
                }
              }
            ]
          }
        ],
        "src": {
          "name": "0,2,11",
          "singleton": "0,3,4",
          "text": "0,4,4,1202"
        }
      }
    ]
  },
  "version": 1
}