{
  "$type": "doxi",
  "files": [
    "../../../ext/packages/core/src/app/EventDomain.js",
    "../../../../docs/docs/js/primitives/Object.js"
  ],
  "global": {
    "$type": "namespace",
    "items": [
      {
        "$type": "class",
        "extended": "Object",
        "extends": "Object",
        "name": "Ext.app.EventDomain",
        "requires": "Ext.util.Event",
        "text": "This class is a base class for an event domain. In the context of MVC, an \"event domain\"\nis one or more base classes that fire events to which a Controller wants to listen. A\ncontroller listens to events by describing the selectors for events of interest to it.\n\nMatching selectors to the firer of an event is one key aspect that defines an event\ndomain. All event domain instances must provide a `{@link #method!match match}` method that tests selectors\nagainst the event firer.\n\nWhen an event domain instance is created (typically as a `singleton`), its `type`\nproperty is used to catalog the domain in the\n{@link Ext.app.EventDomain#static-property!instances Ext.app.EventDomain#instances} map.\n\nThere are five event domains provided by default:\n\n-   {@link Ext.app.domain.Component}. This is the primary event domain that\nhas been available since Ext JS MVC was introduced. This domain is defined as any class that\nextends {@link Ext.Component}, where the selectors use\n{@link Ext.ComponentQuery#method!query Ext.ComponentQuery#query}.\n-   {@link Ext.app.domain.Global}. This domain provides Controllers with access\nto events fired from {@link Ext.GlobalEvents} Observable instance. These events represent\nthe state of the application as a whole, and are always anonymous. Because of this, Global\ndomain does not provide selectors at all.\n-   {@link Ext.app.domain.Controller}. This domain includes all classes\nthat extend {@link Ext.app.Controller}. Events fired by Controllers will be available\nwithin this domain; selectors are either Controller's {@link Ext.app.Controller#cfg!id Ext.app.Controller#id} or\n'*' wildcard for any Controller.\n-   {@link Ext.app.domain.Store}. This domain is for classes extending\n{@link Ext.data.AbstractStore}. Selectors are either Store's\n{@link Ext.data.AbstractStore#cfg!storeId Ext.data.AbstractStore#storeId} or '*' wildcard for any Store.\n-   {@link Ext.app.domain.Direct}. This domain includes all classes that extend\n{@link Ext.direct.Provider}. Selectors are either Provider's {@link Ext.direct.Provider#cfg!id Ext.direct.Provider#id}\nor '*' wildcard for any Provider. This domain is optional and will be loaded only if\n{@link Ext.direct.Manager} singleton is required in your application.\n",
        "items": [
          {
            "$type": "configs",
            "items": [
              {
                "$type": "property",
                "name": "idProperty",
                "text": "Name of the identifier property for this event domain.\n",
                "type": "String",
                "src": {
                  "name": "0,50,22",
                  "text": "0,50,33,55",
                  "type": "0,50,14"
                }
              }
            ]
          },
          {
            "$type": "methods",
            "items": [
              {
                "$type": "method",
                "name": "constructor",
                "text": "Creates new Object.\n",
                "items": [
                  {
                    "$type": "param",
                    "name": "value",
                    "optional": true,
                    "text": "The value to wrap.\n",
                    "type": "Object",
                    "src": {
                      "name": "1,40,21",
                      "text": "1,40,28,19",
                      "type": "1,40,12"
                    }
                  }
                ],
                "src": {
                  "name": "1,38,12",
                  "text": "1,39,4,20"
                }
              },
              {
                "$type": "method",
                "access": "private",
                "name": "dispatch",
                "text": "This method dispatches an event fired by an object monitored by this domain. This\nis not called directly but is called by interceptors injected by the `{@link #method!monitor monitor}` method.\n",
                "items": [
                  {
                    "$type": "param",
                    "name": "target",
                    "text": "The firer of the event.\n",
                    "type": "Object",
                    "src": {
                      "name": "0,71,24",
                      "text": "0,71,31,24",
                      "type": "0,71,16"
                    }
                  },
                  {
                    "$type": "param",
                    "name": "ev",
                    "text": "The event being fired.\n",
                    "type": "String",
                    "src": {
                      "name": "0,72,24",
                      "text": "0,72,27,23",
                      "type": "0,72,16"
                    }
                  },
                  {
                    "$type": "param",
                    "name": "args",
                    "text": "The arguments for the event. This array **does not** include the event name.\nThat has already been sliced off because this class intercepts the {@link Ext.util.Observable#method!fireEventArgs Ext.util.Observable#fireEventArgs}\nmethod which takes an array as the event's argument list.\n",
                    "type": "Array",
                    "src": {
                      "name": "0,73,23",
                      "text": "0,73,28,77:0,74,8,182",
                      "type": "0,73,16"
                    }
                  },
                  {
                    "$type": "return",
                    "text": "`false` if any listener returned `false`, otherwise `true`.\n",
                    "type": "Boolean",
                    "src": {
                      "text": "0,77,26,60",
                      "type": "0,77,17"
                    }
                  }
                ],
                "src": {
                  "access": "0,79,8",
                  "name": "0,81,0",
                  "text": "0,68,8,170"
                }
              },
              {
                "$type": "method",
                "name": "hasOwnProperty",
                "text": "Returns a boolean indicating whether an object contains the specified property as a direct property\nof that object and not inherited through the prototype chain.\n\nEvery object descended from `{@link Object}` inherits the `{@link #method!hasOwnProperty hasOwnProperty}` method. This method can be used\nto determine whether an object has the specified property as a direct property of that object;\nunlike the `in` operator, this method does not check down the object's prototype chain.\n\nThe following example determines whether the o object contains a property named prop:\n\n    o = new Object();\n    o.prop = 'exists';\n\n    function changeO() {\n        o.newprop = o.prop;\n        delete o.prop;\n    }\n\n    o.hasOwnProperty('prop');   //returns true\n    changeO();\n    o.hasOwnProperty('prop');   //returns false\n\nThe following example differentiates between direct properties and properties inherited through the\nprototype chain:\n\n    o = new Object();\n    o.prop = 'exists';\n    o.hasOwnProperty('prop');             // returns true\n    o.hasOwnProperty('toString');         // returns false\n    o.hasOwnProperty('hasOwnProperty');   // returns false\n\nThe following example shows how to iterate over the properties of an object without executing on\ninherit properties.\n\n    var buz = {\n        fog: 'stack'\n    };\n\n    for (var name in buz) {\n        if (buz.hasOwnProperty(name)) {\n            alert(\"this is fog (\" + name + \") for sure. Value: \" + buz[name]);\n        }\n        else {\n            alert(name); // toString or something else\n        }\n    }\n",
                "items": [
                  {
                    "$type": "param",
                    "name": "prop",
                    "text": "The name of the property to test.\n",
                    "type": "String",
                    "src": {
                      "name": "1,100,20",
                      "text": "1,100,25,34",
                      "type": "1,100,12"
                    }
                  },
                  {
                    "$type": "return",
                    "text": "Returns true if object contains specified property; else\nreturns false.\n",
                    "type": "Boolean",
                    "src": {
                      "text": "1,101,22,57:1,102,4,15",
                      "type": "1,101,13"
                    }
                  }
                ],
                "src": {
                  "name": "1,53,12",
                  "text": "1,54,4,1520"
                }
              },
              {
                "$type": "method",
                "name": "isPrototypeOf",
                "text": "Returns a boolean indication whether the specified object is in the prototype chain of the object\nthis method is called upon.\n\n`{@link #method!isPrototypeOf isPrototypeOf}` allows you to check whether or not an object exists within another object's\nprototype chain.\n\nFor example, consider the following prototype chain:\n\n    function Fee() {\n        // . . .\n    }\n\n    function Fi() {\n        // . . .\n    }\n    Fi.prototype = new Fee();\n\n    function Fo() {\n        // . . .\n    }\n    Fo.prototype = new Fi();\n\n    function Fum() {\n        // . . .\n    }\n    Fum.prototype = new Fo();\n\nLater on down the road, if you instantiate `Fum` and need to check if `Fi`'s prototype exists\nwithin the `Fum` prototype chain, you could do this:\n\n    var fum = new Fum();\n    . . .\n\n    if (Fi.prototype.isPrototypeOf(fum)) {\n    // do something safe\n    }\n\nThis, along with the `instanceof` operator particularly comes in handy if you have code that can\nonly function when dealing with objects descended from a specific prototype chain, e.g., to\nguarantee that certain methods or properties will be present on that object.\n",
                "items": [
                  {
                    "$type": "param",
                    "name": "prototype",
                    "text": "an object to be tested against each link in the prototype chain of the\n*object* argument\n",
                    "type": "Object",
                    "src": {
                      "name": "1,148,20",
                      "text": "1,148,30,71:1,149,4,18",
                      "type": "1,148,12"
                    }
                  },
                  {
                    "$type": "param",
                    "name": "object",
                    "text": "the object whose prototype chain will be searched\n",
                    "type": "Object",
                    "src": {
                      "name": "1,150,20",
                      "text": "1,150,27,50",
                      "type": "1,150,12"
                    }
                  },
                  {
                    "$type": "return",
                    "text": "Returns true if object is a prototype and false if not.\n",
                    "type": "Boolean",
                    "src": {
                      "text": "1,151,22,56",
                      "type": "1,151,13"
                    }
                  }
                ],
                "src": {
                  "name": "1,106,12",
                  "text": "1,107,4,1084"
                }
              },
              {
                "$type": "method",
                "access": "private",
                "name": "listen",
                "text": "This method adds listeners on behalf of a controller. This method is passed an\nobject that is keyed by selectors. The value of these is also an object but now\nkeyed by event name. For example:\n\n     domain.listen({\n         'some[selector]': {\n             click: function() { ... }\n         },\n\n         'other selector': {\n             change: {\n                 fn: function() { ... },\n                 delay: 10\n             }\n         }\n\n     }, controller);\n",
                "items": [
                  {
                    "$type": "param",
                    "name": "selectors",
                    "text": "Config object containing selectors and listeners.\n",
                    "type": "Object",
                    "src": {
                      "name": "0,147,24",
                      "text": "0,147,34,50",
                      "type": "0,147,16"
                    }
                  }
                ],
                "src": {
                  "access": "0,149,8",
                  "name": "0,151,0",
                  "text": "0,129,8,465"
                }
              },
              {
                "$type": "method",
                "access": "protected",
                "name": "match",
                "text": "This method matches the firer of the event (the `target`) to the given `selector`.\nDefault matching is very simple: a match is true when selector equals target's\n{@link #cfg!idProperty #cfg-idProperty}, or when selector is '*' wildcard to match any\ntarget.\n",
                "items": [
                  {
                    "$type": "param",
                    "name": "target",
                    "text": "The firer of the event.\n",
                    "type": "Object",
                    "src": {
                      "name": "0,255,24",
                      "text": "0,255,31,24",
                      "type": "0,255,16"
                    }
                  },
                  {
                    "$type": "param",
                    "name": "selector",
                    "text": "The selector to which to match the `target`.\n",
                    "type": "String",
                    "src": {
                      "name": "0,256,24",
                      "text": "0,256,33,45",
                      "type": "0,256,16"
                    }
                  },
                  {
                    "$type": "return",
                    "text": "`true` if the `target` matches the `selector`.\n",
                    "type": "Boolean",
                    "src": {
                      "text": "0,258,26,47",
                      "type": "0,258,17"
                    }
                  }
                ],
                "src": {
                  "access": "0,260,8",
                  "name": "0,262,0",
                  "text": "0,250,8,253"
                }
              },
              {
                "$type": "method",
                "access": "protected",
                "name": "monitor",
                "text": "This method is called by the derived class to monitor `fireEvent` calls. Any call\nto `fireEvent` on the target Observable will be intercepted and dispatched to any\nlistening Controllers. Assuming the original `fireEvent` method does not return\n`false`, the event is passed to the `{@link #method!dispatch dispatch}` method of this object.\n\nThis is typically called in the `constructor` of derived classes.\n",
                "items": [
                  {
                    "$type": "param",
                    "name": "observable",
                    "text": "The Observable to monitor for events.\n",
                    "type": "Ext.Class",
                    "src": {
                      "name": "0,280,27",
                      "text": "0,280,38,38",
                      "type": "0,280,16"
                    }
                  }
                ],
                "src": {
                  "access": "0,282,8",
                  "name": "0,284,0",
                  "text": "0,273,8,382"
                }
              },
              {
                "$type": "method",
                "name": "propertyIsEnumerable",
                "text": "Returns a boolean indicating if the internal ECMAScript DontEnum attribute is set.\n\nEvery object has a `{@link #method!propertyIsEnumerable propertyIsEnumerable}` method. This method can determine whether the specified\nproperty in an object can be enumerated by a `for...in` loop, with the exception of properties\ninherited through the prototype chain. If the object does not have the specified property, this\nmethod returns false.\n\nThe following example shows the use of `{@link #method!propertyIsEnumerable propertyIsEnumerable}` on objects and arrays:\n\n    var o = {};\n    var a = [];\n    o.prop = 'is enumerable';\n    a[0] = 'is enumerable';\n\n    o.propertyIsEnumerable('prop');   // returns true\n    a.propertyIsEnumerable(0);        // returns true\n\nThe following example demonstrates the enumerability of user-defined versus built-in properties:\n\n    var a = ['is enumerable'];\n\n    a.propertyIsEnumerable(0);          // returns true\n    a.propertyIsEnumerable('length');   // returns false\n\n    Math.propertyIsEnumerable('random');   // returns false\n    this.propertyIsEnumerable('Math');     // returns false\n\nDirect versus inherited properties\n\n    var a = [];\n    a.propertyIsEnumerable('constructor');         // returns false\n\n    function firstConstructor()\n    {\n        this.property = 'is not enumerable';\n    }\n    firstConstructor.prototype.firstMethod = function () {};\n\n    function secondConstructor()\n    {\n        this.method = function method() { return 'is enumerable'; };\n    }\n\n    secondConstructor.prototype = new firstConstructor;\n    secondConstructor.prototype.constructor = secondConstructor;\n\n    var o = new secondConstructor();\n    o.arbitraryProperty = 'is enumerable';\n\n    o.propertyIsEnumerable('arbitraryProperty');   // returns true\n    o.propertyIsEnumerable('method');              // returns true\n    o.propertyIsEnumerable('property');            // returns false\n\n    o.property = 'is enumerable';\n\n    o.propertyIsEnumerable('property');            // returns true\n\n    // These return false as they are on the prototype which\n    // propertyIsEnumerable does not consider (even though the last two\n    // are iteratable with for-in)\n    o.propertyIsEnumerable('prototype'); // returns false (as of JS 1.8.1/FF3.6)\n    o.propertyIsEnumerable('constructor'); // returns false\n    o.propertyIsEnumerable('firstMethod'); // returns false\n",
                "items": [
                  {
                    "$type": "param",
                    "name": "prop",
                    "text": "The name of the property to test.\n",
                    "type": "String",
                    "src": {
                      "name": "1,220,20",
                      "text": "1,220,25,34",
                      "type": "1,220,12"
                    }
                  },
                  {
                    "$type": "return",
                    "text": "If the object does not have the specified property, this\nmethod returns false.\n",
                    "type": "Boolean",
                    "src": {
                      "text": "1,221,22,57:1,222,4,22",
                      "type": "1,221,13"
                    }
                  }
                ],
                "src": {
                  "name": "1,155,12",
                  "text": "1,156,4,2313"
                }
              },
              {
                "$type": "method",
                "name": "toLocaleString",
                "text": "Returns a string representing the object. This method is meant to be overridden by derived objects\nfor locale-specific purposes.\n\n`{@link Object}`'s `{@link #method!toLocaleString toLocaleString}` returns the result of calling `{@link #method!toString toString}`.\n\nThis function is provided to give objects a generic `{@link #method!toLocaleString toLocaleString}` method, even though not all\nmay use it. Currently, only `{@link Array}`, `{@link Number}`, and `{@link Date}` override `{@link #method!toLocaleString toLocaleString}`.\n",
                "items": [
                  {
                    "$type": "return",
                    "text": "Object represented as a string.\n",
                    "type": "String",
                    "src": {
                      "text": "1,235,21,32",
                      "type": "1,235,13"
                    }
                  }
                ],
                "src": {
                  "name": "1,226,12",
                  "text": "1,227,4,384"
                }
              },
              {
                "$type": "method",
                "name": "toString",
                "text": "Returns a string representation of the object.\n\nEvery object has a `toString()` method that is automatically called when the object is to be\nrepresented as a text value or when an object is referred to in a manner in which a string is\nexpected. By default, the `toString()` method is inherited by every object descended from `{@link Object}`.\nIf this method is not overridden in a custom object, `toString()` returns \"[object type]\", where\n`type` is the object type. The following code illustrates this:\n\n    var o = new Object();\n    o.toString();           // returns [object Object]\n\nYou can create a function to be called in place of the default `toString()` method. The\n`toString()` method takes no arguments and should return a string. The `toString()` method you\ncreate can be any value you want, but it will be most useful if it carries information about the\nobject.\n\nThe following code defines the `Dog` object type and creates `theDog`, an object of type `Dog`:\n\n    function Dog(name,breed,color,sex) {\n        this.name=name;\n        this.breed=breed;\n        this.color=color;\n        this.sex=sex;\n    }\n\n    theDog = new Dog(\"Gabby\",\"Lab\",\"chocolate\",\"female\");\n\nIf you call the `toString()` method on this custom object, it returns the default value inherited\nfrom `{@link Object}`:\n\n    theDog.toString(); //returns [object Object]\n\nThe following code creates and assigns `dogToString()` to override the default `toString()` method.\nThis function generates a string containing the name, breed, color, and sex of the object, in the\nform `\"property = value;\"`.\n\n    Dog.prototype.toString = function dogToString() {\n        var ret = \"Dog \" + this.name + \" is a \" + this.sex + \" \" + this.color + \" \" + this.breed;\n        return ret;\n    }\n\nWith the preceding code in place, any time theDog is used in a string context, JavaScript\nautomatically calls the `dogToString()` function, which returns the following string:\n\n    Dog Gabby is a female chocolate Lab\n\n`toString()` can be used with every object and allows you to get its class. To use the\n`Object.prototype.toString()` with every object, you need to call `Function.prototype.call()` or\n`Function.prototype.apply()` on it, passing the object you want to inspect as the first parameter\ncalled `thisArg`.\n\n    var toString = Object.prototype.toString;\n\n    toString.call(new Date); // [object Date]\n    toString.call(new String); // [object String]\n    toString.call(Math); // [object Math]\n",
                "items": [
                  {
                    "$type": "return",
                    "text": "Object represented as a string.\n",
                    "type": "String",
                    "src": {
                      "text": "1,297,21,32",
                      "type": "1,297,13"
                    }
                  }
                ],
                "src": {
                  "name": "1,239,12",
                  "text": "1,240,4,2445"
                }
              },
              {
                "$type": "method",
                "access": "private",
                "name": "unlisten",
                "text": "Removes all of a controller's attached listeners.\n",
                "items": [
                  {
                    "$type": "param",
                    "name": "controllerId",
                    "text": "The id of the controller.\n",
                    "type": "String",
                    "src": {
                      "name": "0,305,24",
                      "text": "0,305,37,26",
                      "type": "0,305,16"
                    }
                  }
                ],
                "src": {
                  "access": "0,307,8",
                  "name": "0,309,0",
                  "text": "0,303,8,51"
                }
              },
              {
                "$type": "method",
                "name": "valueOf",
                "text": "Returns the primitive value of the specified object.\n\nJavaScript calls the `{@link #method!valueOf valueOf}` method to convert an object to a primitive value. You rarely need to\ninvoke the `{@link #method!valueOf valueOf}` method yourself; JavaScript automatically invokes it when encountering an\nobject where a primitive value is expected.\n\nBy default, the `{@link #method!valueOf valueOf}` method is inherited by every object descended from `{@link Object}`. Every built-\nin core object overrides this method to return an appropriate value. If an object has no primitive\nvalue, `{@link #method!valueOf valueOf}` returns the object itself, which is displayed as:\n\n    [object Object]\n\nYou can use `{@link #method!valueOf valueOf}` within your own code to convert a built-in object into a primitive value.\nWhen you create a custom object, you can override `Object.valueOf` to call a custom method instead\nof the default `{@link Object}` method.\n\nYou can create a function to be called in place of the default `{@link #method!valueOf valueOf}` method. Your function must\ntake no arguments.\n\nSuppose you have an object type `myNumberType` and you want to create a `{@link #method!valueOf valueOf}` method for it.\nThe following code assigns a user-defined function to the object's valueOf method:\n\n    myNumberType.prototype.valueOf = new Function(functionText)\n\nWith the preceding code in place, any time an object of type `myNumberType` is used in a context\nwhere it is to be represented as a primitive value, JavaScript automatically calls the function\ndefined in the preceding code.\n\nAn object's `{@link #method!valueOf valueOf}` method is usually invoked by JavaScript, but you can invoke it yourself as\nfollows:\n\n    myNumber.valueOf()\n\nNote: Objects in string contexts convert via the `{@link #method!toString toString}` method, which is different from\n`{@link String}` objects converting to string primitives using `{@link #method!valueOf valueOf}`. All objects have a string\nconversion, if only `\"[object type]\"`. But many objects do not convert to number, boolean, or\nfunction.\n",
                "items": [
                  {
                    "$type": "return",
                    "text": "Returns value of the object or the object itself.\n",
                    "type": "Object",
                    "src": {
                      "text": "1,340,21,50",
                      "type": "1,340,13"
                    }
                  }
                ],
                "src": {
                  "name": "1,301,12",
                  "text": "1,302,4,1821"
                }
              }
            ]
          },
          {
            "$type": "properties",
            "items": [
              {
                "$type": "property",
                "name": "constructor",
                "text": " Specifies the function that creates an object's prototype.\n\n Returns a reference to the Object function that created the instance's prototype. Note that the\n value of this property is a reference to the function itself, not a string containing the\n function's name, but it isn't read only (except for primitive Boolean, Number or String values: 1,\n true, \"read-only\").\n\n All objects inherit a `constructor` property from their `{@link #property!prototype prototype}`:\n\n     o = new Object // or o = {} in JavaScript 1.2\n     o.constructor == Object\n     a = new Array // or a = [] in JavaScript 1.2\n     a.constructor == Array\n     n = new Number(3)\n     n.constructor == Number\n\n Even though you cannot construct most HTML objects, you can do comparisons. For example,\n\n     document.constructor == Document\n     document.form3.constructor == Form\n\n The following example creates a prototype, `Tree`, and an object of that type, theTree. The example then displays the `constructor` property for the object `theTree`.\n\n     function Tree(name) {\n         this.name = name;\n     }\n     theTree = new Tree(\"Redwood\");\n     console.log(\"theTree.constructor is \" + theTree.constructor);\n\n This example displays the following output:\n\n     theTree.constructor is function Tree(name) {\n         this.name = name;\n     }\n\n The following example shows how to modify constructor value of generic objects. Only true, 1 and\n \"test\" variable constructors will not be changed. This example explains that is not always so safe\n to believe in constructor function.\n\n     function Type(){};\n     var\ttypes = [\n \t    new Array,\t[],\n\t    new Boolean,\ttrue,\n\t    new Date,\n\t    new Error,\n\t    new Function,\tfunction(){},\n\t    Math,\n\t    new Number,\t1,\n\t    new Object,\t{},\n\t    new RegExp,\t/(?:)/,\n\t    new String,\t\"test\"\n     ];\n     for(var i = 0; i < types.length; i++){\n         types[i].constructor = Type;\n         types[i] = [types[i].constructor, types[i] instanceof Type, types[i].toString()];\n     };\n     alert(types.join(\"\\n\"));\n",
                "src": {
                  "name": "1,346,14",
                  "text": "1,347,3,1996"
                }
              },
              {
                "$type": "property",
                "name": "prototype",
                "text": "Allows the addition of properties to all objects of type Object.\n",
                "src": {
                  "name": "1,46,14",
                  "text": "1,47,4,65"
                }
              }
            ]
          },
          {
            "$type": "static-properties",
            "items": [
              {
                "$type": "property",
                "name": "instances",
                "static": true,
                "text": "An object map containing `{@link Ext.app.EventDomain}` instances keyed by the value\nof their `type` property.\n",
                "src": {
                  "name": "0,46,0",
                  "static": "0,40,-1",
                  "text": "0,43,12,102"
                }
              }
            ]
          }
        ],
        "src": {
          "name": "0,36,0",
          "requires": "0,38,0",
          "text": "0,2,4,2189"
        }
      }
    ]
  },
  "version": 1
}