{
  "$type": "doxi",
  "files": [
    "../../../ext/packages/core/src/class/Config.js",
    "../../../../docs/docs/js/primitives/Object.js"
  ],
  "global": {
    "$type": "namespace",
    "items": [
      {
        "$type": "class",
        "access": "private",
        "extended": "Object",
        "extends": "Object",
        "name": "Ext.Config",
        "text": "This class manages a config property. Instances of this type are created and cached as\nclasses declare their config properties. One instance of this class is created per\nconfig property name.\n\n     Ext.define('MyClass', {\n         config: {\n             foo: 42\n         }\n     });\n\nThis uses the cached `{@link Ext.Config}` instance for the \"foo\" property.\n\nWhen config properties apply options to config properties a prototype chained object is\ncreated from the cached instance. For example:\n\n     Ext.define('MyClass', {\n         config: {\n             foo: {\n                 $value: 42,\n                 lazy: true\n             }\n         }\n     });\n\nThis creates a prototype chain to the cached \"foo\" instance of `{@link Ext.Config}` and applies\nthe `{@link #cfg!lazy lazy}` option to that new instance. This chained instance is then kept by the\n`{@link Ext.Configurator}` for that class.\n",
        "items": [
          {
            "$type": "configs",
            "items": [
              {
                "$type": "property",
                "access": "private",
                "name": "cached",
                "optional": true,
                "since": "5.0.0",
                "text": "When set as `true` the config property will be stored on the class prototype once\nthe first instance has had a chance to process the default value.\n",
                "type": "Boolean",
                "value": "false",
                "src": {
                  "access": "0,109,8",
                  "name": "0,106,24",
                  "since": "0,110,15",
                  "text": "0,107,8,148",
                  "type": "0,106,14",
                  "value": "0,106,31"
                }
              },
              {
                "$type": "property",
                "access": "private",
                "name": "evented",
                "optional": true,
                "since": "5.5.0",
                "text": "When set as `true` the config property will be treated as a {@link Ext.Evented}.\n",
                "type": "Boolean",
                "value": "false",
                "src": {
                  "access": "0,124,8",
                  "name": "0,122,24",
                  "since": "0,125,15",
                  "text": "0,123,8,96",
                  "type": "0,122,14",
                  "value": "0,122,32"
                }
              },
              {
                "$type": "property",
                "access": "private",
                "name": "lazy",
                "optional": true,
                "since": "5.0.0",
                "text": "When set as `true` the config property will not be immediately initialized during\nthe `initConfig` call.\n",
                "type": "Boolean",
                "value": "false",
                "src": {
                  "access": "0,117,8",
                  "name": "0,114,24",
                  "since": "0,118,15",
                  "text": "0,115,8,105",
                  "type": "0,114,14",
                  "value": "0,114,29"
                }
              },
              {
                "$type": "property",
                "name": "merge",
                "optional": true,
                "text": "This function if supplied will be called as classes or instances provide values\nthat need to be combined with inherited values. The function should return the\nvalue that will be the config value. Further calls may receive such returned\nvalues as `oldValue`.\n",
                "type": "Function",
                "items": [
                  {
                    "$type": "property",
                    "name": "newValue",
                    "text": "The new value to merge with the old.\n",
                    "type": "Mixed",
                    "src": {
                      "name": "0,135,27",
                      "text": "0,135,36,37",
                      "type": "0,135,14"
                    }
                  },
                  {
                    "$type": "property",
                    "name": "oldValue",
                    "text": "The current value prior to `newValue` being merged.\n",
                    "type": "Mixed",
                    "src": {
                      "name": "0,137,27",
                      "text": "0,137,36,52",
                      "type": "0,137,14"
                    }
                  },
                  {
                    "$type": "property",
                    "name": "target",
                    "text": "The class or instance to which the merged config value\nwill be applied.\n",
                    "type": "Mixed",
                    "src": {
                      "name": "0,139,27",
                      "text": "0,139,34,55:0,140,8,18",
                      "type": "0,139,14"
                    }
                  },
                  {
                    "$type": "property",
                    "name": "mixinClass",
                    "text": "The mixin providing the `newValue` or `{@link null}` if\nthe `newValue` is not being provided by a mixin.\n",
                    "type": "Ext.Class",
                    "src": {
                      "name": "0,142,31",
                      "text": "0,142,42,48:0,143,8,49",
                      "type": "0,142,14"
                    }
                  }
                ],
                "src": {
                  "name": "0,129,25",
                  "text": "0,130,8,259",
                  "type": "0,129,14"
                }
              }
            ]
          },
          {
            "$type": "methods",
            "items": [
              {
                "$type": "method",
                "name": "constructor",
                "text": "Creates new Object.\n",
                "items": [
                  {
                    "$type": "param",
                    "name": "value",
                    "optional": true,
                    "text": "The value to wrap.\n",
                    "type": "Object",
                    "src": {
                      "name": "1,40,21",
                      "text": "1,40,28,19",
                      "type": "1,40,12"
                    }
                  }
                ],
                "src": {
                  "name": "1,38,12",
                  "text": "1,39,4,20"
                }
              },
              {
                "$type": "method",
                "name": "getInternalName",
                "text": "Returns the name of the property that stores this config on the given instance or\nclass prototype.\n",
                "items": [
                  {
                    "$type": "param",
                    "name": "target",
                    "type": "Object",
                    "src": {
                      "name": "0,165,24",
                      "type": "0,165,16"
                    }
                  },
                  {
                    "$type": "return",
                    "type": "String",
                    "src": {
                      "type": "0,166,17"
                    }
                  }
                ],
                "src": {
                  "name": "0,168,0",
                  "text": "0,163,8,99"
                }
              },
              {
                "$type": "method",
                "name": "hasOwnProperty",
                "text": "Returns a boolean indicating whether an object contains the specified property as a direct property\nof that object and not inherited through the prototype chain.\n\nEvery object descended from `{@link Object}` inherits the `{@link #method!hasOwnProperty hasOwnProperty}` method. This method can be used\nto determine whether an object has the specified property as a direct property of that object;\nunlike the `in` operator, this method does not check down the object's prototype chain.\n\nThe following example determines whether the o object contains a property named prop:\n\n    o = new Object();\n    o.prop = 'exists';\n\n    function changeO() {\n        o.newprop = o.prop;\n        delete o.prop;\n    }\n\n    o.hasOwnProperty('prop');   //returns true\n    changeO();\n    o.hasOwnProperty('prop');   //returns false\n\nThe following example differentiates between direct properties and properties inherited through the\nprototype chain:\n\n    o = new Object();\n    o.prop = 'exists';\n    o.hasOwnProperty('prop');             // returns true\n    o.hasOwnProperty('toString');         // returns false\n    o.hasOwnProperty('hasOwnProperty');   // returns false\n\nThe following example shows how to iterate over the properties of an object without executing on\ninherit properties.\n\n    var buz = {\n        fog: 'stack'\n    };\n\n    for (var name in buz) {\n        if (buz.hasOwnProperty(name)) {\n            alert(\"this is fog (\" + name + \") for sure. Value: \" + buz[name]);\n        }\n        else {\n            alert(name); // toString or something else\n        }\n    }\n",
                "items": [
                  {
                    "$type": "param",
                    "name": "prop",
                    "text": "The name of the property to test.\n",
                    "type": "String",
                    "src": {
                      "name": "1,100,20",
                      "text": "1,100,25,34",
                      "type": "1,100,12"
                    }
                  },
                  {
                    "$type": "return",
                    "text": "Returns true if object contains specified property; else\nreturns false.\n",
                    "type": "Boolean",
                    "src": {
                      "text": "1,101,22,57:1,102,4,15",
                      "type": "1,101,13"
                    }
                  }
                ],
                "src": {
                  "name": "1,53,12",
                  "text": "1,54,4,1520"
                }
              },
              {
                "$type": "method",
                "name": "isPrototypeOf",
                "text": "Returns a boolean indication whether the specified object is in the prototype chain of the object\nthis method is called upon.\n\n`{@link #method!isPrototypeOf isPrototypeOf}` allows you to check whether or not an object exists within another object's\nprototype chain.\n\nFor example, consider the following prototype chain:\n\n    function Fee() {\n        // . . .\n    }\n\n    function Fi() {\n        // . . .\n    }\n    Fi.prototype = new Fee();\n\n    function Fo() {\n        // . . .\n    }\n    Fo.prototype = new Fi();\n\n    function Fum() {\n        // . . .\n    }\n    Fum.prototype = new Fo();\n\nLater on down the road, if you instantiate `Fum` and need to check if `Fi`'s prototype exists\nwithin the `Fum` prototype chain, you could do this:\n\n    var fum = new Fum();\n    . . .\n\n    if (Fi.prototype.isPrototypeOf(fum)) {\n    // do something safe\n    }\n\nThis, along with the `instanceof` operator particularly comes in handy if you have code that can\nonly function when dealing with objects descended from a specific prototype chain, e.g., to\nguarantee that certain methods or properties will be present on that object.\n",
                "items": [
                  {
                    "$type": "param",
                    "name": "prototype",
                    "text": "an object to be tested against each link in the prototype chain of the\n*object* argument\n",
                    "type": "Object",
                    "src": {
                      "name": "1,148,20",
                      "text": "1,148,30,71:1,149,4,18",
                      "type": "1,148,12"
                    }
                  },
                  {
                    "$type": "param",
                    "name": "object",
                    "text": "the object whose prototype chain will be searched\n",
                    "type": "Object",
                    "src": {
                      "name": "1,150,20",
                      "text": "1,150,27,50",
                      "type": "1,150,12"
                    }
                  },
                  {
                    "$type": "return",
                    "text": "Returns true if object is a prototype and false if not.\n",
                    "type": "Boolean",
                    "src": {
                      "text": "1,151,22,56",
                      "type": "1,151,13"
                    }
                  }
                ],
                "src": {
                  "name": "1,106,12",
                  "text": "1,107,4,1084"
                }
              },
              {
                "$type": "method",
                "access": "private",
                "name": "mergeSets",
                "since": "5.0.0",
                "text": "Merges the `newValue` and the `oldValue` assuming that these are basically objects\nthe represent sets. For example something like:\n\n     {\n         foo: true,\n         bar: true\n     }\n\nThe merge process converts arrays like the following into the above:\n\n     [ 'foo', 'bar' ]\n",
                "items": [
                  {
                    "$type": "param",
                    "name": "newValue",
                    "type": "String/String[]/Object",
                    "src": {
                      "name": "0,204,40",
                      "type": "0,204,16"
                    }
                  },
                  {
                    "$type": "param",
                    "name": "oldValue",
                    "type": "Object",
                    "src": {
                      "name": "0,205,24",
                      "type": "0,205,16"
                    }
                  },
                  {
                    "$type": "param",
                    "name": "preserveExisting",
                    "optional": true,
                    "type": "Boolean",
                    "value": "false",
                    "src": {
                      "name": "0,206,26",
                      "type": "0,206,16",
                      "value": "0,206,43"
                    }
                  },
                  {
                    "$type": "return",
                    "type": "Object",
                    "src": {
                      "type": "0,207,17"
                    }
                  }
                ],
                "src": {
                  "access": "0,208,8",
                  "name": "0,211,0",
                  "since": "0,209,15",
                  "text": "0,192,8,279"
                }
              },
              {
                "$type": "method",
                "name": "propertyIsEnumerable",
                "text": "Returns a boolean indicating if the internal ECMAScript DontEnum attribute is set.\n\nEvery object has a `{@link #method!propertyIsEnumerable propertyIsEnumerable}` method. This method can determine whether the specified\nproperty in an object can be enumerated by a `for...in` loop, with the exception of properties\ninherited through the prototype chain. If the object does not have the specified property, this\nmethod returns false.\n\nThe following example shows the use of `{@link #method!propertyIsEnumerable propertyIsEnumerable}` on objects and arrays:\n\n    var o = {};\n    var a = [];\n    o.prop = 'is enumerable';\n    a[0] = 'is enumerable';\n\n    o.propertyIsEnumerable('prop');   // returns true\n    a.propertyIsEnumerable(0);        // returns true\n\nThe following example demonstrates the enumerability of user-defined versus built-in properties:\n\n    var a = ['is enumerable'];\n\n    a.propertyIsEnumerable(0);          // returns true\n    a.propertyIsEnumerable('length');   // returns false\n\n    Math.propertyIsEnumerable('random');   // returns false\n    this.propertyIsEnumerable('Math');     // returns false\n\nDirect versus inherited properties\n\n    var a = [];\n    a.propertyIsEnumerable('constructor');         // returns false\n\n    function firstConstructor()\n    {\n        this.property = 'is not enumerable';\n    }\n    firstConstructor.prototype.firstMethod = function () {};\n\n    function secondConstructor()\n    {\n        this.method = function method() { return 'is enumerable'; };\n    }\n\n    secondConstructor.prototype = new firstConstructor;\n    secondConstructor.prototype.constructor = secondConstructor;\n\n    var o = new secondConstructor();\n    o.arbitraryProperty = 'is enumerable';\n\n    o.propertyIsEnumerable('arbitraryProperty');   // returns true\n    o.propertyIsEnumerable('method');              // returns true\n    o.propertyIsEnumerable('property');            // returns false\n\n    o.property = 'is enumerable';\n\n    o.propertyIsEnumerable('property');            // returns true\n\n    // These return false as they are on the prototype which\n    // propertyIsEnumerable does not consider (even though the last two\n    // are iteratable with for-in)\n    o.propertyIsEnumerable('prototype'); // returns false (as of JS 1.8.1/FF3.6)\n    o.propertyIsEnumerable('constructor'); // returns false\n    o.propertyIsEnumerable('firstMethod'); // returns false\n",
                "items": [
                  {
                    "$type": "param",
                    "name": "prop",
                    "text": "The name of the property to test.\n",
                    "type": "String",
                    "src": {
                      "name": "1,220,20",
                      "text": "1,220,25,34",
                      "type": "1,220,12"
                    }
                  },
                  {
                    "$type": "return",
                    "text": "If the object does not have the specified property, this\nmethod returns false.\n",
                    "type": "Boolean",
                    "src": {
                      "text": "1,221,22,57:1,222,4,22",
                      "type": "1,221,13"
                    }
                  }
                ],
                "src": {
                  "name": "1,155,12",
                  "text": "1,156,4,2313"
                }
              },
              {
                "$type": "method",
                "name": "toLocaleString",
                "text": "Returns a string representing the object. This method is meant to be overridden by derived objects\nfor locale-specific purposes.\n\n`{@link Object}`'s `{@link #method!toLocaleString toLocaleString}` returns the result of calling `{@link #method!toString toString}`.\n\nThis function is provided to give objects a generic `{@link #method!toLocaleString toLocaleString}` method, even though not all\nmay use it. Currently, only `{@link Array}`, `{@link Number}`, and `{@link Date}` override `{@link #method!toLocaleString toLocaleString}`.\n",
                "items": [
                  {
                    "$type": "return",
                    "text": "Object represented as a string.\n",
                    "type": "String",
                    "src": {
                      "text": "1,235,21,32",
                      "type": "1,235,13"
                    }
                  }
                ],
                "src": {
                  "name": "1,226,12",
                  "text": "1,227,4,384"
                }
              },
              {
                "$type": "method",
                "name": "toString",
                "text": "Returns a string representation of the object.\n\nEvery object has a `toString()` method that is automatically called when the object is to be\nrepresented as a text value or when an object is referred to in a manner in which a string is\nexpected. By default, the `toString()` method is inherited by every object descended from `{@link Object}`.\nIf this method is not overridden in a custom object, `toString()` returns \"[object type]\", where\n`type` is the object type. The following code illustrates this:\n\n    var o = new Object();\n    o.toString();           // returns [object Object]\n\nYou can create a function to be called in place of the default `toString()` method. The\n`toString()` method takes no arguments and should return a string. The `toString()` method you\ncreate can be any value you want, but it will be most useful if it carries information about the\nobject.\n\nThe following code defines the `Dog` object type and creates `theDog`, an object of type `Dog`:\n\n    function Dog(name,breed,color,sex) {\n        this.name=name;\n        this.breed=breed;\n        this.color=color;\n        this.sex=sex;\n    }\n\n    theDog = new Dog(\"Gabby\",\"Lab\",\"chocolate\",\"female\");\n\nIf you call the `toString()` method on this custom object, it returns the default value inherited\nfrom `{@link Object}`:\n\n    theDog.toString(); //returns [object Object]\n\nThe following code creates and assigns `dogToString()` to override the default `toString()` method.\nThis function generates a string containing the name, breed, color, and sex of the object, in the\nform `\"property = value;\"`.\n\n    Dog.prototype.toString = function dogToString() {\n        var ret = \"Dog \" + this.name + \" is a \" + this.sex + \" \" + this.color + \" \" + this.breed;\n        return ret;\n    }\n\nWith the preceding code in place, any time theDog is used in a string context, JavaScript\nautomatically calls the `dogToString()` function, which returns the following string:\n\n    Dog Gabby is a female chocolate Lab\n\n`toString()` can be used with every object and allows you to get its class. To use the\n`Object.prototype.toString()` with every object, you need to call `Function.prototype.call()` or\n`Function.prototype.apply()` on it, passing the object you want to inspect as the first parameter\ncalled `thisArg`.\n\n    var toString = Object.prototype.toString;\n\n    toString.call(new Date); // [object Date]\n    toString.call(new String); // [object String]\n    toString.call(Math); // [object Math]\n",
                "items": [
                  {
                    "$type": "return",
                    "text": "Object represented as a string.\n",
                    "type": "String",
                    "src": {
                      "text": "1,297,21,32",
                      "type": "1,297,13"
                    }
                  }
                ],
                "src": {
                  "name": "1,239,12",
                  "text": "1,240,4,2445"
                }
              },
              {
                "$type": "method",
                "name": "valueOf",
                "text": "Returns the primitive value of the specified object.\n\nJavaScript calls the `{@link #method!valueOf valueOf}` method to convert an object to a primitive value. You rarely need to\ninvoke the `{@link #method!valueOf valueOf}` method yourself; JavaScript automatically invokes it when encountering an\nobject where a primitive value is expected.\n\nBy default, the `{@link #method!valueOf valueOf}` method is inherited by every object descended from `{@link Object}`. Every built-\nin core object overrides this method to return an appropriate value. If an object has no primitive\nvalue, `{@link #method!valueOf valueOf}` returns the object itself, which is displayed as:\n\n    [object Object]\n\nYou can use `{@link #method!valueOf valueOf}` within your own code to convert a built-in object into a primitive value.\nWhen you create a custom object, you can override `Object.valueOf` to call a custom method instead\nof the default `{@link Object}` method.\n\nYou can create a function to be called in place of the default `{@link #method!valueOf valueOf}` method. Your function must\ntake no arguments.\n\nSuppose you have an object type `myNumberType` and you want to create a `{@link #method!valueOf valueOf}` method for it.\nThe following code assigns a user-defined function to the object's valueOf method:\n\n    myNumberType.prototype.valueOf = new Function(functionText)\n\nWith the preceding code in place, any time an object of type `myNumberType` is used in a context\nwhere it is to be represented as a primitive value, JavaScript automatically calls the function\ndefined in the preceding code.\n\nAn object's `{@link #method!valueOf valueOf}` method is usually invoked by JavaScript, but you can invoke it yourself as\nfollows:\n\n    myNumber.valueOf()\n\nNote: Objects in string contexts convert via the `{@link #method!toString toString}` method, which is different from\n`{@link String}` objects converting to string primitives using `{@link #method!valueOf valueOf}`. All objects have a string\nconversion, if only `\"[object type]\"`. But many objects do not convert to number, boolean, or\nfunction.\n",
                "items": [
                  {
                    "$type": "return",
                    "text": "Returns value of the object or the object itself.\n",
                    "type": "Object",
                    "src": {
                      "text": "1,340,21,50",
                      "type": "1,340,13"
                    }
                  }
                ],
                "src": {
                  "name": "1,301,12",
                  "text": "1,302,4,1821"
                }
              }
            ]
          },
          {
            "$type": "properties",
            "items": [
              {
                "$type": "property",
                "name": "constructor",
                "text": " Specifies the function that creates an object's prototype.\n\n Returns a reference to the Object function that created the instance's prototype. Note that the\n value of this property is a reference to the function itself, not a string containing the\n function's name, but it isn't read only (except for primitive Boolean, Number or String values: 1,\n true, \"read-only\").\n\n All objects inherit a `constructor` property from their `{@link #property!prototype prototype}`:\n\n     o = new Object // or o = {} in JavaScript 1.2\n     o.constructor == Object\n     a = new Array // or a = [] in JavaScript 1.2\n     a.constructor == Array\n     n = new Number(3)\n     n.constructor == Number\n\n Even though you cannot construct most HTML objects, you can do comparisons. For example,\n\n     document.constructor == Document\n     document.form3.constructor == Form\n\n The following example creates a prototype, `Tree`, and an object of that type, theTree. The example then displays the `constructor` property for the object `theTree`.\n\n     function Tree(name) {\n         this.name = name;\n     }\n     theTree = new Tree(\"Redwood\");\n     console.log(\"theTree.constructor is \" + theTree.constructor);\n\n This example displays the following output:\n\n     theTree.constructor is function Tree(name) {\n         this.name = name;\n     }\n\n The following example shows how to modify constructor value of generic objects. Only true, 1 and\n \"test\" variable constructors will not be changed. This example explains that is not always so safe\n to believe in constructor function.\n\n     function Type(){};\n     var\ttypes = [\n \t    new Array,\t[],\n\t    new Boolean,\ttrue,\n\t    new Date,\n\t    new Error,\n\t    new Function,\tfunction(){},\n\t    Math,\n\t    new Number,\t1,\n\t    new Object,\t{},\n\t    new RegExp,\t/(?:)/,\n\t    new String,\t\"test\"\n     ];\n     for(var i = 0; i < types.length; i++){\n         types[i].constructor = Type;\n         types[i] = [types[i].constructor, types[i] instanceof Type, types[i].toString()];\n     };\n     alert(types.join(\"\\n\"));\n",
                "src": {
                  "name": "1,346,14",
                  "text": "1,347,3,1996"
                }
              },
              {
                "$type": "property",
                "access": "private",
                "name": "name",
                "readonly": true,
                "since": "5.0.0",
                "text": "The name of this config property.\n",
                "type": "String",
                "src": {
                  "access": "0,43,8",
                  "name": "0,40,27",
                  "readonly": "0,42,8",
                  "since": "0,44,15",
                  "text": "0,41,8,34",
                  "type": "0,40,19"
                }
              },
              {
                "$type": "property",
                "access": "private",
                "name": "names",
                "readonly": true,
                "since": "5.0.0",
                "text": "This object holds the cached names used to lookup properties or methods for this\nconfig property. The properties of this object are explained in the context of an\nexample property named \"foo\".\n",
                "type": "Object",
                "items": [
                  {
                    "$type": "property",
                    "name": "internal",
                    "text": "The default backing property (\"_foo\").\n",
                    "type": "String",
                    "src": {
                      "name": "0,54,33",
                      "text": "0,54,42,39",
                      "type": "0,54,19"
                    }
                  },
                  {
                    "$type": "property",
                    "name": "initializing",
                    "text": "The property that is `true` when the config\nis being initialized (\"isFooInitializing\").\n",
                    "type": "String",
                    "src": {
                      "name": "0,56,33",
                      "text": "0,56,46,44:0,57,8,45",
                      "type": "0,56,19"
                    }
                  },
                  {
                    "$type": "property",
                    "name": "apply",
                    "text": "The name of the applier method (\"applyFoo\").\n",
                    "type": "String",
                    "src": {
                      "name": "0,59,33",
                      "text": "0,59,39,45",
                      "type": "0,59,19"
                    }
                  },
                  {
                    "$type": "property",
                    "name": "update",
                    "text": "The name of the updater method (\"updateFoo\").\n",
                    "type": "String",
                    "src": {
                      "name": "0,61,33",
                      "text": "0,61,40,46",
                      "type": "0,61,19"
                    }
                  },
                  {
                    "$type": "property",
                    "name": "get",
                    "text": "The name of the getter method (\"getFoo\").\n",
                    "type": "String",
                    "src": {
                      "name": "0,63,33",
                      "text": "0,63,37,42",
                      "type": "0,63,19"
                    }
                  },
                  {
                    "$type": "property",
                    "name": "set",
                    "text": "The name of the setter method (\"setFoo\").\n",
                    "type": "String",
                    "src": {
                      "name": "0,65,33",
                      "text": "0,65,37,42",
                      "type": "0,65,19"
                    }
                  },
                  {
                    "$type": "property",
                    "name": "initGet",
                    "text": "The name of the initializing getter (\"initGetFoo\").\n",
                    "type": "String",
                    "src": {
                      "name": "0,67,33",
                      "text": "0,67,41,52",
                      "type": "0,67,19"
                    }
                  },
                  {
                    "$type": "property",
                    "name": "changeEvent",
                    "text": "The name of the change event (\"foochange\").\n",
                    "type": "String",
                    "src": {
                      "name": "0,69,33",
                      "text": "0,69,45,44",
                      "type": "0,69,19"
                    }
                  }
                ],
                "src": {
                  "access": "0,72,8",
                  "name": "0,49,27",
                  "readonly": "0,71,8",
                  "since": "0,73,15",
                  "text": "0,50,8,194",
                  "type": "0,49,19"
                }
              },
              {
                "$type": "property",
                "name": "prototype",
                "text": "Allows the addition of properties to all objects of type Object.\n",
                "src": {
                  "name": "1,46,14",
                  "text": "1,47,4,65"
                }
              }
            ]
          }
        ],
        "src": {
          "access": "0,30,4",
          "name": "0,2,11",
          "text": "0,3,4,853"
        }
      }
    ]
  },
  "version": 1
}