{
  "$type": "doxi",
  "files": [
    "../../../ext/classic/classic/src/enums.js",
    "../../../ext/classic/classic/src/layout/container/Center.js",
    "../../../ext/packages/ux/classic/src/layout/ResponsiveColumn.js",
    "../../../ext/classic/classic/src/layout/container/Dashboard.js",
    "../../../ext/classic/classic/src/layout/container/Form.js",
    "../../../ext/classic/classic/src/layout/component/field/HtmlEditor.js",
    "../../../ext/classic/classic/src/layout/container/Container.js",
    "../../../ext/classic/classic/src/layout/container/SegmentedButton.js",
    "../../../ext/classic/classic/src/grid/ColumnLayout.js",
    "../../../ext/classic/classic/src/layout/component/Body.js",
    "../../../ext/classic/classic/src/layout/container/Auto.js",
    "../../../ext/classic/classic/src/layout/container/VBox.js",
    "../../../ext/classic/classic/src/layout/container/CheckboxGroup.js",
    "../../../ext/classic/classic/src/layout/component/FieldSet.js",
    "../../../ext/classic/classic/src/grid/ColumnComponentLayout.js",
    "../../../ext/classic/classic/src/layout/container/Box.js",
    "../../../ext/classic/classic/src/layout/container/Table.js",
    "../../../ext/classic/classic/src/layout/component/Auto.js",
    "../../../ext/classic/classic/src/view/TableLayout.js",
    "../../../ext/classic/classic/src/layout/container/HBox.js",
    "../../../ext/classic/classic/src/layout/container/Accordion.js",
    "../../../ext/classic/classic/src/layout/container/Column.js",
    "../../../ext/classic/classic/src/layout/container/Anchor.js",
    "../../../ext/classic/classic/src/layout/container/Card.js",
    "../../../ext/classic/classic/src/layout/component/field/FieldContainer.js",
    "../../../ext/classic/classic/src/layout/container/Border.js",
    "../../../ext/classic/classic/src/layout/container/Editor.js",
    "../../../ext/classic/classic/src/layout/container/Fit.js",
    "../../../ext/classic/classic/src/layout/container/Absolute.js",
    "../../../ext/classic/classic/src/layout/component/ProgressBar.js",
    "../../../ext/classic/classic/src/layout/component/Dock.js",
    "../../../ext/classic/classic/src/layout/component/BoundList.js"
  ],
  "global": {
    "$type": "namespace",
    "items": [
      {
        "$type": "enum",
        "aliasPrefix": "layout.",
        "name": "Ext.enums.Layout",
        "text": "Enumeration of all layout types.\n",
        "items": [
          {
            "$type": "properties",
            "items": [
              {
                "$type": "property",
                "name": "ux.center",
                "text": "Alias for `{@link Ext.layout.container.Center}`",
                "type": "String",
                "src": {
                  "name": "1,39,0"
                }
              },
              {
                "$type": "property",
                "name": "responsivecolumn",
                "text": "Alias for `{@link Ext.ux.layout.ResponsiveColumn}`",
                "type": "String",
                "src": {
                  "name": "2,57,0"
                }
              },
              {
                "$type": "property",
                "name": "dashboard",
                "text": "Alias for `{@link Ext.layout.container.Dashboard}`",
                "type": "String",
                "src": {
                  "name": "3,8,0"
                }
              },
              {
                "$type": "property",
                "name": "form",
                "text": "Alias for `{@link Ext.layout.container.Form}`",
                "type": "String",
                "src": {
                  "name": "4,49,0"
                }
              },
              {
                "$type": "property",
                "name": "htmleditor",
                "text": "Alias for `{@link Ext.layout.component.field.HtmlEditor}`",
                "type": "String",
                "src": {
                  "name": "5,7,0"
                }
              },
              {
                "$type": "property",
                "name": "container",
                "text": "Alias for `{@link Ext.layout.container.Container}`",
                "type": "String",
                "src": {
                  "name": "6,8,0"
                }
              },
              {
                "$type": "property",
                "name": "segmentedbutton",
                "text": "Alias for `{@link Ext.layout.container.SegmentedButton}`",
                "type": "String",
                "src": {
                  "name": "7,7,0"
                }
              },
              {
                "$type": "property",
                "name": "gridcolumn",
                "text": "Alias for `{@link Ext.grid.ColumnLayout}`",
                "type": "String",
                "src": {
                  "name": "8,14,0"
                }
              },
              {
                "$type": "property",
                "name": "body",
                "text": "Alias for `{@link Ext.layout.component.Body}`",
                "type": "String",
                "src": {
                  "name": "9,10,0"
                }
              },
              {
                "$type": "property",
                "name": "auto",
                "text": "Alias for `{@link Ext.layout.container.Auto}`",
                "type": "String",
                "src": {
                  "name": "10,33,0"
                }
              },
              {
                "$type": "property",
                "name": "vbox",
                "text": "Alias for `{@link Ext.layout.container.VBox}`",
                "type": "String",
                "src": {
                  "name": "11,125,0"
                }
              },
              {
                "$type": "property",
                "name": "checkboxgroup",
                "text": "Alias for `{@link Ext.layout.container.CheckboxGroup}`",
                "type": "String",
                "src": {
                  "name": "12,8,0"
                }
              },
              {
                "$type": "property",
                "name": "fieldset",
                "text": "Alias for `{@link Ext.layout.component.FieldSet}`",
                "type": "String",
                "src": {
                  "name": "13,7,0"
                }
              },
              {
                "$type": "property",
                "name": "columncomponent",
                "text": "Alias for `{@link Ext.grid.ColumnComponentLayout}`",
                "type": "String",
                "src": {
                  "name": "14,7,0"
                }
              },
              {
                "$type": "property",
                "name": "box",
                "text": "Alias for `{@link Ext.layout.container.Box}`",
                "type": "String",
                "src": {
                  "name": "15,7,0"
                }
              },
              {
                "$type": "property",
                "name": "table",
                "text": "Alias for `{@link Ext.layout.container.Table}`",
                "type": "String",
                "src": {
                  "name": "16,58,0"
                }
              },
              {
                "$type": "property",
                "name": "autocomponent",
                "text": "Alias for `{@link Ext.layout.component.Auto}`",
                "type": "String",
                "src": {
                  "name": "17,43,0"
                }
              },
              {
                "$type": "property",
                "name": "tableview",
                "text": "Alias for `{@link Ext.view.TableLayout}`",
                "type": "String",
                "src": {
                  "name": "18,9,0"
                }
              },
              {
                "$type": "property",
                "name": "center",
                "text": "Alias for `{@link Ext.layout.container.Center}`",
                "type": "String",
                "src": {
                  "name": "1,38,0"
                }
              },
              {
                "$type": "property",
                "name": "hbox",
                "text": "Alias for `{@link Ext.layout.container.HBox}`",
                "type": "String",
                "src": {
                  "name": "19,120,0"
                }
              },
              {
                "$type": "property",
                "name": "accordion",
                "text": "Alias for `{@link Ext.layout.container.Accordion}`",
                "type": "String",
                "src": {
                  "name": "20,39,0"
                }
              },
              {
                "$type": "property",
                "name": "column",
                "text": "Alias for `{@link Ext.layout.container.Column}`",
                "type": "String",
                "src": {
                  "name": "21,70,0"
                }
              },
              {
                "$type": "property",
                "name": "anchor",
                "text": "Alias for `{@link Ext.layout.container.Anchor}`",
                "type": "String",
                "src": {
                  "name": "22,47,0"
                }
              },
              {
                "$type": "property",
                "name": "card",
                "text": "Alias for `{@link Ext.layout.container.Card}`",
                "type": "String",
                "src": {
                  "name": "23,130,0"
                }
              },
              {
                "$type": "property",
                "name": "fieldcontainer",
                "text": "Alias for `{@link Ext.layout.component.field.FieldContainer}`",
                "type": "String",
                "src": {
                  "name": "24,10,0"
                }
              },
              {
                "$type": "property",
                "name": "border",
                "text": "Alias for `{@link Ext.layout.container.Border}`",
                "type": "String",
                "src": {
                  "name": "25,66,0"
                }
              },
              {
                "$type": "property",
                "name": "editor",
                "text": "Alias for `{@link Ext.layout.container.Editor}`",
                "type": "String",
                "src": {
                  "name": "26,9,0"
                }
              },
              {
                "$type": "property",
                "name": "fit",
                "text": "Alias for `{@link Ext.layout.container.Fit}`",
                "type": "String",
                "src": {
                  "name": "27,35,0"
                }
              },
              {
                "$type": "property",
                "name": "absolute",
                "text": "Alias for `{@link Ext.layout.container.Absolute}`",
                "type": "String",
                "src": {
                  "name": "28,54,0"
                }
              },
              {
                "$type": "property",
                "name": "progressbar",
                "text": "Alias for `{@link Ext.layout.component.ProgressBar}`",
                "type": "String",
                "src": {
                  "name": "29,8,0"
                }
              },
              {
                "$type": "property",
                "name": "dock",
                "text": "Alias for `{@link Ext.layout.component.Dock}`",
                "type": "String",
                "src": {
                  "name": "30,14,0"
                }
              },
              {
                "$type": "property",
                "name": "boundlist",
                "text": "Alias for `{@link Ext.layout.component.BoundList}`",
                "type": "String",
                "src": {
                  "name": "31,7,0"
                }
              },
              {
                "$type": "property",
                "name": "autocontainer",
                "text": "Alias for `{@link Ext.layout.container.Auto}`",
                "type": "String",
                "src": {
                  "name": "10,33,0"
                }
              }
            ]
          }
        ],
        "src": {
          "aliasPrefix": "0,6,28",
          "name": "0,6,11",
          "text": "0,7,4,33"
        }
      }
    ]
  },
  "version": 1
}