{
  "$type": "doxi",
  "files": [
    "../../../packages/exporter/src/exporter/Excel.js",
    "../../../packages/exporter/src/exporter/Base.js",
    "../../../../docs/docs/js/primitives/Object.js",
    "../../../ext/packages/core/src/mixin/Factoryable.js"
  ],
  "global": {
    "$type": "namespace",
    "items": [
      {
        "$type": "class",
        "alias": "exporter.excel",
        "extended": "Ext.exporter.Base,Object",
        "extends": "Ext.exporter.Base",
        "name": "Ext.exporter.Excel",
        "requires": "Ext.exporter.file.excel.Workbook",
        "text": "This exporter produces XML Excel files for the supplied data.\n",
        "items": [
          {
            "$type": "configs",
            "items": [
              {
                "$type": "property",
                "name": "author",
                "optional": true,
                "text": "\nThe author that generated the file.\n",
                "type": "String",
                "value": "\"Sencha\"",
                "src": {
                  "name": "1,78,27",
                  "text": "1,79,12,37",
                  "type": "1,78,18",
                  "value": "1,78,34"
                }
              },
              {
                "$type": "property",
                "name": "charset",
                "optional": true,
                "text": "\nFile's charset\n",
                "type": "String",
                "value": "\"UTF-8\"",
                "src": {
                  "name": "1,92,27",
                  "text": "1,93,12,16",
                  "type": "1,92,18",
                  "value": "1,92,35"
                }
              },
              {
                "$type": "property",
                "name": "data",
                "text": "(required)\n\nData to be consumed by the exporter should look like this:\n\n     {\n         columns: [{\n             text: 'First column'\n         },{\n             text: 'Second column',\n             columns: [{ // columns is optional\n                 text: '2nd column 1'\n             },{\n                 text: '2nd column 2'\n             }]\n         }],\n\n         groups: [{\n             // if the first level group is missing then the exported document will\n             // only contain column headers and no data\n\n             text: '1st level group', // text is optional; hidden when missing.\n             rows: [\n                 [1.23, 4.65, 3.23],\n                 [10.23, 7.45, 7.93]\n             ],\n             summary: [11.46, 14.10, 11.16] // summary is optional; hidden when missing.\n\n             groups: [{ // groups is optional; hidden when missing;\n                 text: '2nd level group',\n                 rows: [...],\n                 summary: [...],\n\n                 groups: [...]\n             }]\n         }]\n     }\n",
                "type": "Object",
                "src": {
                  "name": "1,25,26",
                  "text": "1,25,31,11:1,26,12,1026",
                  "type": "1,25,18"
                }
              },
              {
                "$type": "property",
                "name": "defaultStyle",
                "text": "\nDefault style applied to all cells\n",
                "type": "Ext.exporter.file.excel.Style",
                "src": {
                  "name": "0,43,49",
                  "text": "0,44,12,36",
                  "type": "0,43,18"
                }
              },
              {
                "$type": "property",
                "name": "fileName",
                "optional": true,
                "text": "\nName of the saved file\n",
                "type": "String",
                "value": "\"export.txt\"",
                "src": {
                  "name": "1,85,27",
                  "text": "1,86,12,24",
                  "type": "1,85,18",
                  "value": "1,85,36"
                }
              },
              {
                "$type": "property",
                "name": "groupFooterStyle",
                "text": "\nDefault style applied to the group footers\n",
                "type": "Ext.exporter.file.excel.Style",
                "src": {
                  "name": "0,94,49",
                  "text": "0,95,12,44",
                  "type": "0,94,18"
                }
              },
              {
                "$type": "property",
                "name": "groupHeaderStyle",
                "text": "\nDefault style applied to the group headers\n",
                "type": "Ext.exporter.file.excel.Style",
                "src": {
                  "name": "0,79,49",
                  "text": "0,80,12,44",
                  "type": "0,79,18"
                }
              },
              {
                "$type": "property",
                "name": "protectStructure",
                "text": "\nProtect structure\n",
                "type": "Boolean",
                "src": {
                  "name": "0,29,27",
                  "text": "0,30,12,19",
                  "type": "0,29,18"
                }
              },
              {
                "$type": "property",
                "name": "protectWindows",
                "text": "\nProtect windows\n",
                "type": "Boolean",
                "src": {
                  "name": "0,36,27",
                  "text": "0,37,12,17",
                  "type": "0,36,18"
                }
              },
              {
                "$type": "property",
                "name": "showSummary",
                "optional": true,
                "text": "\nShould group summaries be shown? The data this exporter can consume\nmay contain group summaries.\n",
                "type": "Boolean",
                "value": "true",
                "src": {
                  "name": "1,65,28",
                  "text": "1,66,12,98",
                  "type": "1,65,18",
                  "value": "1,65,40"
                }
              },
              {
                "$type": "property",
                "name": "tableHeaderStyle",
                "text": "\nDefault style applied to the table headers\n",
                "type": "Ext.exporter.file.excel.Style",
                "src": {
                  "name": "0,109,49",
                  "text": "0,110,12,44",
                  "type": "0,109,18"
                }
              },
              {
                "$type": "property",
                "name": "title",
                "optional": true,
                "text": "\nTitle displayed above the table. Hidden when empty\n",
                "type": "String",
                "value": "\"\"",
                "src": {
                  "name": "1,72,27",
                  "text": "1,73,12,52",
                  "type": "1,72,18",
                  "value": "1,72,33"
                }
              },
              {
                "$type": "property",
                "name": "titleStyle",
                "text": "\nDefault style applied to the title\n",
                "type": "Ext.exporter.file.excel.Style",
                "src": {
                  "name": "0,60,49",
                  "text": "0,61,12,36",
                  "type": "0,60,18"
                }
              },
              {
                "$type": "property",
                "name": "windowHeight",
                "text": "\nExcel window height\n",
                "type": "Number",
                "src": {
                  "name": "0,15,26",
                  "text": "0,16,12,21",
                  "type": "0,15,18"
                }
              },
              {
                "$type": "property",
                "name": "windowWidth",
                "text": "\nExcel window width\n",
                "type": "Number",
                "src": {
                  "name": "0,22,26",
                  "text": "0,23,12,20",
                  "type": "0,22,18"
                }
              }
            ]
          },
          {
            "$type": "methods",
            "items": [
              {
                "$type": "method",
                "name": "constructor",
                "text": "Creates new Object.\n",
                "items": [
                  {
                    "$type": "param",
                    "name": "value",
                    "optional": true,
                    "text": "The value to wrap.\n",
                    "type": "Object",
                    "src": {
                      "name": "2,40,21",
                      "text": "2,40,28,19",
                      "type": "2,40,12"
                    }
                  }
                ],
                "src": {
                  "name": "2,38,12",
                  "text": "2,39,4,20"
                }
              },
              {
                "$type": "method",
                "name": "getColumnCount",
                "text": "Returns the number of columns available in the provided `columns` array.\nIt will parse the whole tree structure to count the bottom level columns too.\n",
                "items": [
                  {
                    "$type": "param",
                    "name": "columns",
                    "src": {
                      "name": "1,120,15"
                    }
                  },
                  {
                    "$type": "return",
                    "type": "Number",
                    "src": {
                      "type": "1,121,18"
                    }
                  }
                ],
                "src": {
                  "name": "1,123,0",
                  "text": "1,117,8,152"
                }
              },
              {
                "$type": "method",
                "name": "hasOwnProperty",
                "text": "Returns a boolean indicating whether an object contains the specified property as a direct property\nof that object and not inherited through the prototype chain.\n\nEvery object descended from `{@link Object}` inherits the `{@link #method!hasOwnProperty hasOwnProperty}` method. This method can be used\nto determine whether an object has the specified property as a direct property of that object;\nunlike the `in` operator, this method does not check down the object's prototype chain.\n\nThe following example determines whether the o object contains a property named prop:\n\n    o = new Object();\n    o.prop = 'exists';\n\n    function changeO() {\n        o.newprop = o.prop;\n        delete o.prop;\n    }\n\n    o.hasOwnProperty('prop');   //returns true\n    changeO();\n    o.hasOwnProperty('prop');   //returns false\n\nThe following example differentiates between direct properties and properties inherited through the\nprototype chain:\n\n    o = new Object();\n    o.prop = 'exists';\n    o.hasOwnProperty('prop');             // returns true\n    o.hasOwnProperty('toString');         // returns false\n    o.hasOwnProperty('hasOwnProperty');   // returns false\n\nThe following example shows how to iterate over the properties of an object without executing on\ninherit properties.\n\n    var buz = {\n        fog: 'stack'\n    };\n\n    for (var name in buz) {\n        if (buz.hasOwnProperty(name)) {\n            alert(\"this is fog (\" + name + \") for sure. Value: \" + buz[name]);\n        }\n        else {\n            alert(name); // toString or something else\n        }\n    }\n",
                "items": [
                  {
                    "$type": "param",
                    "name": "prop",
                    "text": "The name of the property to test.\n",
                    "type": "String",
                    "src": {
                      "name": "2,100,20",
                      "text": "2,100,25,34",
                      "type": "2,100,12"
                    }
                  },
                  {
                    "$type": "return",
                    "text": "Returns true if object contains specified property; else\nreturns false.\n",
                    "type": "Boolean",
                    "src": {
                      "text": "2,101,22,57:2,102,4,15",
                      "type": "2,101,13"
                    }
                  }
                ],
                "src": {
                  "name": "2,53,12",
                  "text": "2,54,4,1520"
                }
              },
              {
                "$type": "method",
                "name": "isPrototypeOf",
                "text": "Returns a boolean indication whether the specified object is in the prototype chain of the object\nthis method is called upon.\n\n`{@link #method!isPrototypeOf isPrototypeOf}` allows you to check whether or not an object exists within another object's\nprototype chain.\n\nFor example, consider the following prototype chain:\n\n    function Fee() {\n        // . . .\n    }\n\n    function Fi() {\n        // . . .\n    }\n    Fi.prototype = new Fee();\n\n    function Fo() {\n        // . . .\n    }\n    Fo.prototype = new Fi();\n\n    function Fum() {\n        // . . .\n    }\n    Fum.prototype = new Fo();\n\nLater on down the road, if you instantiate `Fum` and need to check if `Fi`'s prototype exists\nwithin the `Fum` prototype chain, you could do this:\n\n    var fum = new Fum();\n    . . .\n\n    if (Fi.prototype.isPrototypeOf(fum)) {\n    // do something safe\n    }\n\nThis, along with the `instanceof` operator particularly comes in handy if you have code that can\nonly function when dealing with objects descended from a specific prototype chain, e.g., to\nguarantee that certain methods or properties will be present on that object.\n",
                "items": [
                  {
                    "$type": "param",
                    "name": "prototype",
                    "text": "an object to be tested against each link in the prototype chain of the\n*object* argument\n",
                    "type": "Object",
                    "src": {
                      "name": "2,148,20",
                      "text": "2,148,30,71:2,149,4,18",
                      "type": "2,148,12"
                    }
                  },
                  {
                    "$type": "param",
                    "name": "object",
                    "text": "the object whose prototype chain will be searched\n",
                    "type": "Object",
                    "src": {
                      "name": "2,150,20",
                      "text": "2,150,27,50",
                      "type": "2,150,12"
                    }
                  },
                  {
                    "$type": "return",
                    "text": "Returns true if object is a prototype and false if not.\n",
                    "type": "Boolean",
                    "src": {
                      "text": "2,151,22,56",
                      "type": "2,151,13"
                    }
                  }
                ],
                "src": {
                  "name": "2,106,12",
                  "text": "2,107,4,1084"
                }
              },
              {
                "$type": "method",
                "name": "propertyIsEnumerable",
                "text": "Returns a boolean indicating if the internal ECMAScript DontEnum attribute is set.\n\nEvery object has a `{@link #method!propertyIsEnumerable propertyIsEnumerable}` method. This method can determine whether the specified\nproperty in an object can be enumerated by a `for...in` loop, with the exception of properties\ninherited through the prototype chain. If the object does not have the specified property, this\nmethod returns false.\n\nThe following example shows the use of `{@link #method!propertyIsEnumerable propertyIsEnumerable}` on objects and arrays:\n\n    var o = {};\n    var a = [];\n    o.prop = 'is enumerable';\n    a[0] = 'is enumerable';\n\n    o.propertyIsEnumerable('prop');   // returns true\n    a.propertyIsEnumerable(0);        // returns true\n\nThe following example demonstrates the enumerability of user-defined versus built-in properties:\n\n    var a = ['is enumerable'];\n\n    a.propertyIsEnumerable(0);          // returns true\n    a.propertyIsEnumerable('length');   // returns false\n\n    Math.propertyIsEnumerable('random');   // returns false\n    this.propertyIsEnumerable('Math');     // returns false\n\nDirect versus inherited properties\n\n    var a = [];\n    a.propertyIsEnumerable('constructor');         // returns false\n\n    function firstConstructor()\n    {\n        this.property = 'is not enumerable';\n    }\n    firstConstructor.prototype.firstMethod = function () {};\n\n    function secondConstructor()\n    {\n        this.method = function method() { return 'is enumerable'; };\n    }\n\n    secondConstructor.prototype = new firstConstructor;\n    secondConstructor.prototype.constructor = secondConstructor;\n\n    var o = new secondConstructor();\n    o.arbitraryProperty = 'is enumerable';\n\n    o.propertyIsEnumerable('arbitraryProperty');   // returns true\n    o.propertyIsEnumerable('method');              // returns true\n    o.propertyIsEnumerable('property');            // returns false\n\n    o.property = 'is enumerable';\n\n    o.propertyIsEnumerable('property');            // returns true\n\n    // These return false as they are on the prototype which\n    // propertyIsEnumerable does not consider (even though the last two\n    // are iteratable with for-in)\n    o.propertyIsEnumerable('prototype'); // returns false (as of JS 1.8.1/FF3.6)\n    o.propertyIsEnumerable('constructor'); // returns false\n    o.propertyIsEnumerable('firstMethod'); // returns false\n",
                "items": [
                  {
                    "$type": "param",
                    "name": "prop",
                    "text": "The name of the property to test.\n",
                    "type": "String",
                    "src": {
                      "name": "2,220,20",
                      "text": "2,220,25,34",
                      "type": "2,220,12"
                    }
                  },
                  {
                    "$type": "return",
                    "text": "If the object does not have the specified property, this\nmethod returns false.\n",
                    "type": "Boolean",
                    "src": {
                      "text": "2,221,22,57:2,222,4,22",
                      "type": "2,221,13"
                    }
                  }
                ],
                "src": {
                  "name": "2,155,12",
                  "text": "2,156,4,2313"
                }
              },
              {
                "$type": "method",
                "name": "saveAs",
                "text": "Save the file on user's machine using the content generated by this exporter.\n",
                "src": {
                  "name": "1,112,0",
                  "text": "1,110,8,78"
                }
              },
              {
                "$type": "method",
                "name": "toLocaleString",
                "text": "Returns a string representing the object. This method is meant to be overridden by derived objects\nfor locale-specific purposes.\n\n`{@link Object}`'s `{@link #method!toLocaleString toLocaleString}` returns the result of calling `{@link #method!toString toString}`.\n\nThis function is provided to give objects a generic `{@link #method!toLocaleString toLocaleString}` method, even though not all\nmay use it. Currently, only `{@link Array}`, `{@link Number}`, and `{@link Date}` override `{@link #method!toLocaleString toLocaleString}`.\n",
                "items": [
                  {
                    "$type": "return",
                    "text": "Object represented as a string.\n",
                    "type": "String",
                    "src": {
                      "text": "2,235,21,32",
                      "type": "2,235,13"
                    }
                  }
                ],
                "src": {
                  "name": "2,226,12",
                  "text": "2,227,4,384"
                }
              },
              {
                "$type": "method",
                "name": "toString",
                "text": "Returns a string representation of the object.\n\nEvery object has a `toString()` method that is automatically called when the object is to be\nrepresented as a text value or when an object is referred to in a manner in which a string is\nexpected. By default, the `toString()` method is inherited by every object descended from `{@link Object}`.\nIf this method is not overridden in a custom object, `toString()` returns \"[object type]\", where\n`type` is the object type. The following code illustrates this:\n\n    var o = new Object();\n    o.toString();           // returns [object Object]\n\nYou can create a function to be called in place of the default `toString()` method. The\n`toString()` method takes no arguments and should return a string. The `toString()` method you\ncreate can be any value you want, but it will be most useful if it carries information about the\nobject.\n\nThe following code defines the `Dog` object type and creates `theDog`, an object of type `Dog`:\n\n    function Dog(name,breed,color,sex) {\n        this.name=name;\n        this.breed=breed;\n        this.color=color;\n        this.sex=sex;\n    }\n\n    theDog = new Dog(\"Gabby\",\"Lab\",\"chocolate\",\"female\");\n\nIf you call the `toString()` method on this custom object, it returns the default value inherited\nfrom `{@link Object}`:\n\n    theDog.toString(); //returns [object Object]\n\nThe following code creates and assigns `dogToString()` to override the default `toString()` method.\nThis function generates a string containing the name, breed, color, and sex of the object, in the\nform `\"property = value;\"`.\n\n    Dog.prototype.toString = function dogToString() {\n        var ret = \"Dog \" + this.name + \" is a \" + this.sex + \" \" + this.color + \" \" + this.breed;\n        return ret;\n    }\n\nWith the preceding code in place, any time theDog is used in a string context, JavaScript\nautomatically calls the `dogToString()` function, which returns the following string:\n\n    Dog Gabby is a female chocolate Lab\n\n`toString()` can be used with every object and allows you to get its class. To use the\n`Object.prototype.toString()` with every object, you need to call `Function.prototype.call()` or\n`Function.prototype.apply()` on it, passing the object you want to inspect as the first parameter\ncalled `thisArg`.\n\n    var toString = Object.prototype.toString;\n\n    toString.call(new Date); // [object Date]\n    toString.call(new String); // [object String]\n    toString.call(Math); // [object Math]\n",
                "items": [
                  {
                    "$type": "return",
                    "text": "Object represented as a string.\n",
                    "type": "String",
                    "src": {
                      "text": "2,297,21,32",
                      "type": "2,297,13"
                    }
                  }
                ],
                "src": {
                  "name": "2,239,12",
                  "text": "2,240,4,2445"
                }
              },
              {
                "$type": "method",
                "name": "valueOf",
                "text": "Returns the primitive value of the specified object.\n\nJavaScript calls the `{@link #method!valueOf valueOf}` method to convert an object to a primitive value. You rarely need to\ninvoke the `{@link #method!valueOf valueOf}` method yourself; JavaScript automatically invokes it when encountering an\nobject where a primitive value is expected.\n\nBy default, the `{@link #method!valueOf valueOf}` method is inherited by every object descended from `{@link Object}`. Every built-\nin core object overrides this method to return an appropriate value. If an object has no primitive\nvalue, `{@link #method!valueOf valueOf}` returns the object itself, which is displayed as:\n\n    [object Object]\n\nYou can use `{@link #method!valueOf valueOf}` within your own code to convert a built-in object into a primitive value.\nWhen you create a custom object, you can override `Object.valueOf` to call a custom method instead\nof the default `{@link Object}` method.\n\nYou can create a function to be called in place of the default `{@link #method!valueOf valueOf}` method. Your function must\ntake no arguments.\n\nSuppose you have an object type `myNumberType` and you want to create a `{@link #method!valueOf valueOf}` method for it.\nThe following code assigns a user-defined function to the object's valueOf method:\n\n    myNumberType.prototype.valueOf = new Function(functionText)\n\nWith the preceding code in place, any time an object of type `myNumberType` is used in a context\nwhere it is to be represented as a primitive value, JavaScript automatically calls the function\ndefined in the preceding code.\n\nAn object's `{@link #method!valueOf valueOf}` method is usually invoked by JavaScript, but you can invoke it yourself as\nfollows:\n\n    myNumber.valueOf()\n\nNote: Objects in string contexts convert via the `{@link #method!toString toString}` method, which is different from\n`{@link String}` objects converting to string primitives using `{@link #method!valueOf valueOf}`. All objects have a string\nconversion, if only `\"[object type]\"`. But many objects do not convert to number, boolean, or\nfunction.\n",
                "items": [
                  {
                    "$type": "return",
                    "text": "Returns value of the object or the object itself.\n",
                    "type": "Object",
                    "src": {
                      "text": "2,340,21,50",
                      "type": "2,340,13"
                    }
                  }
                ],
                "src": {
                  "name": "2,301,12",
                  "text": "2,302,4,1821"
                }
              }
            ]
          },
          {
            "$type": "properties",
            "items": [
              {
                "$type": "property",
                "name": "constructor",
                "text": " Specifies the function that creates an object's prototype.\n\n Returns a reference to the Object function that created the instance's prototype. Note that the\n value of this property is a reference to the function itself, not a string containing the\n function's name, but it isn't read only (except for primitive Boolean, Number or String values: 1,\n true, \"read-only\").\n\n All objects inherit a `constructor` property from their `{@link #property!prototype prototype}`:\n\n     o = new Object // or o = {} in JavaScript 1.2\n     o.constructor == Object\n     a = new Array // or a = [] in JavaScript 1.2\n     a.constructor == Array\n     n = new Number(3)\n     n.constructor == Number\n\n Even though you cannot construct most HTML objects, you can do comparisons. For example,\n\n     document.constructor == Document\n     document.form3.constructor == Form\n\n The following example creates a prototype, `Tree`, and an object of that type, theTree. The example then displays the `constructor` property for the object `theTree`.\n\n     function Tree(name) {\n         this.name = name;\n     }\n     theTree = new Tree(\"Redwood\");\n     console.log(\"theTree.constructor is \" + theTree.constructor);\n\n This example displays the following output:\n\n     theTree.constructor is function Tree(name) {\n         this.name = name;\n     }\n\n The following example shows how to modify constructor value of generic objects. Only true, 1 and\n \"test\" variable constructors will not be changed. This example explains that is not always so safe\n to believe in constructor function.\n\n     function Type(){};\n     var\ttypes = [\n \t    new Array,\t[],\n\t    new Boolean,\ttrue,\n\t    new Date,\n\t    new Error,\n\t    new Function,\tfunction(){},\n\t    Math,\n\t    new Number,\t1,\n\t    new Object,\t{},\n\t    new RegExp,\t/(?:)/,\n\t    new String,\t\"test\"\n     ];\n     for(var i = 0; i < types.length; i++){\n         types[i].constructor = Type;\n         types[i] = [types[i].constructor, types[i] instanceof Type, types[i].toString()];\n     };\n     alert(types.join(\"\\n\"));\n",
                "src": {
                  "name": "2,346,14",
                  "text": "2,347,3,1996"
                }
              },
              {
                "$type": "property",
                "name": "factoryConfig",
                "optional": true,
                "text": "If this property is specified by the target class of this mixin its properties are\nused to configure the created `{@link Ext.Factory}`.\n",
                "type": "Object",
                "src": {
                  "name": "3,295,28",
                  "text": "3,296,8,128",
                  "type": "3,295,19"
                }
              },
              {
                "$type": "property",
                "name": "getContent",
                "text": "Generates the file content.\n",
                "src": {
                  "name": "1,107,0",
                  "text": "1,105,8,28"
                }
              },
              {
                "$type": "property",
                "name": "prototype",
                "text": "Allows the addition of properties to all objects of type Object.\n",
                "src": {
                  "name": "2,46,14",
                  "text": "2,47,4,65"
                }
              }
            ]
          }
        ],
        "src": {
          "alias": "0,7,0",
          "extends": "0,5,0",
          "name": "0,4,0",
          "requires": "0,10,0",
          "text": "0,2,4,62"
        }
      }
    ]
  },
  "version": 1
}