{
  "$type": "doxi",
  "files": [
    "../../../ext/classic/classic/src/dd/DropZone.js",
    "../../../ext/classic/classic/src/dd/DropTarget.js",
    "../../../ext/classic/classic/src/dd/DDTarget.js",
    "../../../ext/classic/classic/src/dd/DragDrop.js",
    "../../../../docs/docs/js/primitives/Object.js"
  ],
  "global": {
    "$type": "namespace",
    "items": [
      {
        "$type": "class",
        "extended": "Ext.dd.DropTarget,Ext.dd.DDTarget,Ext.dd.DragDrop,Object",
        "extends": "Ext.dd.DropTarget",
        "name": "Ext.dd.DropZone",
        "requires": "Ext.dd.Registry",
        "text": "This class provides a container DD instance that allows dropping on multiple child target nodes.\n\nBy default, this class requires that child nodes accepting drop are registered with {@link Ext.dd.Registry}.\nHowever a simpler way to allow a DropZone to manage any number of target elements is to configure the\nDropZone with an implementation of {@link #method!getTargetFromEvent #getTargetFromEvent} which interrogates the passed\nmouse event to see if it has taken place within an element, or class of elements. This is easily done\nby using the event's {@link Ext.event.Event#method!getTarget Ext.event.Event#getTarget} method to identify a node based on a\nCSS selector.\n\nOnce the DropZone has detected through calling getTargetFromEvent, that the mouse is over\na drop target, that target is passed as the first parameter to {@link #method!onNodeEnter #onNodeEnter}, {@link #method!onNodeOver #onNodeOver},\n{@link #method!onNodeOut #onNodeOut}, {@link #method!onNodeDrop #onNodeDrop}. You may configure the instance of DropZone with implementations\nof these methods to provide application-specific behaviour for these events to update both\napplication state, and UI state.\n\nFor example to make a GridPanel a cooperating target with the example illustrated in\n{@link Ext.dd.DragZone}, the following technique might be used:\n\n    myGridPanel.on('render', function() {\n        myGridPanel.dropZone = new Ext.dd.DropZone(myGridPanel.getView().scroller, {\n\n            // If the mouse is over a grid row, return that node. This is\n            // provided as the \"target\" parameter in all \"onNodeXXXX\" node event handling functions\n            getTargetFromEvent: function(e) {\n                return e.getTarget(myGridPanel.getView().rowSelector);\n            },\n\n            // On entry into a target node, highlight that node.\n            onNodeEnter : function(target, dd, e, data){\n                Ext.fly(target).addCls('my-row-highlight-class');\n            },\n\n            // On exit from a target node, unhighlight that node.\n            onNodeOut : function(target, dd, e, data){\n                Ext.fly(target).removeCls('my-row-highlight-class');\n            },\n\n            // While over a target node, return the default drop allowed class which\n            // places a \"tick\" icon into the drag proxy.\n            onNodeOver : function(target, dd, e, data){\n                return Ext.dd.DropZone.prototype.dropAllowed;\n            },\n\n            // On node drop we can interrogate the target to find the underlying\n            // application object that is the real target of the dragged data.\n            // In this case, it is a Record in the GridPanel's Store.\n            // We can use the data set up by the DragZone's getDragData method to read\n            // any data we decided to attach in the DragZone's getDragData method.\n            onNodeDrop : function(target, dd, e, data){\n                var rowIndex = myGridPanel.getView().findRowIndex(target);\n                var r = myGridPanel.getStore().getAt(rowIndex);\n                Ext.Msg.alert('Drop gesture', 'Dropped Record id ' + data.draggedRecord.id +\n                    ' on Record id ' + r.id);\n                return true;\n            }\n        });\n    }\n\nSee the {@link Ext.dd.DragZone} documentation for details about building a DragZone which\ncooperates with this DropZone.\n",
        "items": [
          {
            "$type": "configs",
            "items": [
              {
                "$type": "property",
                "name": "containerScroll",
                "text": "True to register this container with the ScrollManager for auto scrolling during\ndrag operations.\n",
                "type": "Boolean",
                "src": {
                  "name": "1,28,23",
                  "text": "1,29,8,98",
                  "type": "1,28,14"
                }
              },
              {
                "$type": "property",
                "name": "ddGroup",
                "text": "A named drag drop group to which this object belongs.  If a group is specified, then this object will only\ninteract with other drag drop objects in the same group.\n",
                "type": "String",
                "src": {
                  "name": "1,35,22",
                  "text": "1,36,8,164",
                  "type": "1,35,14"
                }
              },
              {
                "$type": "property",
                "name": "dropAllowed",
                "text": "The CSS class returned to the drag source when drop is allowed.\n",
                "type": "String",
                "src": {
                  "name": "1,44,22",
                  "text": "1,45,8,64",
                  "type": "1,44,14"
                }
              },
              {
                "$type": "property",
                "name": "dropNotAllowed",
                "text": "The CSS class returned to the drag source when drop is not allowed.\n",
                "type": "String",
                "src": {
                  "name": "1,49,22",
                  "text": "1,50,8,68",
                  "type": "1,49,14"
                }
              },
              {
                "$type": "property",
                "name": "overClass",
                "optional": true,
                "text": "The CSS class applied to the drop target element while the drag source is over it.\n",
                "type": "String",
                "value": "\"\"",
                "src": {
                  "name": "1,40,23",
                  "text": "1,41,8,83",
                  "type": "1,40,14",
                  "value": "1,40,33"
                }
              }
            ]
          },
          {
            "$type": "methods",
            "items": [
              {
                "$type": "method",
                "name": "addInvalidHandleClass",
                "text": "Overridden and disabled. A DDTarget does not support being dragged.\n",
                "src": {
                  "name": "2,141,0",
                  "text": "2,138,8,68"
                }
              },
              {
                "$type": "method",
                "name": "addInvalidHandleId",
                "text": "Overridden and disabled. A DDTarget does not support being dragged.\n",
                "src": {
                  "name": "2,146,0",
                  "text": "2,143,8,68"
                }
              },
              {
                "$type": "method",
                "name": "addInvalidHandleType",
                "text": "Overridden and disabled. A DDTarget does not support being dragged.\n",
                "src": {
                  "name": "2,151,0",
                  "text": "2,148,8,68"
                }
              },
              {
                "$type": "method",
                "name": "addToGroup",
                "text": "Adds this instance to a group of related drag/drop objects.  All\ninstances belong to at least one group, and can belong to as many\ngroups as needed.\n",
                "items": [
                  {
                    "$type": "param",
                    "name": "sGroup",
                    "text": "the name of the group\n",
                    "type": "String",
                    "src": {
                      "name": "3,711,24",
                      "text": "3,711,31,22",
                      "type": "3,711,16"
                    }
                  }
                ],
                "src": {
                  "name": "3,713,0",
                  "text": "3,708,8,149"
                }
              },
              {
                "$type": "method",
                "name": "applyConfig",
                "text": "Applies the configuration parameters that were passed into the constructor.\nThis is supposed to happen at each level through the inheritance chain.  So\na DDProxy implentation will execute apply config on DDProxy, DD, and\nDragDrop in order to get all of the parameters that are available in\neach object.\n",
                "src": {
                  "name": "3,624,0",
                  "text": "3,618,8,303"
                }
              },
              {
                "$type": "method",
                "access": "private",
                "name": "b4Drag",
                "text": "Code that executes immediately before the onDrag event\n",
                "items": [
                  {
                    "$type": "param",
                    "name": "e",
                    "src": {
                      "name": "3,336,0"
                    }
                  }
                ],
                "src": {
                  "access": "3,334,8",
                  "name": "3,336,0",
                  "text": "3,333,8,55"
                }
              },
              {
                "$type": "method",
                "access": "private",
                "name": "b4DragDrop",
                "text": "Code that executes immediately before the onDragDrop event\n",
                "items": [
                  {
                    "$type": "param",
                    "name": "e",
                    "src": {
                      "name": "3,390,0"
                    }
                  }
                ],
                "src": {
                  "access": "3,388,8",
                  "name": "3,390,0",
                  "text": "3,387,8,59"
                }
              },
              {
                "$type": "method",
                "access": "private",
                "name": "b4DragOut",
                "text": "Code that executes immediately before the onDragOut event\n",
                "items": [
                  {
                    "$type": "param",
                    "name": "e",
                    "src": {
                      "name": "3,375,0"
                    }
                  }
                ],
                "src": {
                  "access": "3,373,8",
                  "name": "3,375,0",
                  "text": "3,372,8,58"
                }
              },
              {
                "$type": "method",
                "access": "private",
                "name": "b4DragOver",
                "text": "Code that executes immediately before the onDragOver event\n",
                "items": [
                  {
                    "$type": "param",
                    "name": "e",
                    "src": {
                      "name": "3,359,0"
                    }
                  }
                ],
                "src": {
                  "access": "3,357,8",
                  "name": "3,359,0",
                  "text": "3,356,8,59"
                }
              },
              {
                "$type": "method",
                "access": "private",
                "name": "b4EndDrag",
                "text": "Code that executes immediately before the endDrag event\n",
                "items": [
                  {
                    "$type": "param",
                    "name": "e",
                    "src": {
                      "name": "3,413,0"
                    }
                  }
                ],
                "src": {
                  "access": "3,411,8",
                  "name": "3,413,0",
                  "text": "3,410,8,56"
                }
              },
              {
                "$type": "method",
                "access": "private",
                "name": "b4MouseDown",
                "text": "Code executed immediately before the onMouseDown event\n",
                "items": [
                  {
                    "$type": "param",
                    "name": "e",
                    "text": "the mousedown event\n",
                    "type": "Event",
                    "src": {
                      "name": "3,423,23",
                      "text": "3,423,25,20",
                      "type": "3,423,16"
                    }
                  }
                ],
                "src": {
                  "access": "3,424,8",
                  "name": "3,426,0",
                  "text": "3,422,8,55"
                }
              },
              {
                "$type": "method",
                "access": "private",
                "name": "b4StartDrag",
                "text": "Code that executes immediately before the startDrag event\n",
                "items": [
                  {
                    "$type": "param",
                    "name": "x",
                    "src": {
                      "name": "3,322,0"
                    }
                  },
                  {
                    "$type": "param",
                    "name": "y",
                    "src": {
                      "name": "3,322,0"
                    }
                  }
                ],
                "src": {
                  "access": "3,320,8",
                  "name": "3,322,0",
                  "text": "3,319,8,58"
                }
              },
              {
                "$type": "method",
                "name": "clearConstraints",
                "text": "Overridden and disabled. A DDTarget does not support being dragged.\n",
                "src": {
                  "name": "2,111,0",
                  "text": "2,108,8,68"
                }
              },
              {
                "$type": "method",
                "name": "clearTicks",
                "text": "Overridden and disabled. A DDTarget does not support being dragged.\n",
                "src": {
                  "name": "2,116,0",
                  "text": "2,113,8,68"
                }
              },
              {
                "$type": "method",
                "name": "constrainTo",
                "text": "Initializes the drag drop object's constraints to restrict movement to a certain element.\n\nUsage:\n\n    var dd = new Ext.dd.DDProxy(\"dragDiv1\", \"proxytest\",\n                   { dragElId: \"existingProxyDiv\" });\n    dd.startDrag = function(){\n        this.constrainTo(\"parent-id\");\n    };\n\nOr you can initalize it using the {@link Ext.dom.Element} object:\n\n    Ext.get(\"dragDiv1\").initDDProxy(\"proxytest\", {dragElId: \"existingProxyDiv\"}, {\n        startDrag : function(){\n            this.constrainTo(\"parent-id\");\n        }\n    });\n",
                "items": [
                  {
                    "$type": "param",
                    "name": "constrainTo",
                    "text": "The element or element ID to constrain to.\n",
                    "type": "String/HTMLElement/Ext.dom.Element",
                    "src": {
                      "name": "3,477,52",
                      "text": "3,477,64,43",
                      "type": "3,477,16"
                    }
                  },
                  {
                    "$type": "param",
                    "name": "pad",
                    "text": "(optional) Pad provides a way to specify \"padding\" of the constraints,\nand can be either a number for symmetrical padding (4 would be equal to `{left:4, right:4, top:4, bottom:4}`) or\nan object containing the sides to pad. For example: `{right:10, bottom:10}`\n",
                    "type": "Object/Number",
                    "src": {
                      "name": "3,478,31",
                      "text": "3,478,35,71:3,479,8,189",
                      "type": "3,478,16"
                    }
                  },
                  {
                    "$type": "param",
                    "name": "inContent",
                    "text": "(optional) Constrain the draggable in the content box of the element (inside padding and borders)\n",
                    "type": "Boolean",
                    "src": {
                      "name": "3,481,25",
                      "text": "3,481,35,98",
                      "type": "3,481,16"
                    }
                  }
                ],
                "src": {
                  "name": "3,483,0",
                  "text": "3,459,8,532"
                }
              },
              {
                "$type": "method",
                "name": "constructor",
                "text": "Creates new DropTarget.\n",
                "items": [
                  {
                    "$type": "param",
                    "name": "el",
                    "text": "The container element or ID of it.\n",
                    "type": "String/HTMLElement/Ext.dom.Element",
                    "src": {
                      "name": "1,11,52",
                      "text": "1,11,55,35",
                      "type": "1,11,16"
                    }
                  },
                  {
                    "$type": "param",
                    "name": "config",
                    "type": "Object",
                    "src": {
                      "name": "1,12,24",
                      "type": "1,12,16"
                    }
                  }
                ],
                "src": {
                  "name": "1,14,0",
                  "text": "1,10,8,24"
                }
              },
              {
                "$type": "method",
                "name": "endDrag",
                "text": "Overridden and disabled. A DDTarget does not support being dragged.\n",
                "src": {
                  "name": "2,51,0",
                  "text": "2,48,8,68"
                }
              },
              {
                "$type": "method",
                "name": "getDragEl",
                "text": "Overridden and disabled. A DDTarget does not support being dragged.\n",
                "src": {
                  "name": "2,36,0",
                  "text": "2,33,8,68"
                }
              },
              {
                "$type": "method",
                "name": "getEl",
                "text": "Returns a reference to the linked element\n",
                "items": [
                  {
                    "$type": "return",
                    "text": "the html element\n",
                    "type": "HTMLElement",
                    "src": {
                      "text": "3,530,30,17",
                      "type": "3,530,17"
                    }
                  }
                ],
                "src": {
                  "name": "3,532,0",
                  "text": "3,529,8,42"
                }
              },
              {
                "$type": "method",
                "name": "getTargetFromEvent",
                "text": "Returns a custom data object associated with the DOM node that is the target of the event.  By default\nthis looks up the event target in the {@link Ext.dd.Registry}, although you can override this method to\nprovide your own custom lookup.\n",
                "items": [
                  {
                    "$type": "param",
                    "name": "e",
                    "text": "The event\n",
                    "type": "Event",
                    "src": {
                      "name": "0,71,23",
                      "text": "0,71,25,10",
                      "type": "0,71,16"
                    }
                  },
                  {
                    "$type": "return",
                    "text": "data The custom data\n",
                    "type": "Object",
                    "src": {
                      "text": "0,72,25,21",
                      "type": "0,72,17"
                    }
                  }
                ],
                "src": {
                  "name": "0,74,0",
                  "text": "0,68,8,239"
                }
              },
              {
                "$type": "method",
                "access": "private",
                "name": "getTick",
                "text": "Normally the drag element is moved pixel by pixel, but we can specify\nthat it move a number of pixels at a time.  This method resolves the\nlocation when we have it set up like this.\n",
                "items": [
                  {
                    "$type": "param",
                    "name": "val",
                    "text": "where we want to place the object\n",
                    "type": "Number",
                    "src": {
                      "name": "3,1094,24",
                      "text": "3,1094,28,34",
                      "type": "3,1094,16"
                    }
                  },
                  {
                    "$type": "param",
                    "name": "tickArray",
                    "text": "sorted array of valid points\n",
                    "type": "Number[]",
                    "src": {
                      "name": "3,1095,26",
                      "text": "3,1095,36,29",
                      "type": "3,1095,16"
                    }
                  },
                  {
                    "$type": "return",
                    "text": "the closest tick\n",
                    "type": "Number",
                    "src": {
                      "text": "3,1096,25,17",
                      "type": "3,1096,17"
                    }
                  }
                ],
                "src": {
                  "access": "3,1097,8",
                  "name": "3,1099,0",
                  "text": "3,1091,8,182"
                }
              },
              {
                "$type": "method",
                "access": "private",
                "name": "handleMouseDown",
                "text": "Called when this object is clicked\n",
                "items": [
                  {
                    "$type": "param",
                    "name": "e",
                    "type": "Event",
                    "src": {
                      "name": "3,806,23",
                      "type": "3,806,16"
                    }
                  },
                  {
                    "$type": "param",
                    "name": "oDD",
                    "text": "the clicked dd object (this dd obj)\n",
                    "type": "Ext.dd.DragDrop",
                    "src": {
                      "name": "3,807,33",
                      "text": "3,807,37,36",
                      "type": "3,807,16"
                    }
                  }
                ],
                "src": {
                  "access": "3,808,8",
                  "name": "3,810,0",
                  "text": "3,805,8,35"
                }
              },
              {
                "$type": "method",
                "access": "private",
                "name": "handleOnAvailable",
                "text": "Executed when the linked element is available\n",
                "src": {
                  "access": "3,636,8",
                  "name": "3,638,0",
                  "text": "3,635,8,46"
                }
              },
              {
                "$type": "method",
                "name": "hasOwnProperty",
                "text": "Returns a boolean indicating whether an object contains the specified property as a direct property\nof that object and not inherited through the prototype chain.\n\nEvery object descended from `{@link Object}` inherits the `{@link #method!hasOwnProperty hasOwnProperty}` method. This method can be used\nto determine whether an object has the specified property as a direct property of that object;\nunlike the `in` operator, this method does not check down the object's prototype chain.\n\nThe following example determines whether the o object contains a property named prop:\n\n    o = new Object();\n    o.prop = 'exists';\n\n    function changeO() {\n        o.newprop = o.prop;\n        delete o.prop;\n    }\n\n    o.hasOwnProperty('prop');   //returns true\n    changeO();\n    o.hasOwnProperty('prop');   //returns false\n\nThe following example differentiates between direct properties and properties inherited through the\nprototype chain:\n\n    o = new Object();\n    o.prop = 'exists';\n    o.hasOwnProperty('prop');             // returns true\n    o.hasOwnProperty('toString');         // returns false\n    o.hasOwnProperty('hasOwnProperty');   // returns false\n\nThe following example shows how to iterate over the properties of an object without executing on\ninherit properties.\n\n    var buz = {\n        fog: 'stack'\n    };\n\n    for (var name in buz) {\n        if (buz.hasOwnProperty(name)) {\n            alert(\"this is fog (\" + name + \") for sure. Value: \" + buz[name]);\n        }\n        else {\n            alert(name); // toString or something else\n        }\n    }\n",
                "items": [
                  {
                    "$type": "param",
                    "name": "prop",
                    "text": "The name of the property to test.\n",
                    "type": "String",
                    "src": {
                      "name": "4,100,20",
                      "text": "4,100,25,34",
                      "type": "4,100,12"
                    }
                  },
                  {
                    "$type": "return",
                    "text": "Returns true if object contains specified property; else\nreturns false.\n",
                    "type": "Boolean",
                    "src": {
                      "text": "4,101,22,57:4,102,4,15",
                      "type": "4,101,13"
                    }
                  }
                ],
                "src": {
                  "name": "4,53,12",
                  "text": "4,54,4,1520"
                }
              },
              {
                "$type": "method",
                "name": "init",
                "text": "Sets up the DragDrop object.  Must be called in the constructor of any\nExt.dd.DragDrop subclass\n",
                "items": [
                  {
                    "$type": "param",
                    "name": "id",
                    "text": "the id of the linked element\n",
                    "type": "String",
                    "src": {
                      "name": "3,553,24",
                      "text": "3,553,27,29",
                      "type": "3,553,16"
                    }
                  },
                  {
                    "$type": "param",
                    "name": "sGroup",
                    "text": "the group of related items\n",
                    "type": "String",
                    "src": {
                      "name": "3,554,24",
                      "text": "3,554,31,27",
                      "type": "3,554,16"
                    }
                  },
                  {
                    "$type": "param",
                    "name": "config",
                    "text": "configuration attributes\n",
                    "type": "Object",
                    "src": {
                      "name": "3,555,24",
                      "text": "3,555,31,25",
                      "type": "3,555,16"
                    }
                  }
                ],
                "src": {
                  "name": "3,557,0",
                  "text": "3,551,8,96"
                }
              },
              {
                "$type": "method",
                "name": "initTarget",
                "text": "Initializes Targeting functionality only... the object does not\nget a mousedown handler.\n",
                "items": [
                  {
                    "$type": "param",
                    "name": "id",
                    "text": "the id of the linked element\n",
                    "type": "String",
                    "src": {
                      "name": "3,575,24",
                      "text": "3,575,27,29",
                      "type": "3,575,16"
                    }
                  },
                  {
                    "$type": "param",
                    "name": "sGroup",
                    "text": "the group of related items\n",
                    "type": "String",
                    "src": {
                      "name": "3,576,24",
                      "text": "3,576,31,27",
                      "type": "3,576,16"
                    }
                  },
                  {
                    "$type": "param",
                    "name": "config",
                    "text": "configuration attributes\n",
                    "type": "Object",
                    "src": {
                      "name": "3,577,24",
                      "text": "3,577,31,25",
                      "type": "3,577,16"
                    }
                  }
                ],
                "src": {
                  "name": "3,579,0",
                  "text": "3,573,8,89"
                }
              },
              {
                "$type": "method",
                "name": "isLocked",
                "text": "Returns true if this instance is locked, or the drag drop mgr is locked\n(meaning that all drag/drop is disabled on the page.)\n",
                "items": [
                  {
                    "$type": "return",
                    "text": "true if this obj or all drag/drop is locked, else\nfalse\n",
                    "type": "Boolean",
                    "src": {
                      "text": "3,797,26,50:3,798,8,6",
                      "type": "3,797,17"
                    }
                  }
                ],
                "src": {
                  "name": "3,800,0",
                  "text": "3,795,8,126"
                }
              },
              {
                "$type": "method",
                "name": "isPrototypeOf",
                "text": "Returns a boolean indication whether the specified object is in the prototype chain of the object\nthis method is called upon.\n\n`{@link #method!isPrototypeOf isPrototypeOf}` allows you to check whether or not an object exists within another object's\nprototype chain.\n\nFor example, consider the following prototype chain:\n\n    function Fee() {\n        // . . .\n    }\n\n    function Fi() {\n        // . . .\n    }\n    Fi.prototype = new Fee();\n\n    function Fo() {\n        // . . .\n    }\n    Fo.prototype = new Fi();\n\n    function Fum() {\n        // . . .\n    }\n    Fum.prototype = new Fo();\n\nLater on down the road, if you instantiate `Fum` and need to check if `Fi`'s prototype exists\nwithin the `Fum` prototype chain, you could do this:\n\n    var fum = new Fum();\n    . . .\n\n    if (Fi.prototype.isPrototypeOf(fum)) {\n    // do something safe\n    }\n\nThis, along with the `instanceof` operator particularly comes in handy if you have code that can\nonly function when dealing with objects descended from a specific prototype chain, e.g., to\nguarantee that certain methods or properties will be present on that object.\n",
                "items": [
                  {
                    "$type": "param",
                    "name": "prototype",
                    "text": "an object to be tested against each link in the prototype chain of the\n*object* argument\n",
                    "type": "Object",
                    "src": {
                      "name": "4,148,20",
                      "text": "4,148,30,71:4,149,4,18",
                      "type": "4,148,12"
                    }
                  },
                  {
                    "$type": "param",
                    "name": "object",
                    "text": "the object whose prototype chain will be searched\n",
                    "type": "Object",
                    "src": {
                      "name": "4,150,20",
                      "text": "4,150,27,50",
                      "type": "4,150,12"
                    }
                  },
                  {
                    "$type": "return",
                    "text": "Returns true if object is a prototype and false if not.\n",
                    "type": "Boolean",
                    "src": {
                      "text": "4,151,22,56",
                      "type": "4,151,13"
                    }
                  }
                ],
                "src": {
                  "name": "4,106,12",
                  "text": "4,107,4,1084"
                }
              },
              {
                "$type": "method",
                "name": "isValidHandleChild",
                "text": "Overridden and disabled. A DDTarget does not support being dragged.\n",
                "src": {
                  "name": "2,41,0",
                  "text": "2,38,8,68"
                }
              },
              {
                "$type": "method",
                "name": "lock",
                "text": "Locks this instance\n",
                "src": {
                  "name": "3,178,0",
                  "text": "3,176,8,20"
                }
              },
              {
                "$type": "method",
                "name": "notifyDrop",
                "template": true,
                "text": "The function a {@link Ext.dd.DragSource} calls once to notify this drop zone that the dragged item has\nbeen dropped on it.  The drag zone will look up the target node based on the event passed in, and if there\nis a node registered for that event, it will delegate to {@link #method!onNodeDrop #onNodeDrop} for node-specific handling,\notherwise it will call {@link #method!onContainerDrop #onContainerDrop}.\n",
                "items": [
                  {
                    "$type": "param",
                    "name": "source",
                    "text": "The drag source that was dragged over this drop zone\n",
                    "type": "Ext.dd.DragSource",
                    "src": {
                      "name": "0,246,35",
                      "text": "0,246,42,53",
                      "type": "0,246,16"
                    }
                  },
                  {
                    "$type": "param",
                    "name": "e",
                    "text": "The event\n",
                    "type": "Event",
                    "src": {
                      "name": "0,247,23",
                      "text": "0,247,25,10",
                      "type": "0,247,16"
                    }
                  },
                  {
                    "$type": "param",
                    "name": "data",
                    "text": "An object containing arbitrary data supplied by the drag source\n",
                    "type": "Object",
                    "src": {
                      "name": "0,248,24",
                      "text": "0,248,29,64",
                      "type": "0,248,16"
                    }
                  },
                  {
                    "$type": "return",
                    "text": "False if the drop was invalid.\n",
                    "type": "Boolean",
                    "src": {
                      "text": "0,249,26,31",
                      "type": "0,249,17"
                    }
                  }
                ],
                "src": {
                  "name": "0,252,0",
                  "template": "0,250,8",
                  "text": "0,242,8,364"
                }
              },
              {
                "$type": "method",
                "name": "notifyEnter",
                "template": true,
                "text": "The function a {@link Ext.dd.DragSource} calls once to notify this drop zone that the source is now over\nthe zone.  The default implementation returns this.dropNotAllowed and expects that only registered drop\nnodes can process drag drop operations, so if you need the drop zone itself to be able to process drops\nyou should override this method and provide a custom implementation.\n",
                "items": [
                  {
                    "$type": "param",
                    "name": "source",
                    "text": "The drag source that was dragged over this drop zone\n",
                    "type": "Ext.dd.DragSource",
                    "src": {
                      "name": "0,177,35",
                      "text": "0,177,42,53",
                      "type": "0,177,16"
                    }
                  },
                  {
                    "$type": "param",
                    "name": "e",
                    "text": "The event\n",
                    "type": "Event",
                    "src": {
                      "name": "0,178,23",
                      "text": "0,178,25,10",
                      "type": "0,178,16"
                    }
                  },
                  {
                    "$type": "param",
                    "name": "data",
                    "text": "An object containing arbitrary data supplied by the drag source\n",
                    "type": "Object",
                    "src": {
                      "name": "0,179,24",
                      "text": "0,179,29,64",
                      "type": "0,179,16"
                    }
                  },
                  {
                    "$type": "return",
                    "text": "status The CSS class that communicates the drop status back to the source so that the\nunderlying {@link Ext.dd.StatusProxy} can be updated\n",
                    "type": "String",
                    "src": {
                      "text": "0,180,25,86:0,181,8,53",
                      "type": "0,180,17"
                    }
                  }
                ],
                "src": {
                  "name": "0,184,0",
                  "template": "0,182,8",
                  "text": "0,173,8,382"
                }
              },
              {
                "$type": "method",
                "name": "notifyOut",
                "template": true,
                "text": "The function a {@link Ext.dd.DragSource} calls once to notify this drop zone that the source has been dragged\nout of the zone without dropping.  If the drag source is currently over a registered node, the notification\nwill be delegated to {@link #method!onNodeOut #onNodeOut} for node-specific handling, otherwise it will be ignored.\n",
                "items": [
                  {
                    "$type": "param",
                    "name": "source",
                    "text": "The drag source that was dragged over this drop target\n",
                    "type": "Ext.dd.DragSource",
                    "src": {
                      "name": "0,229,35",
                      "text": "0,229,42,55",
                      "type": "0,229,16"
                    }
                  },
                  {
                    "$type": "param",
                    "name": "e",
                    "text": "The event\n",
                    "type": "Event",
                    "src": {
                      "name": "0,230,23",
                      "text": "0,230,25,10",
                      "type": "0,230,16"
                    }
                  },
                  {
                    "$type": "param",
                    "name": "data",
                    "text": "An object containing arbitrary data supplied by the drag zone\n",
                    "type": "Object",
                    "src": {
                      "name": "0,231,24",
                      "text": "0,231,29,62",
                      "type": "0,231,16"
                    }
                  }
                ],
                "src": {
                  "name": "0,234,0",
                  "template": "0,232,8",
                  "text": "0,226,8,316"
                }
              },
              {
                "$type": "method",
                "name": "notifyOver",
                "template": true,
                "text": "The function a {@link Ext.dd.DragSource} calls continuously while it is being dragged over the drop zone.\nThis method will be called on every mouse movement while the drag source is over the drop zone.\nIt will call {@link #method!onNodeOver #onNodeOver} while the drag source is over a registered node, and will also automatically\ndelegate to the appropriate node-specific methods as necessary when the drag source enters and exits\nregistered nodes ({@link #method!onNodeEnter #onNodeEnter}, {@link #method!onNodeOut #onNodeOut}). If the drag source is not currently over a\nregistered node, it will call {@link #method!onContainerOver #onContainerOver}.\n",
                "items": [
                  {
                    "$type": "param",
                    "name": "source",
                    "text": "The drag source that was dragged over this drop zone\n",
                    "type": "Ext.dd.DragSource",
                    "src": {
                      "name": "0,195,35",
                      "text": "0,195,42,53",
                      "type": "0,195,16"
                    }
                  },
                  {
                    "$type": "param",
                    "name": "e",
                    "text": "The event\n",
                    "type": "Event",
                    "src": {
                      "name": "0,196,23",
                      "text": "0,196,25,10",
                      "type": "0,196,16"
                    }
                  },
                  {
                    "$type": "param",
                    "name": "data",
                    "text": "An object containing arbitrary data supplied by the drag source\n",
                    "type": "Object",
                    "src": {
                      "name": "0,197,24",
                      "text": "0,197,29,64",
                      "type": "0,197,16"
                    }
                  },
                  {
                    "$type": "return",
                    "text": "status The CSS class that communicates the drop status back to the source so that the\nunderlying {@link Ext.dd.StatusProxy} can be updated\n",
                    "type": "String",
                    "src": {
                      "text": "0,198,25,86:0,199,8,53",
                      "type": "0,198,17"
                    }
                  }
                ],
                "src": {
                  "name": "0,202,0",
                  "template": "0,200,8",
                  "text": "0,189,8,573"
                }
              },
              {
                "$type": "method",
                "name": "onAvailable",
                "text": "Override the onAvailable method to do what is needed after the initial\nposition was determined.\n",
                "src": {
                  "name": "3,444,0",
                  "text": "3,441,8,96"
                }
              },
              {
                "$type": "method",
                "name": "onContainerDrop",
                "template": true,
                "text": "Called when the DropZone determines that a {@link Ext.dd.DragSource} has been dropped on it,\nbut not on any of its registered drop nodes.  The default implementation returns false, so it should be\noverridden to provide the appropriate processing of the drop event if you need the drop zone itself to\nbe able to accept drops.  It should return true when valid so that the drag source's repair action does not run.\n",
                "items": [
                  {
                    "$type": "param",
                    "name": "source",
                    "text": "The drag source that was dragged over this drop zone\n",
                    "type": "Ext.dd.DragSource",
                    "src": {
                      "name": "0,162,35",
                      "text": "0,162,42,53",
                      "type": "0,162,16"
                    }
                  },
                  {
                    "$type": "param",
                    "name": "e",
                    "text": "The event\n",
                    "type": "Event",
                    "src": {
                      "name": "0,163,23",
                      "text": "0,163,25,10",
                      "type": "0,163,16"
                    }
                  },
                  {
                    "$type": "param",
                    "name": "data",
                    "text": "An object containing arbitrary data supplied by the drag source\n",
                    "type": "Object",
                    "src": {
                      "name": "0,164,24",
                      "text": "0,164,29,64",
                      "type": "0,164,16"
                    }
                  },
                  {
                    "$type": "return",
                    "text": "True if the drop was valid, else false\n",
                    "type": "Boolean",
                    "src": {
                      "text": "0,165,26,39",
                      "type": "0,165,17"
                    }
                  }
                ],
                "src": {
                  "name": "0,168,0",
                  "template": "0,166,8",
                  "text": "0,158,8,413"
                }
              },
              {
                "$type": "method",
                "name": "onContainerOver",
                "template": true,
                "text": "Called while the DropZone determines that a {@link Ext.dd.DragSource} is being dragged over it,\nbut not over any of its registered drop nodes.  The default implementation returns this.dropNotAllowed, so\nit should be overridden to provide the proper feedback if necessary.\n",
                "items": [
                  {
                    "$type": "param",
                    "name": "source",
                    "text": "The drag source that was dragged over this drop zone\n",
                    "type": "Ext.dd.DragSource",
                    "src": {
                      "name": "0,146,35",
                      "text": "0,146,42,53",
                      "type": "0,146,16"
                    }
                  },
                  {
                    "$type": "param",
                    "name": "e",
                    "text": "The event\n",
                    "type": "Event",
                    "src": {
                      "name": "0,147,23",
                      "text": "0,147,25,10",
                      "type": "0,147,16"
                    }
                  },
                  {
                    "$type": "param",
                    "name": "data",
                    "text": "An object containing arbitrary data supplied by the drag source\n",
                    "type": "Object",
                    "src": {
                      "name": "0,148,24",
                      "text": "0,148,29,64",
                      "type": "0,148,16"
                    }
                  },
                  {
                    "$type": "return",
                    "text": "status The CSS class that communicates the drop status back to the source so that the\nunderlying {@link Ext.dd.StatusProxy} can be updated\n",
                    "type": "String",
                    "src": {
                      "text": "0,149,25,86:0,150,8,53",
                      "type": "0,149,17"
                    }
                  }
                ],
                "src": {
                  "name": "0,153,0",
                  "template": "0,151,8",
                  "text": "0,143,8,272"
                }
              },
              {
                "$type": "method",
                "name": "onDrag",
                "text": "Overridden and disabled. A DDTarget does not support being dragged.\n",
                "src": {
                  "name": "2,56,0",
                  "text": "2,53,8,68"
                }
              },
              {
                "$type": "method",
                "name": "onDragDrop",
                "text": "Overridden and disabled. A DDTarget does not support being dragged.\n",
                "src": {
                  "name": "2,61,0",
                  "text": "2,58,8,68"
                }
              },
              {
                "$type": "method",
                "name": "onDragEnter",
                "text": "Overridden and disabled. A DDTarget does not support being dragged.\n",
                "src": {
                  "name": "2,66,0",
                  "text": "2,63,8,68"
                }
              },
              {
                "$type": "method",
                "name": "onDragOut",
                "text": "Overridden and disabled. A DDTarget does not support being dragged.\n",
                "src": {
                  "name": "2,71,0",
                  "text": "2,68,8,68"
                }
              },
              {
                "$type": "method",
                "name": "onDragOver",
                "text": "Overridden and disabled. A DDTarget does not support being dragged.\n",
                "src": {
                  "name": "2,76,0",
                  "text": "2,73,8,68"
                }
              },
              {
                "$type": "method",
                "name": "onInvalidDrop",
                "text": "Overridden and disabled. A DDTarget does not support being dragged.\n",
                "src": {
                  "name": "2,81,0",
                  "text": "2,78,8,68"
                }
              },
              {
                "$type": "method",
                "name": "onMouseDown",
                "text": "Overridden and disabled. A DDTarget does not support being dragged.\n",
                "src": {
                  "name": "2,86,0",
                  "text": "2,83,8,68"
                }
              },
              {
                "$type": "method",
                "name": "onMouseUp",
                "text": "Overridden and disabled. A DDTarget does not support being dragged.\n",
                "src": {
                  "name": "2,91,0",
                  "text": "2,88,8,68"
                }
              },
              {
                "$type": "method",
                "name": "onNodeDrop",
                "template": true,
                "text": "Called when the DropZone determines that a {@link Ext.dd.DragSource} has been dropped onto\nthe drop node.  The default implementation returns false, so it should be overridden to provide the\nappropriate processing of the drop event and return true so that the drag source's repair action does not run.\n",
                "items": [
                  {
                    "$type": "param",
                    "name": "nodeData",
                    "text": "The custom data associated with the drop node (this is the same value returned from\n{@link #method!getTargetFromEvent #getTargetFromEvent} for this node)\n",
                    "type": "Object",
                    "src": {
                      "name": "0,130,24",
                      "text": "0,130,33,84:0,131,8,43",
                      "type": "0,130,16"
                    }
                  },
                  {
                    "$type": "param",
                    "name": "source",
                    "text": "The drag source that was dragged over this drop zone\n",
                    "type": "Ext.dd.DragSource",
                    "src": {
                      "name": "0,132,35",
                      "text": "0,132,42,53",
                      "type": "0,132,16"
                    }
                  },
                  {
                    "$type": "param",
                    "name": "e",
                    "text": "The event\n",
                    "type": "Event",
                    "src": {
                      "name": "0,133,23",
                      "text": "0,133,25,10",
                      "type": "0,133,16"
                    }
                  },
                  {
                    "$type": "param",
                    "name": "data",
                    "text": "An object containing arbitrary data supplied by the drag source\n",
                    "type": "Object",
                    "src": {
                      "name": "0,134,24",
                      "text": "0,134,29,64",
                      "type": "0,134,16"
                    }
                  },
                  {
                    "$type": "return",
                    "text": "True if the drop was valid, else false\n",
                    "type": "Boolean",
                    "src": {
                      "text": "0,135,26,39",
                      "type": "0,135,17"
                    }
                  }
                ],
                "src": {
                  "name": "0,138,0",
                  "template": "0,136,8",
                  "text": "0,127,8,302"
                }
              },
              {
                "$type": "method",
                "name": "onNodeEnter",
                "text": "Called when the DropZone determines that a {@link Ext.dd.DragSource} has entered a drop node\nthat has either been registered or detected by a configured implementation of {@link #method!getTargetFromEvent #getTargetFromEvent}.\nThis method has no default implementation and should be overridden to provide\nnode-specific processing if necessary.\n",
                "items": [
                  {
                    "$type": "param",
                    "name": "nodeData",
                    "text": "The custom data associated with the drop node (this is the same value returned from\n{@link #method!getTargetFromEvent #getTargetFromEvent} for this node)\n",
                    "type": "Object",
                    "src": {
                      "name": "0,83,24",
                      "text": "0,83,33,84:0,84,8,43",
                      "type": "0,83,16"
                    }
                  },
                  {
                    "$type": "param",
                    "name": "source",
                    "text": "The drag source that was dragged over this drop zone\n",
                    "type": "Ext.dd.DragSource",
                    "src": {
                      "name": "0,85,35",
                      "text": "0,85,42,53",
                      "type": "0,85,16"
                    }
                  },
                  {
                    "$type": "param",
                    "name": "e",
                    "text": "The event\n",
                    "type": "Event",
                    "src": {
                      "name": "0,86,23",
                      "text": "0,86,25,10",
                      "type": "0,86,16"
                    }
                  },
                  {
                    "$type": "param",
                    "name": "data",
                    "text": "An object containing arbitrary data supplied by the drag source\n",
                    "type": "Object",
                    "src": {
                      "name": "0,87,24",
                      "text": "0,87,29,64",
                      "type": "0,87,16"
                    }
                  }
                ],
                "src": {
                  "name": "0,89,0",
                  "text": "0,79,8,317"
                }
              },
              {
                "$type": "method",
                "name": "onNodeOut",
                "template": true,
                "text": "Called when the DropZone determines that a {@link Ext.dd.DragSource} has been dragged out of\nthe drop node without dropping.  This method has no default implementation and should be overridden to provide\nnode-specific processing if necessary.\n",
                "items": [
                  {
                    "$type": "param",
                    "name": "nodeData",
                    "text": "The custom data associated with the drop node (this is the same value returned from\n{@link #method!getTargetFromEvent #getTargetFromEvent} for this node)\n",
                    "type": "Object",
                    "src": {
                      "name": "0,115,24",
                      "text": "0,115,33,84:0,116,8,43",
                      "type": "0,115,16"
                    }
                  },
                  {
                    "$type": "param",
                    "name": "source",
                    "text": "The drag source that was dragged over this drop zone\n",
                    "type": "Ext.dd.DragSource",
                    "src": {
                      "name": "0,117,35",
                      "text": "0,117,42,53",
                      "type": "0,117,16"
                    }
                  },
                  {
                    "$type": "param",
                    "name": "e",
                    "text": "The event\n",
                    "type": "Event",
                    "src": {
                      "name": "0,118,23",
                      "text": "0,118,25,10",
                      "type": "0,118,16"
                    }
                  },
                  {
                    "$type": "param",
                    "name": "data",
                    "text": "An object containing arbitrary data supplied by the drag source\n",
                    "type": "Object",
                    "src": {
                      "name": "0,119,24",
                      "text": "0,119,29,64",
                      "type": "0,119,16"
                    }
                  }
                ],
                "src": {
                  "name": "0,122,0",
                  "template": "0,120,8",
                  "text": "0,112,8,243"
                }
              },
              {
                "$type": "method",
                "name": "onNodeOver",
                "template": true,
                "text": "Called while the DropZone determines that a {@link Ext.dd.DragSource} is over a drop node\nthat has either been registered or detected by a configured implementation of {@link #method!getTargetFromEvent #getTargetFromEvent}.\nThe default implementation returns this.dropAllowed, so it should be\noverridden to provide the proper feedback.\n",
                "items": [
                  {
                    "$type": "param",
                    "name": "nodeData",
                    "text": "The custom data associated with the drop node (this is the same value returned from\n{@link #method!getTargetFromEvent #getTargetFromEvent} for this node)\n",
                    "type": "Object",
                    "src": {
                      "name": "0,98,24",
                      "text": "0,98,33,84:0,99,8,43",
                      "type": "0,98,16"
                    }
                  },
                  {
                    "$type": "param",
                    "name": "source",
                    "text": "The drag source that was dragged over this drop zone\n",
                    "type": "Ext.dd.DragSource",
                    "src": {
                      "name": "0,100,35",
                      "text": "0,100,42,53",
                      "type": "0,100,16"
                    }
                  },
                  {
                    "$type": "param",
                    "name": "e",
                    "text": "The event\n",
                    "type": "Event",
                    "src": {
                      "name": "0,101,23",
                      "text": "0,101,25,10",
                      "type": "0,101,16"
                    }
                  },
                  {
                    "$type": "param",
                    "name": "data",
                    "text": "An object containing arbitrary data supplied by the drag source\n",
                    "type": "Object",
                    "src": {
                      "name": "0,102,24",
                      "text": "0,102,29,64",
                      "type": "0,102,16"
                    }
                  },
                  {
                    "$type": "return",
                    "text": "status The CSS class that communicates the drop status back to the source so that the\nunderlying {@link Ext.dd.StatusProxy} can be updated\n",
                    "type": "String",
                    "src": {
                      "text": "0,103,25,86:0,104,8,53",
                      "type": "0,103,17"
                    }
                  }
                ],
                "src": {
                  "name": "0,107,0",
                  "template": "0,105,8",
                  "text": "0,94,8,309"
                }
              },
              {
                "$type": "method",
                "name": "propertyIsEnumerable",
                "text": "Returns a boolean indicating if the internal ECMAScript DontEnum attribute is set.\n\nEvery object has a `{@link #method!propertyIsEnumerable propertyIsEnumerable}` method. This method can determine whether the specified\nproperty in an object can be enumerated by a `for...in` loop, with the exception of properties\ninherited through the prototype chain. If the object does not have the specified property, this\nmethod returns false.\n\nThe following example shows the use of `{@link #method!propertyIsEnumerable propertyIsEnumerable}` on objects and arrays:\n\n    var o = {};\n    var a = [];\n    o.prop = 'is enumerable';\n    a[0] = 'is enumerable';\n\n    o.propertyIsEnumerable('prop');   // returns true\n    a.propertyIsEnumerable(0);        // returns true\n\nThe following example demonstrates the enumerability of user-defined versus built-in properties:\n\n    var a = ['is enumerable'];\n\n    a.propertyIsEnumerable(0);          // returns true\n    a.propertyIsEnumerable('length');   // returns false\n\n    Math.propertyIsEnumerable('random');   // returns false\n    this.propertyIsEnumerable('Math');     // returns false\n\nDirect versus inherited properties\n\n    var a = [];\n    a.propertyIsEnumerable('constructor');         // returns false\n\n    function firstConstructor()\n    {\n        this.property = 'is not enumerable';\n    }\n    firstConstructor.prototype.firstMethod = function () {};\n\n    function secondConstructor()\n    {\n        this.method = function method() { return 'is enumerable'; };\n    }\n\n    secondConstructor.prototype = new firstConstructor;\n    secondConstructor.prototype.constructor = secondConstructor;\n\n    var o = new secondConstructor();\n    o.arbitraryProperty = 'is enumerable';\n\n    o.propertyIsEnumerable('arbitraryProperty');   // returns true\n    o.propertyIsEnumerable('method');              // returns true\n    o.propertyIsEnumerable('property');            // returns false\n\n    o.property = 'is enumerable';\n\n    o.propertyIsEnumerable('property');            // returns true\n\n    // These return false as they are on the prototype which\n    // propertyIsEnumerable does not consider (even though the last two\n    // are iteratable with for-in)\n    o.propertyIsEnumerable('prototype'); // returns false (as of JS 1.8.1/FF3.6)\n    o.propertyIsEnumerable('constructor'); // returns false\n    o.propertyIsEnumerable('firstMethod'); // returns false\n",
                "items": [
                  {
                    "$type": "param",
                    "name": "prop",
                    "text": "The name of the property to test.\n",
                    "type": "String",
                    "src": {
                      "name": "4,220,20",
                      "text": "4,220,25,34",
                      "type": "4,220,12"
                    }
                  },
                  {
                    "$type": "return",
                    "text": "If the object does not have the specified property, this\nmethod returns false.\n",
                    "type": "Boolean",
                    "src": {
                      "text": "4,221,22,57:4,222,4,22",
                      "type": "4,221,13"
                    }
                  }
                ],
                "src": {
                  "name": "4,155,12",
                  "text": "4,156,4,2313"
                }
              },
              {
                "$type": "method",
                "name": "removeFromGroup",
                "text": "Removes this instance from the supplied interaction group\n",
                "items": [
                  {
                    "$type": "param",
                    "name": "sGroup",
                    "text": "The group to drop\n",
                    "type": "String",
                    "src": {
                      "name": "3,720,24",
                      "text": "3,720,31,18",
                      "type": "3,720,16"
                    }
                  }
                ],
                "src": {
                  "name": "3,722,0",
                  "text": "3,719,8,58"
                }
              },
              {
                "$type": "method",
                "name": "removeInvalidHandleClass",
                "text": "Overridden and disabled. A DDTarget does not support being dragged.\n",
                "src": {
                  "name": "2,156,0",
                  "text": "2,153,8,68"
                }
              },
              {
                "$type": "method",
                "name": "removeInvalidHandleId",
                "text": "Overridden and disabled. A DDTarget does not support being dragged.\n",
                "src": {
                  "name": "2,161,0",
                  "text": "2,158,8,68"
                }
              },
              {
                "$type": "method",
                "name": "removeInvalidHandleType",
                "text": "Overridden and disabled. A DDTarget does not support being dragged.\n",
                "src": {
                  "name": "2,166,0",
                  "text": "2,163,8,68"
                }
              },
              {
                "$type": "method",
                "name": "resetConstraints",
                "text": "Overridden and disabled. A DDTarget does not support being dragged.\n",
                "src": {
                  "name": "2,106,0",
                  "text": "2,103,8,68"
                }
              },
              {
                "$type": "method",
                "name": "setDragElId",
                "text": "Overridden and disabled. A DDTarget does not support being dragged.\n",
                "src": {
                  "name": "2,126,0",
                  "text": "2,123,8,68"
                }
              },
              {
                "$type": "method",
                "name": "setHandleElId",
                "text": "Overridden and disabled. A DDTarget does not support being dragged.\n",
                "src": {
                  "name": "2,131,0",
                  "text": "2,128,8,68"
                }
              },
              {
                "$type": "method",
                "name": "setInitPosition",
                "text": "Overridden and disabled. A DDTarget does not support being dragged.\n",
                "src": {
                  "name": "2,121,0",
                  "text": "2,118,8,68"
                }
              },
              {
                "$type": "method",
                "name": "setOuterHandleElId",
                "text": "Overridden and disabled. A DDTarget does not support being dragged.\n",
                "src": {
                  "name": "2,136,0",
                  "text": "2,133,8,68"
                }
              },
              {
                "$type": "method",
                "name": "setPadding",
                "text": "Configures the padding for the target zone in px.  Effectively expands\n(or reduces) the virtual object size for targeting calculations.\nSupports css-style shorthand; if only one parameter is passed, all sides\nwill have that padding, and if only two are passed, the top and bottom\nwill have the first param, the left and right the second.\n",
                "items": [
                  {
                    "$type": "param",
                    "name": "iTop",
                    "text": "Top pad\n",
                    "type": "Number",
                    "src": {
                      "name": "3,650,24",
                      "text": "3,650,29,8",
                      "type": "3,650,16"
                    }
                  },
                  {
                    "$type": "param",
                    "name": "iRight",
                    "text": "Right pad\n",
                    "type": "Number",
                    "src": {
                      "name": "3,651,24",
                      "text": "3,651,31,10",
                      "type": "3,651,16"
                    }
                  },
                  {
                    "$type": "param",
                    "name": "iBot",
                    "text": "Bot pad\n",
                    "type": "Number",
                    "src": {
                      "name": "3,652,24",
                      "text": "3,652,29,8",
                      "type": "3,652,16"
                    }
                  },
                  {
                    "$type": "param",
                    "name": "iLeft",
                    "text": "Left pad\n",
                    "type": "Number",
                    "src": {
                      "name": "3,653,24",
                      "text": "3,653,30,9",
                      "type": "3,653,16"
                    }
                  }
                ],
                "src": {
                  "name": "3,655,0",
                  "text": "3,645,8,338"
                }
              },
              {
                "$type": "method",
                "access": "private",
                "name": "setStartPosition",
                "text": "Sets the start position of the element.  This is set when the obj\nis initialized, the reset when a drag is started.\n",
                "items": [
                  {
                    "$type": "param",
                    "name": "pos",
                    "text": "current position (from previous lookup)\n",
                    "src": {
                      "name": "3,696,15",
                      "text": "3,696,19,40"
                    }
                  }
                ],
                "src": {
                  "access": "3,697,8",
                  "name": "3,699,0",
                  "text": "3,694,8,116"
                }
              },
              {
                "$type": "method",
                "name": "setXConstraint",
                "text": "Overridden and disabled. A DDTarget does not support being dragged.\n",
                "src": {
                  "name": "2,96,0",
                  "text": "2,93,8,68"
                }
              },
              {
                "$type": "method",
                "access": "private",
                "name": "setXTicks",
                "text": "Creates the array of horizontal tick marks if an interval was specified\nin setXConstraint().\n",
                "items": [
                  {
                    "$type": "param",
                    "name": "iStartX",
                    "src": {
                      "name": "3,944,0"
                    }
                  },
                  {
                    "$type": "param",
                    "name": "iTickSize",
                    "src": {
                      "name": "3,944,0"
                    }
                  }
                ],
                "src": {
                  "access": "3,942,8",
                  "name": "3,944,0",
                  "text": "3,940,8,93"
                }
              },
              {
                "$type": "method",
                "name": "setYConstraint",
                "text": "Overridden and disabled. A DDTarget does not support being dragged.\n",
                "src": {
                  "name": "2,101,0",
                  "text": "2,98,8,68"
                }
              },
              {
                "$type": "method",
                "access": "private",
                "name": "setYTicks",
                "text": "Creates the array of vertical tick marks if an interval was specified in\nsetYConstraint().\n",
                "items": [
                  {
                    "$type": "param",
                    "name": "iStartY",
                    "src": {
                      "name": "3,973,0"
                    }
                  },
                  {
                    "$type": "param",
                    "name": "iTickSize",
                    "src": {
                      "name": "3,973,0"
                    }
                  }
                ],
                "src": {
                  "access": "3,971,8",
                  "name": "3,973,0",
                  "text": "3,969,8,91"
                }
              },
              {
                "$type": "method",
                "name": "startDrag",
                "text": "Overridden and disabled. A DDTarget does not support being dragged.\n",
                "src": {
                  "name": "2,46,0",
                  "text": "2,43,8,68"
                }
              },
              {
                "$type": "method",
                "name": "toLocaleString",
                "text": "Returns a string representing the object. This method is meant to be overridden by derived objects\nfor locale-specific purposes.\n\n`{@link Object}`'s `{@link #method!toLocaleString toLocaleString}` returns the result of calling `{@link #method!toString toString}`.\n\nThis function is provided to give objects a generic `{@link #method!toLocaleString toLocaleString}` method, even though not all\nmay use it. Currently, only `{@link Array}`, `{@link Number}`, and `{@link Date}` override `{@link #method!toLocaleString toLocaleString}`.\n",
                "items": [
                  {
                    "$type": "return",
                    "text": "Object represented as a string.\n",
                    "type": "String",
                    "src": {
                      "text": "4,235,21,32",
                      "type": "4,235,13"
                    }
                  }
                ],
                "src": {
                  "name": "4,226,12",
                  "text": "4,227,4,384"
                }
              },
              {
                "$type": "method",
                "name": "toString",
                "text": "toString method\n",
                "items": [
                  {
                    "$type": "return",
                    "text": "string representation of the dd obj\n",
                    "type": "String",
                    "src": {
                      "text": "3,1127,25,36",
                      "type": "3,1127,17"
                    }
                  }
                ],
                "src": {
                  "name": "3,1129,0",
                  "text": "3,1126,8,16"
                }
              },
              {
                "$type": "method",
                "access": "private",
                "name": "triggerCacheRefresh",
                "src": {
                  "access": "0,269,8",
                  "name": "0,271,0"
                }
              },
              {
                "$type": "method",
                "name": "unlock",
                "text": "Unlocks this instace\n",
                "src": {
                  "name": "3,192,0",
                  "text": "3,190,8,21"
                }
              },
              {
                "$type": "method",
                "name": "unreg",
                "text": "Removes all drag and drop hooks for this element\n",
                "src": {
                  "name": "3,775,0",
                  "text": "3,773,8,49"
                }
              },
              {
                "$type": "method",
                "name": "valueOf",
                "text": "Returns the primitive value of the specified object.\n\nJavaScript calls the `{@link #method!valueOf valueOf}` method to convert an object to a primitive value. You rarely need to\ninvoke the `{@link #method!valueOf valueOf}` method yourself; JavaScript automatically invokes it when encountering an\nobject where a primitive value is expected.\n\nBy default, the `{@link #method!valueOf valueOf}` method is inherited by every object descended from `{@link Object}`. Every built-\nin core object overrides this method to return an appropriate value. If an object has no primitive\nvalue, `{@link #method!valueOf valueOf}` returns the object itself, which is displayed as:\n\n    [object Object]\n\nYou can use `{@link #method!valueOf valueOf}` within your own code to convert a built-in object into a primitive value.\nWhen you create a custom object, you can override `Object.valueOf` to call a custom method instead\nof the default `{@link Object}` method.\n\nYou can create a function to be called in place of the default `{@link #method!valueOf valueOf}` method. Your function must\ntake no arguments.\n\nSuppose you have an object type `myNumberType` and you want to create a `{@link #method!valueOf valueOf}` method for it.\nThe following code assigns a user-defined function to the object's valueOf method:\n\n    myNumberType.prototype.valueOf = new Function(functionText)\n\nWith the preceding code in place, any time an object of type `myNumberType` is used in a context\nwhere it is to be represented as a primitive value, JavaScript automatically calls the function\ndefined in the preceding code.\n\nAn object's `{@link #method!valueOf valueOf}` method is usually invoked by JavaScript, but you can invoke it yourself as\nfollows:\n\n    myNumber.valueOf()\n\nNote: Objects in string contexts convert via the `{@link #method!toString toString}` method, which is different from\n`{@link String}` objects converting to string primitives using `{@link #method!valueOf valueOf}`. All objects have a string\nconversion, if only `\"[object type]\"`. But many objects do not convert to number, boolean, or\nfunction.\n",
                "items": [
                  {
                    "$type": "return",
                    "text": "Returns value of the object or the object itself.\n",
                    "type": "Object",
                    "src": {
                      "text": "4,340,21,50",
                      "type": "4,340,13"
                    }
                  }
                ],
                "src": {
                  "name": "4,301,12",
                  "text": "4,302,4,1821"
                }
              }
            ]
          },
          {
            "$type": "properties",
            "items": [
              {
                "$type": "property",
                "access": "private",
                "name": "__ygDragDrop",
                "text": "Internal typeof flag\n",
                "src": {
                  "access": "3,221,8",
                  "name": "3,219,18",
                  "text": "3,220,8,21"
                }
              },
              {
                "$type": "property",
                "access": "private",
                "name": "_domRef",
                "text": "Cached reference to the linked element\n",
                "src": {
                  "access": "3,214,8",
                  "name": "3,212,18",
                  "text": "3,213,8,39"
                }
              },
              {
                "$type": "property",
                "name": "available",
                "text": "The available property is false until the linked dom element is accessible.\n",
                "type": "Boolean",
                "src": {
                  "name": "3,301,28",
                  "text": "3,302,8,76",
                  "type": "3,301,19"
                }
              },
              {
                "$type": "property",
                "name": "config",
                "text": "Configuration attributes passed into the constructor\n",
                "type": "Object",
                "src": {
                  "name": "3,86,27",
                  "text": "3,87,8,53",
                  "type": "3,86,19"
                }
              },
              {
                "$type": "property",
                "access": "private",
                "name": "constrainX",
                "text": "Set to true when horizontal contraints are applied\n",
                "type": "Boolean",
                "src": {
                  "access": "3,228,8",
                  "name": "3,226,28",
                  "text": "3,227,8,51",
                  "type": "3,226,19"
                }
              },
              {
                "$type": "property",
                "access": "private",
                "name": "constrainY",
                "text": "Set to true when vertical contraints are applied\n",
                "type": "Boolean",
                "src": {
                  "access": "3,235,8",
                  "name": "3,233,28",
                  "text": "3,234,8,49",
                  "type": "3,233,19"
                }
              },
              {
                "$type": "property",
                "name": "constructor",
                "text": " Specifies the function that creates an object's prototype.\n\n Returns a reference to the Object function that created the instance's prototype. Note that the\n value of this property is a reference to the function itself, not a string containing the\n function's name, but it isn't read only (except for primitive Boolean, Number or String values: 1,\n true, \"read-only\").\n\n All objects inherit a `constructor` property from their `{@link #property!prototype prototype}`:\n\n     o = new Object // or o = {} in JavaScript 1.2\n     o.constructor == Object\n     a = new Array // or a = [] in JavaScript 1.2\n     a.constructor == Array\n     n = new Number(3)\n     n.constructor == Number\n\n Even though you cannot construct most HTML objects, you can do comparisons. For example,\n\n     document.constructor == Document\n     document.form3.constructor == Form\n\n The following example creates a prototype, `Tree`, and an object of that type, theTree. The example then displays the `constructor` property for the object `theTree`.\n\n     function Tree(name) {\n         this.name = name;\n     }\n     theTree = new Tree(\"Redwood\");\n     console.log(\"theTree.constructor is \" + theTree.constructor);\n\n This example displays the following output:\n\n     theTree.constructor is function Tree(name) {\n         this.name = name;\n     }\n\n The following example shows how to modify constructor value of generic objects. Only true, 1 and\n \"test\" variable constructors will not be changed. This example explains that is not always so safe\n to believe in constructor function.\n\n     function Type(){};\n     var\ttypes = [\n \t    new Array,\t[],\n\t    new Boolean,\ttrue,\n\t    new Date,\n\t    new Error,\n\t    new Function,\tfunction(){},\n\t    Math,\n\t    new Number,\t1,\n\t    new Object,\t{},\n\t    new RegExp,\t/(?:)/,\n\t    new String,\t\"test\"\n     ];\n     for(var i = 0; i < types.length; i++){\n         types[i].constructor = Type;\n         types[i] = [types[i].constructor, types[i] instanceof Type, types[i].toString()];\n     };\n     alert(types.join(\"\\n\"));\n",
                "src": {
                  "name": "4,346,14",
                  "text": "4,347,3,1996"
                }
              },
              {
                "$type": "property",
                "name": "defaultPadding",
                "text": "Provides default constraint padding to \"constrainTo\" elements.\n",
                "type": "Object",
                "src": {
                  "name": "3,448,27",
                  "text": "3,449,8,63",
                  "type": "3,448,19"
                }
              },
              {
                "$type": "property",
                "access": "private",
                "name": "dragElId",
                "text": "The id of the element that will be dragged.  By default this is same\nas the linked element, but could be changed to another element. Ex:\nExt.dd.DDProxy\n",
                "type": "String",
                "src": {
                  "access": "3,96,8",
                  "name": "3,92,27",
                  "text": "3,93,8,152",
                  "type": "3,92,19"
                }
              },
              {
                "$type": "property",
                "name": "groups",
                "text": "The group defines a logical collection of DragDrop objects that are\nrelated.  Instances only get events when interacting with other\nDragDrop object in the same group.  This lets us define multiple\ngroups using a single DragDrop subclass if we want.\n\nAn object in the format {'group1':true, 'group2':true}\n",
                "type": "Object",
                "src": {
                  "name": "3,157,27",
                  "text": "3,158,8,305",
                  "type": "3,157,19"
                }
              },
              {
                "$type": "property",
                "access": "private",
                "name": "handleElId",
                "text": "The ID of the element that initiates the drag operation.  By default\nthis is the linked element, but could be changed to be a child of this\nelement.  This lets us do things like only starting the drag when the\nheader element within the linked html element is clicked.\n",
                "type": "String",
                "src": {
                  "access": "3,106,8",
                  "name": "3,101,27",
                  "text": "3,102,8,268",
                  "type": "3,101,19"
                }
              },
              {
                "$type": "property",
                "name": "hasOuterHandles",
                "text": "By default, drags can only be initiated if the mousedown occurs in the\nregion the linked element is.  This is done in part to work around a\nbug in some browsers that mis-report the mousedown if the previous\nmouseup happened outside of the window.  This property is set to true\nif outer handles are defined. Defaults to false.\n",
                "type": "Boolean",
                "src": {
                  "name": "3,307,28",
                  "text": "3,308,8,326",
                  "type": "3,307,19"
                }
              },
              {
                "$type": "property",
                "name": "id",
                "text": "The id of the element associated with this object.  This is what we\nrefer to as the \"linked element\" because the size and position of\nthis element is used to determine when the drag and drop objects have\ninteracted.\n",
                "type": "String",
                "src": {
                  "name": "3,77,27",
                  "text": "3,78,8,216",
                  "type": "3,77,19"
                }
              },
              {
                "$type": "property",
                "name": "ignoreSelf",
                "text": "Set to false to enable a DragDrop object to fire drag events while dragging\nover its own Element. Defaults to true - DragDrop objects do not by default\nfire drag events to themselves.\n",
                "type": "Boolean",
                "src": {
                  "name": "3,70,28",
                  "text": "3,71,8,184",
                  "type": "3,70,19"
                }
              },
              {
                "$type": "property",
                "name": "invalidHandleClasses",
                "text": "An Array of CSS class names for elements to be considered in valid as drag handles.\n",
                "type": "String[]",
                "src": {
                  "name": "3,135,29",
                  "text": "3,136,8,84",
                  "type": "3,135,19"
                }
              },
              {
                "$type": "property",
                "name": "invalidHandleIds",
                "text": "An object who's property names identify the IDs of elements to be considered invalid as drag handles.\nA non-null property value identifies the ID as invalid. For example, to prevent\ndragging from being initiated on element ID \"foo\", use:\n\n    {\n        foo: true\n    }\n",
                "type": "Object",
                "src": {
                  "name": "3,123,27",
                  "text": "3,124,8,269",
                  "type": "3,123,19"
                }
              },
              {
                "$type": "property",
                "name": "invalidHandleTypes",
                "text": "An object who's property names identify HTML tags to be considered invalid as drag handles.\nA non-null property value identifies the tag as invalid. Defaults to the\nfollowing value which prevents drag operations from being initiated by `<a>` elements:\n\n    {\n        A: \"A\"\n    }\n",
                "type": "Object",
                "src": {
                  "name": "3,111,27",
                  "text": "3,112,8,280",
                  "type": "3,111,19"
                }
              },
              {
                "$type": "property",
                "access": "private",
                "name": "isNotifyTarget",
                "src": {
                  "access": "1,60,8",
                  "name": "1,62,0"
                }
              },
              {
                "$type": "property",
                "access": "private",
                "name": "isTarget",
                "src": {
                  "access": "1,55,8",
                  "name": "1,57,0"
                }
              },
              {
                "$type": "property",
                "access": "private",
                "name": "locked",
                "text": "Individual drag/drop instances can be locked.  This will prevent\nonmousedown start drag.\n",
                "type": "Boolean",
                "src": {
                  "access": "3,171,8",
                  "name": "3,168,28",
                  "text": "3,169,8,89",
                  "type": "3,168,19"
                }
              },
              {
                "$type": "property",
                "name": "maintainOffset",
                "text": "Maintain offsets when we resetconstraints.  Set to true when you want\nthe position of the element relative to its parent to stay the same\nwhen the page changes\n",
                "type": "Boolean",
                "src": {
                  "name": "3,268,28",
                  "text": "3,269,8,160",
                  "type": "3,268,19"
                }
              },
              {
                "$type": "property",
                "access": "private",
                "name": "maxX",
                "text": "The right constraint\n",
                "type": "Number",
                "src": {
                  "access": "3,249,8",
                  "name": "3,247,27",
                  "text": "3,248,8,21",
                  "type": "3,247,19"
                }
              },
              {
                "$type": "property",
                "access": "private",
                "name": "maxY",
                "text": "The down constraint\n",
                "type": "Number",
                "src": {
                  "access": "3,263,8",
                  "name": "3,261,27",
                  "text": "3,262,8,20",
                  "type": "3,261,19"
                }
              },
              {
                "$type": "property",
                "access": "private",
                "name": "minX",
                "text": "The left constraint\n",
                "type": "Number",
                "src": {
                  "access": "3,242,8",
                  "name": "3,240,27",
                  "text": "3,241,8,20",
                  "type": "3,240,19"
                }
              },
              {
                "$type": "property",
                "access": "private",
                "name": "minY",
                "text": "The up constraint\n",
                "type": "Number",
                "src": {
                  "access": "3,256,8",
                  "name": "3,254,27",
                  "text": "3,255,8,18",
                  "type": "3,254,19"
                }
              },
              {
                "$type": "property",
                "name": "moveOnly",
                "text": "When set to true, other DD objects in cooperating DDGroups do not receive\nnotification events when this DD object is dragged over them.\n",
                "type": "Boolean",
                "src": {
                  "name": "3,183,28",
                  "text": "3,184,8,136",
                  "type": "3,183,19"
                }
              },
              {
                "$type": "property",
                "name": "padding",
                "text": "The padding configured for this drag and drop object for calculating\nthe drop zone intersection with this object.\nAn array containing the 4 padding values: [top, right, bottom, left]\n",
                "type": "Number[]",
                "src": {
                  "name": "3,204,29",
                  "text": "3,205,8,183",
                  "type": "3,204,19"
                }
              },
              {
                "$type": "property",
                "name": "primaryButtonOnly",
                "text": "By default the drag and drop instance will only respond to the primary\nbutton click (left button for a right-handed mouse).  Set to true to\nallow drag and drop to start with any mouse click that is propogated\nby the browser\n",
                "type": "Boolean",
                "src": {
                  "name": "3,292,28",
                  "text": "3,293,8,224",
                  "type": "3,292,19"
                }
              },
              {
                "$type": "property",
                "name": "prototype",
                "text": "Allows the addition of properties to all objects of type Object.\n",
                "src": {
                  "name": "4,46,14",
                  "text": "4,47,4,65"
                }
              },
              {
                "$type": "property",
                "access": "private",
                "name": "startPageX",
                "text": "The linked element's absolute X position at the time the drag was\nstarted\n",
                "type": "Number",
                "src": {
                  "access": "3,144,8",
                  "name": "3,141,27",
                  "text": "3,142,8,74",
                  "type": "3,141,19"
                }
              },
              {
                "$type": "property",
                "access": "private",
                "name": "startPageY",
                "text": "The linked element's absolute X position at the time the drag was\nstarted\n",
                "type": "Number",
                "src": {
                  "access": "3,152,8",
                  "name": "3,149,27",
                  "text": "3,150,8,74",
                  "type": "3,149,19"
                }
              },
              {
                "$type": "property",
                "name": "xTicks",
                "text": "Array of pixel locations the element will snap to if we specified a\nhorizontal graduation/interval.  This array is generated automatically\nwhen you define a tick interval.\n",
                "type": "Number[]",
                "src": {
                  "name": "3,276,29",
                  "text": "3,277,8,172",
                  "type": "3,276,19"
                }
              },
              {
                "$type": "property",
                "name": "yTicks",
                "text": "Array of pixel locations the element will snap to if we specified a\nvertical graduation/interval.  This array is generated automatically\nwhen you define a tick interval.\n",
                "type": "Number[]",
                "src": {
                  "name": "3,284,29",
                  "text": "3,285,8,170",
                  "type": "3,284,19"
                }
              }
            ]
          }
        ],
        "src": {
          "extends": "0,64,0",
          "name": "0,63,0",
          "requires": "0,65,0",
          "text": "0,2,4,3253"
        }
      }
    ]
  },
  "version": 1
}