{
  "$type": "doxi",
  "files": [
    "../../../ext/packages/core/src/app/ViewModel.js",
    "../../../../docs/docs/js/primitives/Object.js",
    "../../../ext/packages/core/src/mixin/Identifiable.js",
    "../../../ext/packages/core/src/mixin/Factoryable.js"
  ],
  "global": {
    "$type": "namespace",
    "items": [
      {
        "$type": "class",
        "alias": "viewmodel.default",
        "extended": "Object",
        "extends": "Object",
        "mixed": "Ext.mixin.Factoryable,Ext.mixin.Identifiable",
        "mixins": "Ext.mixin.Factoryable,Ext.mixin.Identifiable",
        "name": "Ext.app.ViewModel",
        "requires": "Ext.util.Scheduler,Ext.data.Session,Ext.app.bind.RootStub,Ext.app.bind.LinkStub,Ext.app.bind.Multi,Ext.app.bind.Formula,Ext.app.bind.TemplateBinding,Ext.data.ChainedStore",
        "text": "This class manages arbitrary data and its relationship to data models. Instances of\n`ViewModel` are associated with some `Component` and then used by their child items\nfor the purposes of Data Binding.\n\n# Binding\n\nThe most commonly used aspect of a `ViewModel` is the `{@link #method!bind bind}` method. This method takes\na \"bind descriptor\" (see below) and a callback to call when the data indicated by the\nbind descriptor either becomes available or changes.\n\nThe `{@link #method!bind bind}` method, based on the bind descriptor given, will return different types of\n\"binding\" objects. These objects maintain the connection between the requested data and\nthe callback. Bindings ultimately derive from `{@link Ext.app.bind.BaseBinding}`\nwhich provides several methods to help manage the binding.\n\nPerhaps the most important method is `destroy`. When the binding is no longer needed\nit is important to remember to `destroy` it. Leaking bindings can cause performance\nproblems or worse when callbacks are called at unexpected times.\n\nThe types of bindings produced by `{@link #method!bind bind}` are:\n\n  * `{@link Ext.app.bind.Binding}`\n  * `{@link Ext.app.bind.Multi}`\n  * `{@link Ext.app.bind.TemplateBinding}`\n\n## Bind Descriptors\n\nA \"bind descriptor\" is a value (a String, an Object or an array of these) that describe\nthe desired data. Any piece of data in the `ViewModel` can be described by a bind\ndescriptor.\n\n### Textual Bind Descriptors\n\nThe simplest and most common form of bind descriptors are strings that look like an\n`{@link Ext.Template}` containing text and tokens surrounded by \"{}\" with dot notation inside\nto traverse objects and their properties.\n\nFor example:\n\n  * `'Hello {user.name}!'`\n  * `'You have selected \"{selectedItem.text}\".'`\n  * `'{user.groups}'`\n\nThe first two bindings are `{@link Ext.app.bind.TemplateBinding}`\nwhich use the familiar `{@link Ext.Template}` syntax with some slight differences. For more on\ntemplates see `{@link Ext.app.bind.Template}`.\n\nThe third bind descriptor is called a \"direct bind descriptor\". This special form of\nbind maps one-to-one to some piece of data in the `ViewModel` and is managed by the\n`{@link Ext.app.bind.Binding}` class.\n\n#### Two-Way Descriptors\n\nA direct bind descriptor may be able to write back a value to the `ViewModel` as well\nas retrieve one. When this is the case, they are said to be \"two-way\". For example:\n\n     var binding = viewModel.bind('{s}', function(x) { console.log('s=' + s); });\n\n     binding.setValue('abc');\n\nDirect use of `ViewModel` in this way is not commonly needed because `{@link Ext.Component}`\nautomates this process. For example, a `textfield` component understands when it is\ngiven a \"two-way\" binding and automatically synchronizes its value bidirectionally using\nthe above technique. For example:\n\n     Ext.widget({\n         items: [{\n             xtype: 'textfield',\n             bind: '{s}'  // a two-way / direct bind descriptor\n         }]\n     });\n\n### Object and Array Descriptors / Multi-Bind\n\nWith two exceptions (see below) an Object is interpreted as a \"shape\" to produce by\ntreating each of its properties as individual bind descriptors. An object of the same\nshape is passed as the value of the bind except that each property is populated with\nthe appropriate value. Of course, this definition is recursive, so these properties\nmay also be objects.\n\nFor example:\n\n     viewModel.bind({\n             x: '{x}',\n             foo: {\n                 bar: 'Hello {foo.bar}'\n             }\n         },\n         function (obj) {\n             //  obj = {\n             //      x: 42,\n             //      foo: {\n             //          bar: 'Hello foobar'\n             //      }\n             //  }\n         });\n\nArrays are handled in the same way. Each element of the array is considered a bind\ndescriptor (recursively) and the value produced for the binding is an array with each\nelement set to the bound property.\n\n### Bind Options\n\nOne exception to the \"object is a multi-bind\" rule is when that object contains a\n`bindTo` property. When an object contains a `bindTo` property the object is understood\nto contain bind options and the value of `bindTo` is considered the actual bind\ndescriptor.\n\nFor example:\n\n     viewModel.bind({\n             bindTo: '{x}',\n             single: true\n         },\n         function (x) {\n             console.log('x: ' + x); // only called once\n         });\n\nThe available bind options depend on the type of binding, but since all bindings\nderive from `{@link Ext.app.bind.BaseBinding}` its options are always applicable.\nFor a list of the other types of bindings, see above.\n\n#### Deep Binding\n\nWhen a direct bind is made and the bound property is an object, by default the binding\ncallback is only called when that reference changes. This is the most efficient way to\nunderstand a bind of this type, but sometimes you may need to be notified if any of the\nproperties of that object change.\n\nTo do this, we create a \"deep bind\":\n\n     viewModel.bind({\n             bindTo: '{someObject}',\n             deep: true\n         },\n         function (someObject) {\n             // called when reference changes or *any* property changes\n         });\n\n#### Binding Timings\n\nThe `ViewModel` has a {@link #cfg!scheduler #scheduler} attached that is used to coordinate the firing of bindings.\nIt serves 2 main purposes:\n- To coordinate dependencies between bindings. This means bindings will be fired in an order such that\nthe any dependencies for a binding are fired before the binding itself.\n- To batch binding firings. The scheduler runs on a short timer, so the following code will only trigger\na single binding (the last), the changes in between will never be triggered.\n\n    viewModel.bind('{val}', function(v) {\n        console.log(v);\n    });\n    viewModel.set('val', 1);\n    viewModel.set('val', 2);\n    viewModel.set('val', 3);\n    viewModel.set('val', 4);\n\nThe `ViewModel` can be forced to process by calling `{@link #method!notify #notify}`, which will force the\nscheduler to run immediately in the current state.\n\n    viewModel.bind('{val}', function(v) {\n        console.log(v);\n    });\n    viewModel.set('val', 1);\n    viewModel.notify();\n    viewModel.set('val', 2);\n    viewModel.notify();\n    viewModel.set('val', 3);\n    viewModel.notify();\n    viewModel.set('val', 4);\n    viewModel.notify();\n\n\n#### Models, Stores and Associations\n\nA {@link Ext.data.Session} manages model instances and their associations.\nThe `ViewModel` may be used with or without a `Session`. When a `Session` is attached, the\n`ViewModel` will always consult the `Session` to ask about records and stores. The `Session`\nensures that only a single instance of each model Type/Id combination is created. This is\nimportant when tracking changes in models so that we always have the same reference.\n\nA `ViewModel` provides functionality to easily consume the built in data package types\n{@link Ext.data.Model} and {@link Ext.data.Store}, as well as their associations.\n\n### Model Links\n\nA model can be described declaratively using a {@link #cfg!links #links}. In the example code below,\nWe ask the `ViewModel` to construct a record of type `User` with `id: 17`. The model will be loaded\nfrom the server and the bindings will trigger once the load has completed. Similarly, we could also\nattach a model instance to the `ViewModel` data directly.\n\n    Ext.define('MyApp.model.User', {\n        extend: 'Ext.data.Model',\n        fields: ['name']\n    });\n\n    var rec = new MyApp.model.User({\n        id: 12,\n        name: 'Foo'\n    });\n\n    var viewModel = new Ext.app.ViewModel({\n        links: {\n            theUser: {\n                type: 'User',\n                id: 17\n            }\n        },\n        data: {\n            otherUser: rec\n        }\n    });\n    viewModel.bind('{theUser.name}', function(v) {\n        console.log(v);\n    });\n    viewModel.bind('{otherUser.name}', function(v) {\n        console.log(v);\n    });\n\n### Model Fields\n\nBindings have the functionality to inspect the parent values and resolve the underlying\nvalue dynamically. This behavior allows model fields to be interrogated as part of a binding.\n\n    Ext.define('MyApp.model.User', {\n        extend: 'Ext.data.Model',\n        fields: ['name', 'age']\n    });\n\n    var viewModel = new Ext.app.ViewModel({\n        links: {\n            theUser: {\n                type: 'User',\n                id: 22\n            }\n        }\n    });\n\n    // Server responds with:\n    {\n        \"id\": 22,\n        \"name\": \"Foo\",\n        \"age\": 100\n    }\n\n    viewModel.bind('Hello {name}, you are {age} years old', function(v) {\n        console.log(v);\n    });\n\n### Associations\n\nIn the same way as fields, the bindings can also traverse associations in a bind statement.\nThe `ViewModel` will handle the asynchronous loading of data and only present the value once\nthe full path has been loaded. For more information on associations see {@link Ext.data.schema.OneToOne} and\n{@link Ext.data.schema.ManyToOne} associations.\n\n    Ext.define('User', {\n        extend: 'Ext.data.Model',\n        fields: ['name']\n    });\n\n    Ext.define('Order', {\n        extend: 'Ext.data.Model',\n        fields: ['date', {\n            name: 'userId',\n            reference: 'User'\n        }]\n    });\n\n    Ext.define('OrderItem', {\n        extend: 'Ext.data.Model',\n        fields: ['price', 'qty', {\n            name: 'orderId',\n            reference: 'Order'\n        }]\n    });\n\n    var viewModel = new Ext.app.ViewModel({\n        links: {\n            orderItem: {\n                type: 'OrderItem',\n                id: 13\n            }\n        }\n    });\n    // The viewmodel will handle both ways of loading the data:\n    // a) If the data is loaded inline in a nested fashion it will\n    //    not make requests for extra data\n    // b) Only loading a single model at a time. So the Order will be loaded once\n    //    the OrderItem returns. The User will be loaded once the Order loads.\n    viewModel.bind('{orderItem.order.user.name}', function(name) {\n        console.log(name);\n    });\n\n### Stores\n\nStores can be created as part of the `ViewModel` definition. The definitions are processed\nlike bindings which allows for very powerful dynamic functionality.\n\nIt is important to ensure that you name viewModel's data keys uniquely. If data is not named\nuniquely, binds and formulas may receive information from an unintended data source.\nThis applies to keys in the viewModel's data block, stores, and links configs.\n\n    var viewModel = new Ext.app.ViewModel({\n        stores: {\n            users: {\n                model: 'User',\n                autoLoad: true,\n                filters: [{\n                    property: 'createdDate',\n                    value: '{createdFilter}',\n                    operator: '>'\n                }]\n            }\n        }\n    });\n    // Later on in our code, we set the date so that the store is created.\n    viewModel.set('createdFilter', Ext.Date.subtract(new Date(), Ext.Date.DAY, 7));\n\nSee {@link #cfg!stores #stores} for more detail.\n\n#### Formulas\n\nFormulas allow for calculated `ViewModel` data values. The dependencies for these formulas\nare automatically determined so that the formula will not be processed until the required\ndata is present.\n\n    var viewModel = new Ext.app.ViewModel({\n        formulas: {\n            fullName: function(get) {\n                return get('firstName') + ' ' + get('lastName');\n            }\n        },\n        data: {firstName: 'John', lastName: 'Smith'}\n    });\n\n    viewModel.bind('{fullName}', function(v) {\n        console.log(v);\n    });\n\nSee {@link #cfg!formulas #formulas} for more detail.\n",
        "items": [
          {
            "$type": "configs",
            "items": [
              {
                "$type": "property",
                "name": "data",
                "since": "5.0.0",
                "text": "This object holds the arbitrary data that populates the `ViewModel` and is\nthen available for binding.\n",
                "type": "Object",
                "src": {
                  "name": "0,377,26",
                  "since": "0,380,19",
                  "text": "0,378,12,103",
                  "type": "0,377,18"
                }
              },
              {
                "$type": "property",
                "name": "formulas",
                "since": "5.0.0",
                "text": "An object that defines named values whose value is managed by function calls.\nThe names of the properties of this object are assigned as values in the\nViewModel.\n\nFor example:\n\n     formulas: {\n         xy: function (get) { return get('x') * get('y'); }\n     }\n\nFor more details about defining a formula, see `{@link Ext.app.bind.Formula}`.\n",
                "type": "Object",
                "src": {
                  "name": "0,385,26",
                  "since": "0,397,19",
                  "text": "0,386,12,341",
                  "type": "0,385,18"
                }
              },
              {
                "$type": "property",
                "name": "links",
                "since": "5.0.0",
                "text": "Links provide a way to assign a simple name to a more complex bind. The primary\nuse for this is to assign names to records in the data model.\n\n     links: {\n         theUser: {\n             type: 'User',\n             id: 12\n         }\n     }\n\nIt is also possible to force a new phantom record to be created by not specifying an\nid but passing `create: true` as part of the descriptor. This is often useful when\ncreating a new record for a child session.\n\n    links: {\n        newUser: {\n            type: 'User',\n            create: true\n        }\n    }\n\n`create` can also be an object containing initial data for the record.\n\n    links: {\n        newUser: {\n            type: 'User',\n            create: {\n                firstName: 'John',\n                lastName: 'Smith'\n            }\n        }\n    }\n\nWhile that is the typical use, the value of each property in `{@link #cfg!links links}` may also be\na bind descriptor (see `{@link #method!bind #method-bind}` for the various forms of bind\ndescriptors).\n",
                "type": "Object",
                "src": {
                  "name": "0,407,26",
                  "since": "0,444,19",
                  "text": "0,408,12,978",
                  "type": "0,407,18"
                }
              },
              {
                "$type": "property",
                "name": "parent",
                "readonly": true,
                "since": "5.0.0",
                "text": "The parent `ViewModel` of this `ViewModel`. Once set, this cannot be changed.\n",
                "type": "Ext.app.ViewModel",
                "src": {
                  "name": "0,449,37",
                  "readonly": "0,451,12",
                  "since": "0,452,19",
                  "text": "0,450,12,78",
                  "type": "0,449,18"
                }
              },
              {
                "$type": "property",
                "access": "private",
                "name": "root",
                "since": "5.0.0",
                "text": "A reference to the root \"stub\" (an object that manages bindings).\n",
                "type": "Ext.app.bind.RootStub",
                "src": {
                  "access": "0,459,12",
                  "name": "0,457,41",
                  "since": "0,460,19",
                  "text": "0,458,12,66",
                  "type": "0,457,18"
                }
              },
              {
                "$type": "property",
                "access": "private",
                "name": "scheduler",
                "readonly": true,
                "since": "5.0.0",
                "text": "The scheduler used to schedule and manage the delivery of notifications for\nall connections to this `ViewModel` and any other attached to it. The normal\nprocess to initialize the `{@link #cfg!scheduler scheduler}` is to get the scheduler used by the\n`{@link #cfg!parent parent}` or `{@link #cfg!session session}` and failing either of those, create one.\n",
                "type": "Ext.util.Scheduler",
                "src": {
                  "access": "0,471,12",
                  "name": "0,465,38",
                  "readonly": "0,470,12",
                  "since": "0,472,19",
                  "text": "0,466,12,290",
                  "type": "0,465,18"
                }
              },
              {
                "$type": "property",
                "name": "schema",
                "text": "The schema to use for getting information about entities.\n",
                "type": "String/Ext.data.schema.Schema",
                "src": {
                  "name": "0,477,49",
                  "text": "0,478,12,58",
                  "type": "0,477,18"
                }
              },
              {
                "$type": "property",
                "name": "session",
                "since": "5.0.0",
                "text": "The session used to manage the data model (records and stores).\n",
                "type": "Ext.data.Session",
                "src": {
                  "name": "0,483,36",
                  "since": "0,485,19",
                  "text": "0,484,12,64",
                  "type": "0,483,18"
                }
              },
              {
                "$type": "property",
                "name": "stores",
                "since": "5.0.0",
                "text": "A declaration of `{@link Ext.data.Store}` configurations that are first processed as\nbinds to produce an effective store configuration.\n\nA simple store definition. We can reference this in our bind statements using the\n`{users}` as we would with other data values.\n\n    new Ext.app.ViewModel({\n        stores: {\n            users: {\n                model: 'User',\n                autoLoad: true\n            }\n        }\n    });\n\nThis store definition contains a dynamic binding. The store will not be created until\nthe initial value for groupId is set. Once that occurs, the store is created with the appropriate\nfilter configuration. Subsequently, once we change the group value, the old filter will be\noverwritten with the new value.\n\n    var viewModel = new Ext.app.ViewModel({\n        stores: {\n            users: {\n                model: 'User',\n                filters: [{\n                    property: 'groupId',\n                    value: '{groupId}'\n                }]\n            }\n        }\n    });\n    viewModel.set('groupId', 1); // This will trigger the store creation with the filter.\n    viewModel.set('groupId', 2); // The filter value will be changed.\n\nThis store uses {@link Ext.data.ChainedStore} to create a store backed by the\ndata in another store. By specifying a string as the store, it will bind our creation and backing\nto the other store. This functionality is especially useful when wanting to display a different \"view\"\nof a store, for example a different sort order or different filters.\n\n    var viewModel = new Ext.app.ViewModel({\n        stores: {\n            allUsers: {\n                model: 'User',\n                autoLoad: true\n            },\n            children: {\n                source: '{allUsers}',\n                filters: [{\n                    property: 'age',\n                    value: 18,\n                    operator: '<'\n                }]\n            }\n        }\n    });\n",
                "type": "Object",
                "src": {
                  "name": "0,491,26",
                  "since": "0,548,19",
                  "text": "0,492,12,1933",
                  "type": "0,491,18"
                }
              },
              {
                "$type": "property",
                "name": "view",
                "since": "5.0.0",
                "text": "The Container that owns this `ViewModel` instance.\n",
                "type": "Ext.container.Container",
                "src": {
                  "name": "0,553,43",
                  "since": "0,555,19",
                  "text": "0,554,12,51",
                  "type": "0,553,18"
                }
              }
            ]
          },
          {
            "$type": "methods",
            "items": [
              {
                "$type": "method",
                "name": "bind",
                "text": "This method requests that data in this `ViewModel` be delivered to the specified\n`callback`. The data desired is given in a \"bind descriptor\" which is the first\nargument.\n\nA simple call might look like this:\n\n    var binding = vm.bind('{foo}', this.onFoo, this);\n\n    binding.destroy();  // when done with the binding\n\nOptions for the binding can be provided in the last argument:\n\n    var binding = vm.bind('{foo}', this.onFoo, this, {\n        deep: true\n    });\n\nAlternatively, bind options can be combined with the bind descriptor using only\nthe first argument:\n\n    var binding = vm.bind({\n        bindTo: '{foo}',  // the presence of bindTo identifies this form\n        deep: true\n    }, this.onFoo, this);\n\nSee the class documentation for more details on Bind Descriptors and options.\n",
                "items": [
                  {
                    "$type": "param",
                    "name": "descriptor",
                    "text": "The bind descriptor. See class description\nfor details.\n",
                    "type": "String/Object/Array",
                    "src": {
                      "name": "0,677,37",
                      "text": "0,677,48,43:0,678,8,13",
                      "type": "0,677,16"
                    }
                  },
                  {
                    "$type": "param",
                    "name": "callback",
                    "text": "The function to call with the value of the bound property.\n",
                    "type": "Function",
                    "src": {
                      "name": "0,679,26",
                      "text": "0,679,35,59",
                      "type": "0,679,16"
                    }
                  },
                  {
                    "$type": "param",
                    "name": "scope",
                    "optional": true,
                    "text": "The scope (`this` pointer) for the `callback`.\n",
                    "type": "Object",
                    "src": {
                      "name": "0,680,25",
                      "text": "0,680,32,47",
                      "type": "0,680,16"
                    }
                  },
                  {
                    "$type": "param",
                    "name": "options",
                    "optional": true,
                    "text": "Additional options to configure the {@link Ext.app.bind.Binding}.\nIf this parameter is provided, the `bindTo` form of combining options and bind descriptor is not\nrecognized.\n",
                    "type": "Object",
                    "src": {
                      "name": "0,681,25",
                      "text": "0,681,34,74:0,682,8,109",
                      "type": "0,681,16"
                    }
                  },
                  {
                    "$type": "return",
                    "text": "The binding.\n",
                    "type": "Ext.app.bind.BaseBinding/Ext.app.bind.Binding",
                    "src": {
                      "text": "0,684,64,13",
                      "type": "0,684,17"
                    }
                  }
                ],
                "src": {
                  "name": "0,686,0",
                  "text": "0,651,8,792"
                }
              },
              {
                "$type": "method",
                "name": "constructor",
                "text": "Creates new Object.\n",
                "items": [
                  {
                    "$type": "param",
                    "name": "value",
                    "optional": true,
                    "text": "The value to wrap.\n",
                    "type": "Object",
                    "src": {
                      "name": "1,40,21",
                      "text": "1,40,28,19",
                      "type": "1,40,12"
                    }
                  }
                ],
                "src": {
                  "name": "1,38,12",
                  "text": "1,39,4,20"
                }
              },
              {
                "$type": "method",
                "name": "get",
                "text": "Get a value from the data for this viewmodel.\n",
                "items": [
                  {
                    "$type": "param",
                    "name": "path",
                    "text": "The path of the data to retrieve.\n\n   var value = vm.get('theUser.address.city');\n",
                    "type": "String",
                    "src": {
                      "name": "0,819,24",
                      "text": "0,819,29,34:0,820,8,49",
                      "type": "0,819,16"
                    }
                  },
                  {
                    "$type": "return",
                    "text": "The data stored at the passed path.\n",
                    "type": "Object",
                    "src": {
                      "text": "0,823,25,36",
                      "type": "0,823,17"
                    }
                  }
                ],
                "src": {
                  "name": "0,825,0",
                  "text": "0,818,8,46"
                }
              },
              {
                "$type": "method",
                "name": "getId",
                "text": "Retrieves the id of this component. Will autogenerate an id if one has not already been set.\n",
                "items": [
                  {
                    "$type": "return",
                    "text": "id\n",
                    "type": "String",
                    "src": {
                      "text": "2,75,25,3",
                      "type": "2,75,17"
                    }
                  }
                ],
                "src": {
                  "name": "2,77,0",
                  "text": "2,74,8,93"
                }
              },
              {
                "$type": "method",
                "access": "private",
                "name": "getRecord",
                "text": "Get a record instance given a reference descriptor. Will ask\nthe session if one exists.\n",
                "items": [
                  {
                    "$type": "param",
                    "name": "type",
                    "text": "The model type.\n",
                    "type": "String/Ext.Class",
                    "src": {
                      "name": "0,893,38",
                      "text": "0,893,43,16",
                      "type": "0,893,20"
                    }
                  },
                  {
                    "$type": "param",
                    "name": "id",
                    "text": "The model id.\n",
                    "type": "Object",
                    "src": {
                      "name": "0,894,28",
                      "text": "0,894,31,14",
                      "type": "0,894,20"
                    }
                  },
                  {
                    "$type": "return",
                    "text": "The model instance.\n",
                    "type": "Ext.data.Model",
                    "src": {
                      "text": "0,895,37,20",
                      "type": "0,895,21"
                    }
                  }
                ],
                "src": {
                  "access": "0,896,12",
                  "name": "0,898,0",
                  "text": "0,891,12,88"
                }
              },
              {
                "$type": "method",
                "name": "getSession",
                "text": "Gets the session attached to this (or a parent) ViewModel. See the {@link #cfg!session #session} configuration.\n",
                "items": [
                  {
                    "$type": "return",
                    "text": "The session. `{@link null}` if no session exists.\n",
                    "type": "Ext.data.Session",
                    "src": {
                      "text": "0,718,35,42",
                      "type": "0,718,17"
                    }
                  }
                ],
                "src": {
                  "name": "0,720,0",
                  "text": "0,717,8,99"
                }
              },
              {
                "$type": "method",
                "name": "getStore",
                "text": "Gets a store configured via the {@link #cfg!stores #stores} configuration.\n",
                "items": [
                  {
                    "$type": "param",
                    "name": "key",
                    "text": "The name of the store.\n",
                    "type": "String",
                    "src": {
                      "name": "0,734,24",
                      "text": "0,734,28,23",
                      "type": "0,734,16"
                    }
                  },
                  {
                    "$type": "return",
                    "text": "The store. `{@link null}` if no store exists.\n",
                    "type": "Ext.data.Store",
                    "src": {
                      "text": "0,735,33,38",
                      "type": "0,735,17"
                    }
                  }
                ],
                "src": {
                  "name": "0,737,0",
                  "text": "0,733,8,63"
                }
              },
              {
                "$type": "method",
                "hide": true,
                "name": "getStores",
                "src": {
                  "hide": "0,749,8",
                  "name": "0,748,16"
                }
              },
              {
                "$type": "method",
                "access": "private",
                "name": "getStub",
                "text": "This method looks up the `Stub` for a single bind descriptor.\n",
                "items": [
                  {
                    "$type": "param",
                    "name": "bindDescr",
                    "text": "The bind descriptor.\n",
                    "type": "String/Object",
                    "src": {
                      "name": "0,980,35",
                      "text": "0,980,45,21",
                      "type": "0,980,20"
                    }
                  },
                  {
                    "$type": "return",
                    "text": "The `Stub` associated to the bind descriptor.\n",
                    "type": "Ext.app.bind.AbstractStub",
                    "src": {
                      "text": "0,981,48,46",
                      "type": "0,981,21"
                    }
                  }
                ],
                "src": {
                  "access": "0,982,12",
                  "name": "0,984,0",
                  "text": "0,979,12,62"
                }
              },
              {
                "$type": "method",
                "name": "hasOwnProperty",
                "text": "Returns a boolean indicating whether an object contains the specified property as a direct property\nof that object and not inherited through the prototype chain.\n\nEvery object descended from `{@link Object}` inherits the `{@link #method!hasOwnProperty hasOwnProperty}` method. This method can be used\nto determine whether an object has the specified property as a direct property of that object;\nunlike the `in` operator, this method does not check down the object's prototype chain.\n\nThe following example determines whether the o object contains a property named prop:\n\n    o = new Object();\n    o.prop = 'exists';\n\n    function changeO() {\n        o.newprop = o.prop;\n        delete o.prop;\n    }\n\n    o.hasOwnProperty('prop');   //returns true\n    changeO();\n    o.hasOwnProperty('prop');   //returns false\n\nThe following example differentiates between direct properties and properties inherited through the\nprototype chain:\n\n    o = new Object();\n    o.prop = 'exists';\n    o.hasOwnProperty('prop');             // returns true\n    o.hasOwnProperty('toString');         // returns false\n    o.hasOwnProperty('hasOwnProperty');   // returns false\n\nThe following example shows how to iterate over the properties of an object without executing on\ninherit properties.\n\n    var buz = {\n        fog: 'stack'\n    };\n\n    for (var name in buz) {\n        if (buz.hasOwnProperty(name)) {\n            alert(\"this is fog (\" + name + \") for sure. Value: \" + buz[name]);\n        }\n        else {\n            alert(name); // toString or something else\n        }\n    }\n",
                "items": [
                  {
                    "$type": "param",
                    "name": "prop",
                    "text": "The name of the property to test.\n",
                    "type": "String",
                    "src": {
                      "name": "1,100,20",
                      "text": "1,100,25,34",
                      "type": "1,100,12"
                    }
                  },
                  {
                    "$type": "return",
                    "text": "Returns true if object contains specified property; else\nreturns false.\n",
                    "type": "Boolean",
                    "src": {
                      "text": "1,101,22,57:1,102,4,15",
                      "type": "1,101,13"
                    }
                  }
                ],
                "src": {
                  "name": "1,53,12",
                  "text": "1,54,4,1520"
                }
              },
              {
                "$type": "method",
                "name": "isPrototypeOf",
                "text": "Returns a boolean indication whether the specified object is in the prototype chain of the object\nthis method is called upon.\n\n`{@link #method!isPrototypeOf isPrototypeOf}` allows you to check whether or not an object exists within another object's\nprototype chain.\n\nFor example, consider the following prototype chain:\n\n    function Fee() {\n        // . . .\n    }\n\n    function Fi() {\n        // . . .\n    }\n    Fi.prototype = new Fee();\n\n    function Fo() {\n        // . . .\n    }\n    Fo.prototype = new Fi();\n\n    function Fum() {\n        // . . .\n    }\n    Fum.prototype = new Fo();\n\nLater on down the road, if you instantiate `Fum` and need to check if `Fi`'s prototype exists\nwithin the `Fum` prototype chain, you could do this:\n\n    var fum = new Fum();\n    . . .\n\n    if (Fi.prototype.isPrototypeOf(fum)) {\n    // do something safe\n    }\n\nThis, along with the `instanceof` operator particularly comes in handy if you have code that can\nonly function when dealing with objects descended from a specific prototype chain, e.g., to\nguarantee that certain methods or properties will be present on that object.\n",
                "items": [
                  {
                    "$type": "param",
                    "name": "prototype",
                    "text": "an object to be tested against each link in the prototype chain of the\n*object* argument\n",
                    "type": "Object",
                    "src": {
                      "name": "1,148,20",
                      "text": "1,148,30,71:1,149,4,18",
                      "type": "1,148,12"
                    }
                  },
                  {
                    "$type": "param",
                    "name": "object",
                    "text": "the object whose prototype chain will be searched\n",
                    "type": "Object",
                    "src": {
                      "name": "1,150,20",
                      "text": "1,150,27,50",
                      "type": "1,150,12"
                    }
                  },
                  {
                    "$type": "return",
                    "text": "Returns true if object is a prototype and false if not.\n",
                    "type": "Boolean",
                    "src": {
                      "text": "1,151,22,56",
                      "type": "1,151,13"
                    }
                  }
                ],
                "src": {
                  "name": "1,106,12",
                  "text": "1,107,4,1084"
                }
              },
              {
                "$type": "method",
                "name": "linkTo",
                "text": "Create a link to a reference. See the {@link #cfg!links #links} configuration.\n",
                "items": [
                  {
                    "$type": "param",
                    "name": "key",
                    "text": "The name for the link.\n",
                    "type": "String",
                    "src": {
                      "name": "0,754,24",
                      "text": "0,754,28,23",
                      "type": "0,754,16"
                    }
                  },
                  {
                    "$type": "param",
                    "name": "reference",
                    "text": "The reference descriptor.\n",
                    "type": "Object",
                    "src": {
                      "name": "0,755,24",
                      "text": "0,755,34,26",
                      "type": "0,755,16"
                    }
                  }
                ],
                "src": {
                  "name": "0,757,0",
                  "text": "0,753,8,68"
                }
              },
              {
                "$type": "method",
                "name": "notify",
                "text": "Forces all bindings in this ViewModel hierarchy to evaluate immediately. Use this to do a synchronous flush\nof all bindings.\n",
                "src": {
                  "name": "0,813,0",
                  "text": "0,810,8,125"
                }
              },
              {
                "$type": "method",
                "name": "propertyIsEnumerable",
                "text": "Returns a boolean indicating if the internal ECMAScript DontEnum attribute is set.\n\nEvery object has a `{@link #method!propertyIsEnumerable propertyIsEnumerable}` method. This method can determine whether the specified\nproperty in an object can be enumerated by a `for...in` loop, with the exception of properties\ninherited through the prototype chain. If the object does not have the specified property, this\nmethod returns false.\n\nThe following example shows the use of `{@link #method!propertyIsEnumerable propertyIsEnumerable}` on objects and arrays:\n\n    var o = {};\n    var a = [];\n    o.prop = 'is enumerable';\n    a[0] = 'is enumerable';\n\n    o.propertyIsEnumerable('prop');   // returns true\n    a.propertyIsEnumerable(0);        // returns true\n\nThe following example demonstrates the enumerability of user-defined versus built-in properties:\n\n    var a = ['is enumerable'];\n\n    a.propertyIsEnumerable(0);          // returns true\n    a.propertyIsEnumerable('length');   // returns false\n\n    Math.propertyIsEnumerable('random');   // returns false\n    this.propertyIsEnumerable('Math');     // returns false\n\nDirect versus inherited properties\n\n    var a = [];\n    a.propertyIsEnumerable('constructor');         // returns false\n\n    function firstConstructor()\n    {\n        this.property = 'is not enumerable';\n    }\n    firstConstructor.prototype.firstMethod = function () {};\n\n    function secondConstructor()\n    {\n        this.method = function method() { return 'is enumerable'; };\n    }\n\n    secondConstructor.prototype = new firstConstructor;\n    secondConstructor.prototype.constructor = secondConstructor;\n\n    var o = new secondConstructor();\n    o.arbitraryProperty = 'is enumerable';\n\n    o.propertyIsEnumerable('arbitraryProperty');   // returns true\n    o.propertyIsEnumerable('method');              // returns true\n    o.propertyIsEnumerable('property');            // returns false\n\n    o.property = 'is enumerable';\n\n    o.propertyIsEnumerable('property');            // returns true\n\n    // These return false as they are on the prototype which\n    // propertyIsEnumerable does not consider (even though the last two\n    // are iteratable with for-in)\n    o.propertyIsEnumerable('prototype'); // returns false (as of JS 1.8.1/FF3.6)\n    o.propertyIsEnumerable('constructor'); // returns false\n    o.propertyIsEnumerable('firstMethod'); // returns false\n",
                "items": [
                  {
                    "$type": "param",
                    "name": "prop",
                    "text": "The name of the property to test.\n",
                    "type": "String",
                    "src": {
                      "name": "1,220,20",
                      "text": "1,220,25,34",
                      "type": "1,220,12"
                    }
                  },
                  {
                    "$type": "return",
                    "text": "If the object does not have the specified property, this\nmethod returns false.\n",
                    "type": "Boolean",
                    "src": {
                      "text": "1,221,22,57:1,222,4,22",
                      "type": "1,221,13"
                    }
                  }
                ],
                "src": {
                  "name": "1,155,12",
                  "text": "1,156,4,2313"
                }
              },
              {
                "$type": "method",
                "name": "set",
                "text": "Set  a value in the data for this viewmodel.\n",
                "items": [
                  {
                    "$type": "param",
                    "name": "path",
                    "text": "The path of the value to set, or an object literal to set\nat the root of the viewmodel.\n",
                    "type": "Object/String",
                    "src": {
                      "name": "0,831,31",
                      "text": "0,831,36,58:0,832,8,30",
                      "type": "0,831,16"
                    }
                  },
                  {
                    "$type": "param",
                    "name": "value",
                    "text": "The data to set at the value. If the value is an object literal,\nany required paths will be created.\n\n    // Set a single property at the root level\n    viewModel.set('expiry', Ext.Date.add(new Date(), Ext.Date.DAY, 7));\n    console.log(viewModel.get('expiry'));\n    // Sets a single property in user.address, does not overwrite any hierarchy.\n    viewModel.set('user.address.city', 'London');\n    console.log(viewModel.get('user.address.city'));\n    // Sets 2 properties of \"user\". Overwrites any existing hierarchy.\n    viewModel.set('user', {firstName: 'Foo', lastName: 'Bar'});\n    console.log(viewModel.get('user.firstName'));\n    // Sets a single property at the root level. Overwrites any existing hierarchy.\n    viewModel.set({rootKey: 1});\n    console.log(viewModel.get('rootKey'));\n",
                    "type": "Object",
                    "src": {
                      "name": "0,833,24",
                      "text": "0,833,30,65:0,834,8,727",
                      "type": "0,833,16"
                    }
                  }
                ],
                "src": {
                  "name": "0,849,0",
                  "text": "0,830,8,45"
                }
              },
              {
                "$type": "method",
                "name": "toLocaleString",
                "text": "Returns a string representing the object. This method is meant to be overridden by derived objects\nfor locale-specific purposes.\n\n`{@link Object}`'s `{@link #method!toLocaleString toLocaleString}` returns the result of calling `{@link #method!toString toString}`.\n\nThis function is provided to give objects a generic `{@link #method!toLocaleString toLocaleString}` method, even though not all\nmay use it. Currently, only `{@link Array}`, `{@link Number}`, and `{@link Date}` override `{@link #method!toLocaleString toLocaleString}`.\n",
                "items": [
                  {
                    "$type": "return",
                    "text": "Object represented as a string.\n",
                    "type": "String",
                    "src": {
                      "text": "1,235,21,32",
                      "type": "1,235,13"
                    }
                  }
                ],
                "src": {
                  "name": "1,226,12",
                  "text": "1,227,4,384"
                }
              },
              {
                "$type": "method",
                "name": "toString",
                "text": "Returns a string representation of the object.\n\nEvery object has a `toString()` method that is automatically called when the object is to be\nrepresented as a text value or when an object is referred to in a manner in which a string is\nexpected. By default, the `toString()` method is inherited by every object descended from `{@link Object}`.\nIf this method is not overridden in a custom object, `toString()` returns \"[object type]\", where\n`type` is the object type. The following code illustrates this:\n\n    var o = new Object();\n    o.toString();           // returns [object Object]\n\nYou can create a function to be called in place of the default `toString()` method. The\n`toString()` method takes no arguments and should return a string. The `toString()` method you\ncreate can be any value you want, but it will be most useful if it carries information about the\nobject.\n\nThe following code defines the `Dog` object type and creates `theDog`, an object of type `Dog`:\n\n    function Dog(name,breed,color,sex) {\n        this.name=name;\n        this.breed=breed;\n        this.color=color;\n        this.sex=sex;\n    }\n\n    theDog = new Dog(\"Gabby\",\"Lab\",\"chocolate\",\"female\");\n\nIf you call the `toString()` method on this custom object, it returns the default value inherited\nfrom `{@link Object}`:\n\n    theDog.toString(); //returns [object Object]\n\nThe following code creates and assigns `dogToString()` to override the default `toString()` method.\nThis function generates a string containing the name, breed, color, and sex of the object, in the\nform `\"property = value;\"`.\n\n    Dog.prototype.toString = function dogToString() {\n        var ret = \"Dog \" + this.name + \" is a \" + this.sex + \" \" + this.color + \" \" + this.breed;\n        return ret;\n    }\n\nWith the preceding code in place, any time theDog is used in a string context, JavaScript\nautomatically calls the `dogToString()` function, which returns the following string:\n\n    Dog Gabby is a female chocolate Lab\n\n`toString()` can be used with every object and allows you to get its class. To use the\n`Object.prototype.toString()` with every object, you need to call `Function.prototype.call()` or\n`Function.prototype.apply()` on it, passing the object you want to inspect as the first parameter\ncalled `thisArg`.\n\n    var toString = Object.prototype.toString;\n\n    toString.call(new Date); // [object Date]\n    toString.call(new String); // [object String]\n    toString.call(Math); // [object Math]\n",
                "items": [
                  {
                    "$type": "return",
                    "text": "Object represented as a string.\n",
                    "type": "String",
                    "src": {
                      "text": "1,297,21,32",
                      "type": "1,297,13"
                    }
                  }
                ],
                "src": {
                  "name": "1,239,12",
                  "text": "1,240,4,2445"
                }
              },
              {
                "$type": "method",
                "name": "valueOf",
                "text": "Returns the primitive value of the specified object.\n\nJavaScript calls the `{@link #method!valueOf valueOf}` method to convert an object to a primitive value. You rarely need to\ninvoke the `{@link #method!valueOf valueOf}` method yourself; JavaScript automatically invokes it when encountering an\nobject where a primitive value is expected.\n\nBy default, the `{@link #method!valueOf valueOf}` method is inherited by every object descended from `{@link Object}`. Every built-\nin core object overrides this method to return an appropriate value. If an object has no primitive\nvalue, `{@link #method!valueOf valueOf}` returns the object itself, which is displayed as:\n\n    [object Object]\n\nYou can use `{@link #method!valueOf valueOf}` within your own code to convert a built-in object into a primitive value.\nWhen you create a custom object, you can override `Object.valueOf` to call a custom method instead\nof the default `{@link Object}` method.\n\nYou can create a function to be called in place of the default `{@link #method!valueOf valueOf}` method. Your function must\ntake no arguments.\n\nSuppose you have an object type `myNumberType` and you want to create a `{@link #method!valueOf valueOf}` method for it.\nThe following code assigns a user-defined function to the object's valueOf method:\n\n    myNumberType.prototype.valueOf = new Function(functionText)\n\nWith the preceding code in place, any time an object of type `myNumberType` is used in a context\nwhere it is to be represented as a primitive value, JavaScript automatically calls the function\ndefined in the preceding code.\n\nAn object's `{@link #method!valueOf valueOf}` method is usually invoked by JavaScript, but you can invoke it yourself as\nfollows:\n\n    myNumber.valueOf()\n\nNote: Objects in string contexts convert via the `{@link #method!toString toString}` method, which is different from\n`{@link String}` objects converting to string primitives using `{@link #method!valueOf valueOf}`. All objects have a string\nconversion, if only `\"[object type]\"`. But many objects do not convert to number, boolean, or\nfunction.\n",
                "items": [
                  {
                    "$type": "return",
                    "text": "Returns value of the object or the object itself.\n",
                    "type": "Object",
                    "src": {
                      "text": "1,340,21,50",
                      "type": "1,340,13"
                    }
                  }
                ],
                "src": {
                  "name": "1,301,12",
                  "text": "1,302,4,1821"
                }
              }
            ]
          },
          {
            "$type": "properties",
            "items": [
              {
                "$type": "property",
                "name": "constructor",
                "text": " Specifies the function that creates an object's prototype.\n\n Returns a reference to the Object function that created the instance's prototype. Note that the\n value of this property is a reference to the function itself, not a string containing the\n function's name, but it isn't read only (except for primitive Boolean, Number or String values: 1,\n true, \"read-only\").\n\n All objects inherit a `constructor` property from their `{@link #property!prototype prototype}`:\n\n     o = new Object // or o = {} in JavaScript 1.2\n     o.constructor == Object\n     a = new Array // or a = [] in JavaScript 1.2\n     a.constructor == Array\n     n = new Number(3)\n     n.constructor == Number\n\n Even though you cannot construct most HTML objects, you can do comparisons. For example,\n\n     document.constructor == Document\n     document.form3.constructor == Form\n\n The following example creates a prototype, `Tree`, and an object of that type, theTree. The example then displays the `constructor` property for the object `theTree`.\n\n     function Tree(name) {\n         this.name = name;\n     }\n     theTree = new Tree(\"Redwood\");\n     console.log(\"theTree.constructor is \" + theTree.constructor);\n\n This example displays the following output:\n\n     theTree.constructor is function Tree(name) {\n         this.name = name;\n     }\n\n The following example shows how to modify constructor value of generic objects. Only true, 1 and\n \"test\" variable constructors will not be changed. This example explains that is not always so safe\n to believe in constructor function.\n\n     function Type(){};\n     var\ttypes = [\n \t    new Array,\t[],\n\t    new Boolean,\ttrue,\n\t    new Date,\n\t    new Error,\n\t    new Function,\tfunction(){},\n\t    Math,\n\t    new Number,\t1,\n\t    new Object,\t{},\n\t    new RegExp,\t/(?:)/,\n\t    new String,\t\"test\"\n     ];\n     for(var i = 0; i < types.length; i++){\n         types[i].constructor = Type;\n         types[i] = [types[i].constructor, types[i] instanceof Type, types[i].toString()];\n     };\n     alert(types.join(\"\\n\"));\n",
                "src": {
                  "name": "1,346,14",
                  "text": "1,347,3,1996"
                }
              },
              {
                "$type": "property",
                "access": "private",
                "name": "data",
                "readonly": true,
                "since": "5.0.0",
                "text": "This object holds all of the properties of this `ViewModel`. It is\nprototype chained to the `{@link #property!linkData linkData}` which is, in turn, prototype chained\nto (if present) the `data` object of the parent `ViewModel`.\n",
                "type": "Object",
                "src": {
                  "access": "0,1074,20",
                  "name": "0,1070,39",
                  "readonly": "0,1075,20",
                  "since": "0,1076,27",
                  "text": "0,1071,20,201",
                  "type": "0,1070,31"
                }
              },
              {
                "$type": "property",
                "name": "factoryConfig",
                "optional": true,
                "text": "If this property is specified by the target class of this mixin its properties are\nused to configure the created `{@link Ext.Factory}`.\n",
                "type": "Object",
                "src": {
                  "name": "3,295,28",
                  "text": "3,296,8,128",
                  "type": "3,295,19"
                }
              },
              {
                "$type": "property",
                "access": "private",
                "name": "linkData",
                "readonly": true,
                "since": "5.0.0",
                "text": "This object is used to hold the result of a linked value. This is done\nso that the data object hasOwnProperty equates to whether or not this\nproperty is owned by this instance or inherited.\n",
                "type": "Object",
                "src": {
                  "access": "0,1063,20",
                  "name": "0,1059,39",
                  "readonly": "0,1064,20",
                  "since": "0,1065,27",
                  "text": "0,1060,20,190",
                  "type": "0,1059,31"
                }
              },
              {
                "$type": "property",
                "name": "prototype",
                "text": "Allows the addition of properties to all objects of type Object.\n",
                "src": {
                  "name": "1,46,14",
                  "text": "1,47,4,65"
                }
              }
            ]
          }
        ],
        "src": {
          "alias": "0,362,0",
          "mixins": "0,345,0,0:0,346,0,0",
          "name": "0,343,0",
          "requires": "0,350,0,0:0,351,0,0:0,352,0,0:0,353,0,0:0,354,0,0:0,355,0,0:0,356,0,0:0,359,0,0",
          "text": "0,2,4,11550"
        }
      }
    ]
  },
  "version": 1
}