{
  "$type": "doxi",
  "files": [
    "../../../ext/classic/classic/src/dashboard/Part.js",
    "../../../../docs/docs/js/primitives/Object.js",
    "../../../ext/packages/core/src/mixin/Identifiable.js",
    "../../../ext/packages/core/src/mixin/Factoryable.js"
  ],
  "global": {
    "$type": "namespace",
    "items": [
      {
        "$type": "class",
        "alias": "part.part",
        "extended": "Object",
        "extends": "Object",
        "mixed": "Ext.mixin.Factoryable,Ext.mixin.Identifiable",
        "mixins": "Ext.mixin.Factoryable,Ext.mixin.Identifiable",
        "name": "Ext.dashboard.Part",
        "requires": "Ext.util.ObjectTemplate",
        "since": "5.0.0",
        "text": "This class encapsulates the creation of items for a `Dashboard`. Generally a `Part` is a\ncomponent factory that allows all parts of a common type to be easily coordinated as\nneeded for that type. For example, an RSS feed might need certain configuration data to\nproperly initialize. Perahps not all of this data can or should be supplied from the UI\nthat creates new instances for the `Dashboard`.\n\n## Part Configuration\n\nThe primary role of a `Part` is to provide an abstract way to define the configuration\nneeded to create views. For example, an RSS Part would at least need the URL for the\nfeed.\n\nTo implement this a derived class provides a `{@link #method!displayForm displayForm}` method:\n\n     Ext.define('App.parts.RSS', {\n         extend: 'Ext.dashboard.Part',\n         alias: 'part.rss',\n\n         displayForm: function (instance, currentConfig, callback, scope) {\n             var me = this,\n                 title = instance ? 'Edit RSS Feed' : 'Add RSS Feed';\n\n             // Display a prompt using current URL as default text.\n             //\n             Ext.Msg.prompt(title, 'RSS Feed URL', function (btn, text) {\n                 if (btn === 'ok') {\n                     var config = {\n                         feedUrl: text\n                     };\n\n                     callback.call(scope || me, config);\n                 }\n             }, me, false, currentConfig ? currentConfig.feedUrl : '');\n         }\n     });\n\nThe returned configuration object is used to create views. It is also passed back to\n`{@link #method!displayForm displayForm}` to allow the user to edit the configuration for an existing view.\n\n## Creating Views\n\nThe next step is to define the view (the components) appropriate for the part. To\ncontinue with the above example.\n\n     Ext.define('App.parts.RSS', {\n         extend: 'Ext.dashboard.Part',\n         alias: 'part.rss',\n\n         // The viewTemplate is \"component template\" that is evaluated against the\n         // configuration (as returned by displayForm). The top-most component is\n         // a panel specific to the Dashboard so it can be configured but should\n         // not be replaced. Instead, fit an appropriate component to the panel.\n         //\n         viewTemplate: {\n             layout: 'fit',\n             items: [{\n                 xtype: 'feedpanel',\n                 feedUrl: '{feedUrl}'  // from the configuration object\n             }]\n         },\n\n         displayForm: ...\n     });\n\nYou can instead choose to override the `{@link #method!createView createView}` method if `{@link #cfg!viewTemplate viewTemplate}` does not\nprovide enough flexibility. It is usually a better solution to create a class (like\nin the above example) and pass basic configurations to it rather than over-complicate\neither the `{@link #cfg!viewTemplate viewTemplate}` or a custom `{@link #method!createView createView}` method.\n",
        "items": [
          {
            "$type": "configs",
            "items": [
              {
                "$type": "property",
                "name": "viewTemplate",
                "text": "The configuration object used for creating instances of this `Part`. This is\nused by the `{@link #method!createView createView}` method to create views.\n",
                "type": "Object/Ext.util.ObjectTemplate",
                "src": {
                  "name": "0,108,50",
                  "text": "0,109,12,126",
                  "type": "0,108,18"
                }
              }
            ]
          },
          {
            "$type": "methods",
            "items": [
              {
                "$type": "method",
                "name": "constructor",
                "text": "Creates new Object.\n",
                "items": [
                  {
                    "$type": "param",
                    "name": "value",
                    "optional": true,
                    "text": "The value to wrap.\n",
                    "type": "Object",
                    "src": {
                      "name": "1,40,21",
                      "text": "1,40,28,19",
                      "type": "1,40,12"
                    }
                  }
                ],
                "src": {
                  "name": "1,38,12",
                  "text": "1,39,4,20"
                }
              },
              {
                "$type": "method",
                "access": "protected",
                "name": "createView",
                "since": "5.0.0",
                "text": "This method is responsible for converting a configuration object from `{@link #method!displayForm displayForm}`\ninto a \"view\" (an object that can be passed to `Ext.widget`).\n\nIf you override this method it is recommended that you `callParent` to get the view\nproduced and then edit that result. This is because there are several private\nproperties placed on the returned configuration object.\n\n     createView: function (config) {\n         var view = this.callParent([config]);\n\n         // edit view\n\n         return view;\n     }\n",
                "items": [
                  {
                    "$type": "param",
                    "name": "config",
                    "text": "The object returned from `{@link #method!displayForm displayForm}`.\n",
                    "type": "Object",
                    "src": {
                      "name": "0,185,24",
                      "text": "0,185,31,40",
                      "type": "0,185,16"
                    }
                  },
                  {
                    "$type": "return",
                    "text": "The view configuration object.\n",
                    "type": "Object",
                    "src": {
                      "text": "0,186,25,31",
                      "type": "0,186,17"
                    }
                  }
                ],
                "src": {
                  "access": "0,187,8",
                  "name": "0,190,0",
                  "since": "0,188,15",
                  "text": "0,170,8,504"
                }
              },
              {
                "$type": "method",
                "abstract": true,
                "name": "displayForm",
                "since": "5.0.0",
                "text": "This method should display an appropriate edit form (probably a modal `Ext.Window`\nor `Ext.Msg.prompt`) to get or edit configuration for an instance of this part.\n\nSee the class documentation for examples on implementing this method.\n",
                "items": [
                  {
                    "$type": "param",
                    "name": "instance",
                    "text": "The already existing view or `{@link null}` if called to\nconfigure a new instance.\n",
                    "type": "Ext.Component",
                    "src": {
                      "name": "0,149,31",
                      "text": "0,149,40,49:0,150,8,27",
                      "type": "0,149,16"
                    }
                  },
                  {
                    "$type": "param",
                    "name": "currentConfig",
                    "text": "The configuration returned from this method for the\nexisting view (`instance`) or `{@link null}` if called to configure a new instance.\n",
                    "type": "Object",
                    "src": {
                      "name": "0,152,24",
                      "text": "0,152,38,52:0,153,8,77",
                      "type": "0,152,16"
                    }
                  },
                  {
                    "$type": "param",
                    "name": "callback",
                    "text": "The function to call passing\n",
                    "type": "Function",
                    "items": [
                      {
                        "$type": "property",
                        "name": "config",
                        "text": "The configuration that defines the instance to be\ncreated. This value is passed to `{@link #method!createView createView}` and applied to the `{@link #cfg!viewTemplate viewTemplate}`.\n",
                        "type": "Object",
                        "src": {
                          "name": "0,156,33",
                          "text": "0,156,40,50:0,157,8,82",
                          "type": "0,156,16"
                        }
                      }
                    ],
                    "src": {
                      "name": "0,155,26",
                      "text": "0,155,35,29",
                      "type": "0,155,16"
                    }
                  },
                  {
                    "$type": "param",
                    "name": "scope",
                    "text": "The scope with which to call the `callback`.\n",
                    "type": "Object",
                    "src": {
                      "name": "0,159,24",
                      "text": "0,159,30,45",
                      "type": "0,159,16"
                    }
                  }
                ],
                "src": {
                  "abstract": "0,162,8",
                  "name": "0,161,16",
                  "since": "0,163,15",
                  "text": "0,144,8,235"
                }
              },
              {
                "$type": "method",
                "name": "getId",
                "text": "Retrieves the id of this component. Will autogenerate an id if one has not already been set.\n",
                "items": [
                  {
                    "$type": "return",
                    "text": "id\n",
                    "type": "String",
                    "src": {
                      "text": "2,75,25,3",
                      "type": "2,75,17"
                    }
                  }
                ],
                "src": {
                  "name": "2,77,0",
                  "text": "2,74,8,93"
                }
              },
              {
                "$type": "method",
                "name": "hasOwnProperty",
                "text": "Returns a boolean indicating whether an object contains the specified property as a direct property\nof that object and not inherited through the prototype chain.\n\nEvery object descended from `{@link Object}` inherits the `{@link #method!hasOwnProperty hasOwnProperty}` method. This method can be used\nto determine whether an object has the specified property as a direct property of that object;\nunlike the `in` operator, this method does not check down the object's prototype chain.\n\nThe following example determines whether the o object contains a property named prop:\n\n    o = new Object();\n    o.prop = 'exists';\n\n    function changeO() {\n        o.newprop = o.prop;\n        delete o.prop;\n    }\n\n    o.hasOwnProperty('prop');   //returns true\n    changeO();\n    o.hasOwnProperty('prop');   //returns false\n\nThe following example differentiates between direct properties and properties inherited through the\nprototype chain:\n\n    o = new Object();\n    o.prop = 'exists';\n    o.hasOwnProperty('prop');             // returns true\n    o.hasOwnProperty('toString');         // returns false\n    o.hasOwnProperty('hasOwnProperty');   // returns false\n\nThe following example shows how to iterate over the properties of an object without executing on\ninherit properties.\n\n    var buz = {\n        fog: 'stack'\n    };\n\n    for (var name in buz) {\n        if (buz.hasOwnProperty(name)) {\n            alert(\"this is fog (\" + name + \") for sure. Value: \" + buz[name]);\n        }\n        else {\n            alert(name); // toString or something else\n        }\n    }\n",
                "items": [
                  {
                    "$type": "param",
                    "name": "prop",
                    "text": "The name of the property to test.\n",
                    "type": "String",
                    "src": {
                      "name": "1,100,20",
                      "text": "1,100,25,34",
                      "type": "1,100,12"
                    }
                  },
                  {
                    "$type": "return",
                    "text": "Returns true if object contains specified property; else\nreturns false.\n",
                    "type": "Boolean",
                    "src": {
                      "text": "1,101,22,57:1,102,4,15",
                      "type": "1,101,13"
                    }
                  }
                ],
                "src": {
                  "name": "1,53,12",
                  "text": "1,54,4,1520"
                }
              },
              {
                "$type": "method",
                "name": "isPrototypeOf",
                "text": "Returns a boolean indication whether the specified object is in the prototype chain of the object\nthis method is called upon.\n\n`{@link #method!isPrototypeOf isPrototypeOf}` allows you to check whether or not an object exists within another object's\nprototype chain.\n\nFor example, consider the following prototype chain:\n\n    function Fee() {\n        // . . .\n    }\n\n    function Fi() {\n        // . . .\n    }\n    Fi.prototype = new Fee();\n\n    function Fo() {\n        // . . .\n    }\n    Fo.prototype = new Fi();\n\n    function Fum() {\n        // . . .\n    }\n    Fum.prototype = new Fo();\n\nLater on down the road, if you instantiate `Fum` and need to check if `Fi`'s prototype exists\nwithin the `Fum` prototype chain, you could do this:\n\n    var fum = new Fum();\n    . . .\n\n    if (Fi.prototype.isPrototypeOf(fum)) {\n    // do something safe\n    }\n\nThis, along with the `instanceof` operator particularly comes in handy if you have code that can\nonly function when dealing with objects descended from a specific prototype chain, e.g., to\nguarantee that certain methods or properties will be present on that object.\n",
                "items": [
                  {
                    "$type": "param",
                    "name": "prototype",
                    "text": "an object to be tested against each link in the prototype chain of the\n*object* argument\n",
                    "type": "Object",
                    "src": {
                      "name": "1,148,20",
                      "text": "1,148,30,71:1,149,4,18",
                      "type": "1,148,12"
                    }
                  },
                  {
                    "$type": "param",
                    "name": "object",
                    "text": "the object whose prototype chain will be searched\n",
                    "type": "Object",
                    "src": {
                      "name": "1,150,20",
                      "text": "1,150,27,50",
                      "type": "1,150,12"
                    }
                  },
                  {
                    "$type": "return",
                    "text": "Returns true if object is a prototype and false if not.\n",
                    "type": "Boolean",
                    "src": {
                      "text": "1,151,22,56",
                      "type": "1,151,13"
                    }
                  }
                ],
                "src": {
                  "name": "1,106,12",
                  "text": "1,107,4,1084"
                }
              },
              {
                "$type": "method",
                "name": "propertyIsEnumerable",
                "text": "Returns a boolean indicating if the internal ECMAScript DontEnum attribute is set.\n\nEvery object has a `{@link #method!propertyIsEnumerable propertyIsEnumerable}` method. This method can determine whether the specified\nproperty in an object can be enumerated by a `for...in` loop, with the exception of properties\ninherited through the prototype chain. If the object does not have the specified property, this\nmethod returns false.\n\nThe following example shows the use of `{@link #method!propertyIsEnumerable propertyIsEnumerable}` on objects and arrays:\n\n    var o = {};\n    var a = [];\n    o.prop = 'is enumerable';\n    a[0] = 'is enumerable';\n\n    o.propertyIsEnumerable('prop');   // returns true\n    a.propertyIsEnumerable(0);        // returns true\n\nThe following example demonstrates the enumerability of user-defined versus built-in properties:\n\n    var a = ['is enumerable'];\n\n    a.propertyIsEnumerable(0);          // returns true\n    a.propertyIsEnumerable('length');   // returns false\n\n    Math.propertyIsEnumerable('random');   // returns false\n    this.propertyIsEnumerable('Math');     // returns false\n\nDirect versus inherited properties\n\n    var a = [];\n    a.propertyIsEnumerable('constructor');         // returns false\n\n    function firstConstructor()\n    {\n        this.property = 'is not enumerable';\n    }\n    firstConstructor.prototype.firstMethod = function () {};\n\n    function secondConstructor()\n    {\n        this.method = function method() { return 'is enumerable'; };\n    }\n\n    secondConstructor.prototype = new firstConstructor;\n    secondConstructor.prototype.constructor = secondConstructor;\n\n    var o = new secondConstructor();\n    o.arbitraryProperty = 'is enumerable';\n\n    o.propertyIsEnumerable('arbitraryProperty');   // returns true\n    o.propertyIsEnumerable('method');              // returns true\n    o.propertyIsEnumerable('property');            // returns false\n\n    o.property = 'is enumerable';\n\n    o.propertyIsEnumerable('property');            // returns true\n\n    // These return false as they are on the prototype which\n    // propertyIsEnumerable does not consider (even though the last two\n    // are iteratable with for-in)\n    o.propertyIsEnumerable('prototype'); // returns false (as of JS 1.8.1/FF3.6)\n    o.propertyIsEnumerable('constructor'); // returns false\n    o.propertyIsEnumerable('firstMethod'); // returns false\n",
                "items": [
                  {
                    "$type": "param",
                    "name": "prop",
                    "text": "The name of the property to test.\n",
                    "type": "String",
                    "src": {
                      "name": "1,220,20",
                      "text": "1,220,25,34",
                      "type": "1,220,12"
                    }
                  },
                  {
                    "$type": "return",
                    "text": "If the object does not have the specified property, this\nmethod returns false.\n",
                    "type": "Boolean",
                    "src": {
                      "text": "1,221,22,57:1,222,4,22",
                      "type": "1,221,13"
                    }
                  }
                ],
                "src": {
                  "name": "1,155,12",
                  "text": "1,156,4,2313"
                }
              },
              {
                "$type": "method",
                "name": "toLocaleString",
                "text": "Returns a string representing the object. This method is meant to be overridden by derived objects\nfor locale-specific purposes.\n\n`{@link Object}`'s `{@link #method!toLocaleString toLocaleString}` returns the result of calling `{@link #method!toString toString}`.\n\nThis function is provided to give objects a generic `{@link #method!toLocaleString toLocaleString}` method, even though not all\nmay use it. Currently, only `{@link Array}`, `{@link Number}`, and `{@link Date}` override `{@link #method!toLocaleString toLocaleString}`.\n",
                "items": [
                  {
                    "$type": "return",
                    "text": "Object represented as a string.\n",
                    "type": "String",
                    "src": {
                      "text": "1,235,21,32",
                      "type": "1,235,13"
                    }
                  }
                ],
                "src": {
                  "name": "1,226,12",
                  "text": "1,227,4,384"
                }
              },
              {
                "$type": "method",
                "name": "toString",
                "text": "Returns a string representation of the object.\n\nEvery object has a `toString()` method that is automatically called when the object is to be\nrepresented as a text value or when an object is referred to in a manner in which a string is\nexpected. By default, the `toString()` method is inherited by every object descended from `{@link Object}`.\nIf this method is not overridden in a custom object, `toString()` returns \"[object type]\", where\n`type` is the object type. The following code illustrates this:\n\n    var o = new Object();\n    o.toString();           // returns [object Object]\n\nYou can create a function to be called in place of the default `toString()` method. The\n`toString()` method takes no arguments and should return a string. The `toString()` method you\ncreate can be any value you want, but it will be most useful if it carries information about the\nobject.\n\nThe following code defines the `Dog` object type and creates `theDog`, an object of type `Dog`:\n\n    function Dog(name,breed,color,sex) {\n        this.name=name;\n        this.breed=breed;\n        this.color=color;\n        this.sex=sex;\n    }\n\n    theDog = new Dog(\"Gabby\",\"Lab\",\"chocolate\",\"female\");\n\nIf you call the `toString()` method on this custom object, it returns the default value inherited\nfrom `{@link Object}`:\n\n    theDog.toString(); //returns [object Object]\n\nThe following code creates and assigns `dogToString()` to override the default `toString()` method.\nThis function generates a string containing the name, breed, color, and sex of the object, in the\nform `\"property = value;\"`.\n\n    Dog.prototype.toString = function dogToString() {\n        var ret = \"Dog \" + this.name + \" is a \" + this.sex + \" \" + this.color + \" \" + this.breed;\n        return ret;\n    }\n\nWith the preceding code in place, any time theDog is used in a string context, JavaScript\nautomatically calls the `dogToString()` function, which returns the following string:\n\n    Dog Gabby is a female chocolate Lab\n\n`toString()` can be used with every object and allows you to get its class. To use the\n`Object.prototype.toString()` with every object, you need to call `Function.prototype.call()` or\n`Function.prototype.apply()` on it, passing the object you want to inspect as the first parameter\ncalled `thisArg`.\n\n    var toString = Object.prototype.toString;\n\n    toString.call(new Date); // [object Date]\n    toString.call(new String); // [object String]\n    toString.call(Math); // [object Math]\n",
                "items": [
                  {
                    "$type": "return",
                    "text": "Object represented as a string.\n",
                    "type": "String",
                    "src": {
                      "text": "1,297,21,32",
                      "type": "1,297,13"
                    }
                  }
                ],
                "src": {
                  "name": "1,239,12",
                  "text": "1,240,4,2445"
                }
              },
              {
                "$type": "method",
                "name": "valueOf",
                "text": "Returns the primitive value of the specified object.\n\nJavaScript calls the `{@link #method!valueOf valueOf}` method to convert an object to a primitive value. You rarely need to\ninvoke the `{@link #method!valueOf valueOf}` method yourself; JavaScript automatically invokes it when encountering an\nobject where a primitive value is expected.\n\nBy default, the `{@link #method!valueOf valueOf}` method is inherited by every object descended from `{@link Object}`. Every built-\nin core object overrides this method to return an appropriate value. If an object has no primitive\nvalue, `{@link #method!valueOf valueOf}` returns the object itself, which is displayed as:\n\n    [object Object]\n\nYou can use `{@link #method!valueOf valueOf}` within your own code to convert a built-in object into a primitive value.\nWhen you create a custom object, you can override `Object.valueOf` to call a custom method instead\nof the default `{@link Object}` method.\n\nYou can create a function to be called in place of the default `{@link #method!valueOf valueOf}` method. Your function must\ntake no arguments.\n\nSuppose you have an object type `myNumberType` and you want to create a `{@link #method!valueOf valueOf}` method for it.\nThe following code assigns a user-defined function to the object's valueOf method:\n\n    myNumberType.prototype.valueOf = new Function(functionText)\n\nWith the preceding code in place, any time an object of type `myNumberType` is used in a context\nwhere it is to be represented as a primitive value, JavaScript automatically calls the function\ndefined in the preceding code.\n\nAn object's `{@link #method!valueOf valueOf}` method is usually invoked by JavaScript, but you can invoke it yourself as\nfollows:\n\n    myNumber.valueOf()\n\nNote: Objects in string contexts convert via the `{@link #method!toString toString}` method, which is different from\n`{@link String}` objects converting to string primitives using `{@link #method!valueOf valueOf}`. All objects have a string\nconversion, if only `\"[object type]\"`. But many objects do not convert to number, boolean, or\nfunction.\n",
                "items": [
                  {
                    "$type": "return",
                    "text": "Returns value of the object or the object itself.\n",
                    "type": "Object",
                    "src": {
                      "text": "1,340,21,50",
                      "type": "1,340,13"
                    }
                  }
                ],
                "src": {
                  "name": "1,301,12",
                  "text": "1,302,4,1821"
                }
              }
            ]
          },
          {
            "$type": "properties",
            "items": [
              {
                "$type": "property",
                "access": "private",
                "name": "_lastId",
                "text": "The last assigned identifier for instances created by this `Part`.\n",
                "src": {
                  "access": "0,93,8",
                  "name": "0,95,0",
                  "text": "0,92,8,67"
                }
              },
              {
                "$type": "property",
                "name": "constructor",
                "text": " Specifies the function that creates an object's prototype.\n\n Returns a reference to the Object function that created the instance's prototype. Note that the\n value of this property is a reference to the function itself, not a string containing the\n function's name, but it isn't read only (except for primitive Boolean, Number or String values: 1,\n true, \"read-only\").\n\n All objects inherit a `constructor` property from their `{@link #property!prototype prototype}`:\n\n     o = new Object // or o = {} in JavaScript 1.2\n     o.constructor == Object\n     a = new Array // or a = [] in JavaScript 1.2\n     a.constructor == Array\n     n = new Number(3)\n     n.constructor == Number\n\n Even though you cannot construct most HTML objects, you can do comparisons. For example,\n\n     document.constructor == Document\n     document.form3.constructor == Form\n\n The following example creates a prototype, `Tree`, and an object of that type, theTree. The example then displays the `constructor` property for the object `theTree`.\n\n     function Tree(name) {\n         this.name = name;\n     }\n     theTree = new Tree(\"Redwood\");\n     console.log(\"theTree.constructor is \" + theTree.constructor);\n\n This example displays the following output:\n\n     theTree.constructor is function Tree(name) {\n         this.name = name;\n     }\n\n The following example shows how to modify constructor value of generic objects. Only true, 1 and\n \"test\" variable constructors will not be changed. This example explains that is not always so safe\n to believe in constructor function.\n\n     function Type(){};\n     var\ttypes = [\n \t    new Array,\t[],\n\t    new Boolean,\ttrue,\n\t    new Date,\n\t    new Error,\n\t    new Function,\tfunction(){},\n\t    Math,\n\t    new Number,\t1,\n\t    new Object,\t{},\n\t    new RegExp,\t/(?:)/,\n\t    new String,\t\"test\"\n     ];\n     for(var i = 0; i < types.length; i++){\n         types[i].constructor = Type;\n         types[i] = [types[i].constructor, types[i] instanceof Type, types[i].toString()];\n     };\n     alert(types.join(\"\\n\"));\n",
                "src": {
                  "name": "1,346,14",
                  "text": "1,347,3,1996"
                }
              },
              {
                "$type": "property",
                "name": "dashboard",
                "readonly": true,
                "text": "The `Dashboard` instance that owns this `part`.\n",
                "type": "Ext.dashboard.Panel",
                "src": {
                  "name": "0,102,44",
                  "readonly": "0,103,12",
                  "text": "0,101,12,48",
                  "type": "0,102,23"
                }
              },
              {
                "$type": "property",
                "name": "factoryConfig",
                "optional": true,
                "text": "If this property is specified by the target class of this mixin its properties are\nused to configure the created `{@link Ext.Factory}`.\n",
                "type": "Object",
                "src": {
                  "name": "3,295,28",
                  "text": "3,296,8,128",
                  "type": "3,295,19"
                }
              },
              {
                "$type": "property",
                "name": "prototype",
                "text": "Allows the addition of properties to all objects of type Object.\n",
                "src": {
                  "name": "1,46,14",
                  "text": "1,47,4,65"
                }
              }
            ]
          }
        ],
        "src": {
          "alias": "0,83,0",
          "mixins": "0,75,0,0:0,76,0,0",
          "name": "0,73,0",
          "requires": "0,80,0",
          "since": "0,71,11",
          "text": "0,2,4,2720"
        }
      }
    ]
  },
  "version": 1
}