{
  "$type": "doxi",
  "files": [
    "../../../ext/classic/classic/src/Action.js",
    "../../../../docs/docs/js/primitives/Object.js"
  ],
  "global": {
    "$type": "namespace",
    "items": [
      {
        "$type": "class",
        "extended": "Object",
        "extends": "Object",
        "name": "Ext.Action",
        "text": "An Action is a piece of reusable functionality that can be abstracted out of any particular component so that it\ncan be usefully shared among multiple components.  Actions let you share handlers, configuration options and UI\nupdates across any components that support the Action interface (primarily {@link Ext.toolbar.Toolbar},\n{@link Ext.button.Button} and {@link Ext.menu.Menu} components).\n\nUse a single Action instance as the config object for any number of UI Components which share the same configuration. The\nAction not only supplies the configuration, but allows all Components based upon it to have a common set of methods\ncalled at once through a single call to the Action.\n\nAny Component that is to be configured with an Action must also support\nthe following methods:\n\n- setText(string)\n- setIconCls(string)\n- setDisabled(boolean)\n- setVisible(boolean)\n- setHandler(function)\n\nThis allows the Action to control its associated Components.\n\nExample usage:\n\n    // Define the shared Action.  Each Component below will have the same\n    // display text and icon, and will display the same message on click.\n    var action = new Ext.Action({\n        text: 'Do something',\n        handler: function(){\n            Ext.Msg.alert('Click', 'You did something.');\n        },\n        iconCls: 'do-something',\n        itemId: 'myAction'\n    });\n\n    var panel = new Ext.panel.Panel({\n        title: 'Actions',\n        width: 500,\n        height: 300,\n        tbar: [\n            // Add the Action directly to a toolbar as a menu button\n            action,\n            {\n                text: 'Action Menu',\n                // Add the Action to a menu as a text item\n                menu: [action]\n            }\n        ],\n        items: [\n            // Add the Action to the panel body as a standard button\n            new Ext.button.Button(action)\n        ],\n        renderTo: Ext.getBody()\n    });\n\n    // Change the text for all components using the Action\n    action.setText('Something else');\n\n    // Reference an Action through a container using the itemId\n    var btn = panel.getComponent('myAction');\n    var aRef = btn.baseAction;\n    aRef.setText('New text');\n",
        "items": [
          {
            "$type": "configs",
            "items": [
              {
                "$type": "property",
                "name": "disabled",
                "optional": true,
                "text": "True to disable all components configured by this Action, false to enable them.\n",
                "type": "Boolean",
                "value": "false",
                "src": {
                  "name": "0,80,24",
                  "text": "0,81,8,80",
                  "type": "0,80,14",
                  "value": "0,80,33"
                }
              },
              {
                "$type": "property",
                "name": "handler",
                "text": "The function that will be invoked by each component tied to this Action\nwhen the component's primary event is triggered.\n",
                "type": "Function",
                "src": {
                  "name": "0,88,24",
                  "text": "0,89,8,121",
                  "type": "0,88,14"
                }
              },
              {
                "$type": "property",
                "name": "hidden",
                "optional": true,
                "text": "True to hide all components configured by this Action, false to show them.\n",
                "type": "Boolean",
                "value": "false",
                "src": {
                  "name": "0,84,24",
                  "text": "0,85,8,75",
                  "type": "0,84,14",
                  "value": "0,84,31"
                }
              },
              {
                "$type": "property",
                "inheritdoc": "Ext.panel.Header#cfg-iconCls",
                "localDoc": "**Note:** The CSS class(es) specifying the background image will apply\nto all components configured by this Action.\n",
                "name": "iconCls",
                "optional": true,
                "type": "String",
                "value": "''",
                "src": {
                  "inheritdoc": "0,77,8",
                  "localDoc": "0,75,18",
                  "name": "0,74,23",
                  "type": "0,74,14",
                  "value": "0,74,31"
                }
              },
              {
                "$type": "property",
                "name": "itemId",
                "text": "See {@link Ext.Component}.{@link Ext.Component#cfg!itemId Ext.Component#itemId}.\n",
                "type": "String",
                "src": {
                  "name": "0,93,22",
                  "text": "0,94,8,63",
                  "type": "0,93,14"
                }
              },
              {
                "$type": "property",
                "name": "scope",
                "text": "The scope (this reference) in which the {@link #cfg!handler #handler} is executed.\nDefaults to the browser window.\n",
                "type": "Object",
                "src": {
                  "name": "0,97,22",
                  "text": "0,98,8,102",
                  "type": "0,97,14"
                }
              },
              {
                "$type": "property",
                "name": "text",
                "optional": true,
                "text": "The text to set for all components configured by this Action.\n",
                "type": "String",
                "value": "''",
                "src": {
                  "name": "0,70,23",
                  "text": "0,71,8,62",
                  "type": "0,70,14",
                  "value": "0,70,28"
                }
              }
            ]
          },
          {
            "$type": "methods",
            "items": [
              {
                "$type": "method",
                "access": "private",
                "name": "addComponent",
                "items": [
                  {
                    "$type": "param",
                    "name": "comp",
                    "src": {
                      "name": "0,258,0"
                    }
                  }
                ],
                "src": {
                  "access": "0,256,8",
                  "name": "0,258,0"
                }
              },
              {
                "$type": "method",
                "access": "private",
                "name": "callEach",
                "items": [
                  {
                    "$type": "param",
                    "name": "fnName",
                    "src": {
                      "name": "0,241,0"
                    }
                  },
                  {
                    "$type": "param",
                    "name": "args",
                    "src": {
                      "name": "0,241,0"
                    }
                  }
                ],
                "src": {
                  "access": "0,239,8",
                  "name": "0,241,0"
                }
              },
              {
                "$type": "method",
                "name": "constructor",
                "text": "Creates new Action.\n",
                "items": [
                  {
                    "$type": "param",
                    "name": "config",
                    "text": "Config object.\n",
                    "type": "Object",
                    "src": {
                      "name": "0,104,24",
                      "text": "0,104,31,15",
                      "type": "0,104,16"
                    }
                  }
                ],
                "src": {
                  "name": "0,106,0",
                  "text": "0,103,8,20"
                }
              },
              {
                "$type": "method",
                "name": "disable",
                "text": "Disables all components configured by this Action.\n",
                "src": {
                  "name": "0,172,0",
                  "text": "0,170,8,51"
                }
              },
              {
                "$type": "method",
                "name": "each",
                "text": "Executes the specified function once for each Component currently tied to this Action.  The function passed\nin should accept a single argument that will be an object that supports the basic Action config/method interface.\n",
                "items": [
                  {
                    "$type": "param",
                    "name": "fn",
                    "text": "The function to execute for each component\n",
                    "type": "Function",
                    "src": {
                      "name": "0,230,26",
                      "text": "0,230,29,43",
                      "type": "0,230,16"
                    }
                  },
                  {
                    "$type": "param",
                    "name": "scope",
                    "text": "The scope (this reference) in which the function is executed.\nDefaults to the Component.\n",
                    "type": "Object",
                    "src": {
                      "name": "0,231,24",
                      "text": "0,231,30,62:0,232,8,27",
                      "type": "0,231,16"
                    }
                  }
                ],
                "src": {
                  "name": "0,234,0",
                  "text": "0,228,8,222"
                }
              },
              {
                "$type": "method",
                "name": "enable",
                "text": "Enables all components configured by this Action.\n",
                "src": {
                  "name": "0,165,0",
                  "text": "0,163,8,50"
                }
              },
              {
                "$type": "method",
                "name": "execute",
                "text": "Executes this Action manually using the handler function specified in the original config object\nor the handler function set with {@link #method!setHandler #setHandler}.  Any arguments passed to this\nfunction will be passed on to the handler function.\n",
                "items": [
                  {
                    "$type": "param",
                    "name": "args",
                    "text": "Variable number of arguments passed to the handler function\n",
                    "type": "Object...",
                    "src": {
                      "name": "0,274,27",
                      "text": "0,274,32,60",
                      "type": "0,274,16"
                    }
                  }
                ],
                "src": {
                  "name": "0,276,0",
                  "text": "0,271,8,233"
                }
              },
              {
                "$type": "method",
                "name": "getIconCls",
                "text": "Gets the icon CSS class currently used by all components configured by this Action.\n",
                "src": {
                  "name": "0,148,0",
                  "text": "0,146,8,84"
                }
              },
              {
                "$type": "method",
                "name": "getText",
                "text": "Gets the text currently displayed by all components configured by this Action.\n",
                "src": {
                  "name": "0,130,0",
                  "text": "0,128,8,79"
                }
              },
              {
                "$type": "method",
                "name": "hasOwnProperty",
                "text": "Returns a boolean indicating whether an object contains the specified property as a direct property\nof that object and not inherited through the prototype chain.\n\nEvery object descended from `{@link Object}` inherits the `{@link #method!hasOwnProperty hasOwnProperty}` method. This method can be used\nto determine whether an object has the specified property as a direct property of that object;\nunlike the `in` operator, this method does not check down the object's prototype chain.\n\nThe following example determines whether the o object contains a property named prop:\n\n    o = new Object();\n    o.prop = 'exists';\n\n    function changeO() {\n        o.newprop = o.prop;\n        delete o.prop;\n    }\n\n    o.hasOwnProperty('prop');   //returns true\n    changeO();\n    o.hasOwnProperty('prop');   //returns false\n\nThe following example differentiates between direct properties and properties inherited through the\nprototype chain:\n\n    o = new Object();\n    o.prop = 'exists';\n    o.hasOwnProperty('prop');             // returns true\n    o.hasOwnProperty('toString');         // returns false\n    o.hasOwnProperty('hasOwnProperty');   // returns false\n\nThe following example shows how to iterate over the properties of an object without executing on\ninherit properties.\n\n    var buz = {\n        fog: 'stack'\n    };\n\n    for (var name in buz) {\n        if (buz.hasOwnProperty(name)) {\n            alert(\"this is fog (\" + name + \") for sure. Value: \" + buz[name]);\n        }\n        else {\n            alert(name); // toString or something else\n        }\n    }\n",
                "items": [
                  {
                    "$type": "param",
                    "name": "prop",
                    "text": "The name of the property to test.\n",
                    "type": "String",
                    "src": {
                      "name": "1,100,20",
                      "text": "1,100,25,34",
                      "type": "1,100,12"
                    }
                  },
                  {
                    "$type": "return",
                    "text": "Returns true if object contains specified property; else\nreturns false.\n",
                    "type": "Boolean",
                    "src": {
                      "text": "1,101,22,57:1,102,4,15",
                      "type": "1,101,13"
                    }
                  }
                ],
                "src": {
                  "name": "1,53,12",
                  "text": "1,54,4,1520"
                }
              },
              {
                "$type": "method",
                "name": "hide",
                "text": "Hides all components configured by this Action.\n",
                "src": {
                  "name": "0,203,0",
                  "text": "0,201,8,48"
                }
              },
              {
                "$type": "method",
                "name": "isDisabled",
                "text": "Returns true if the components using this Action are currently disabled, else returns false.\n",
                "src": {
                  "name": "0,179,0",
                  "text": "0,177,8,93"
                }
              },
              {
                "$type": "method",
                "name": "isHidden",
                "text": "Returns true if the components configured by this Action are currently hidden, else returns false.\n",
                "src": {
                  "name": "0,210,0",
                  "text": "0,208,8,99"
                }
              },
              {
                "$type": "method",
                "name": "isPrototypeOf",
                "text": "Returns a boolean indication whether the specified object is in the prototype chain of the object\nthis method is called upon.\n\n`{@link #method!isPrototypeOf isPrototypeOf}` allows you to check whether or not an object exists within another object's\nprototype chain.\n\nFor example, consider the following prototype chain:\n\n    function Fee() {\n        // . . .\n    }\n\n    function Fi() {\n        // . . .\n    }\n    Fi.prototype = new Fee();\n\n    function Fo() {\n        // . . .\n    }\n    Fo.prototype = new Fi();\n\n    function Fum() {\n        // . . .\n    }\n    Fum.prototype = new Fo();\n\nLater on down the road, if you instantiate `Fum` and need to check if `Fi`'s prototype exists\nwithin the `Fum` prototype chain, you could do this:\n\n    var fum = new Fum();\n    . . .\n\n    if (Fi.prototype.isPrototypeOf(fum)) {\n    // do something safe\n    }\n\nThis, along with the `instanceof` operator particularly comes in handy if you have code that can\nonly function when dealing with objects descended from a specific prototype chain, e.g., to\nguarantee that certain methods or properties will be present on that object.\n",
                "items": [
                  {
                    "$type": "param",
                    "name": "prototype",
                    "text": "an object to be tested against each link in the prototype chain of the\n*object* argument\n",
                    "type": "Object",
                    "src": {
                      "name": "1,148,20",
                      "text": "1,148,30,71:1,149,4,18",
                      "type": "1,148,12"
                    }
                  },
                  {
                    "$type": "param",
                    "name": "object",
                    "text": "the object whose prototype chain will be searched\n",
                    "type": "Object",
                    "src": {
                      "name": "1,150,20",
                      "text": "1,150,27,50",
                      "type": "1,150,12"
                    }
                  },
                  {
                    "$type": "return",
                    "text": "Returns true if object is a prototype and false if not.\n",
                    "type": "Boolean",
                    "src": {
                      "text": "1,151,22,56",
                      "type": "1,151,13"
                    }
                  }
                ],
                "src": {
                  "name": "1,106,12",
                  "text": "1,107,4,1084"
                }
              },
              {
                "$type": "method",
                "name": "propertyIsEnumerable",
                "text": "Returns a boolean indicating if the internal ECMAScript DontEnum attribute is set.\n\nEvery object has a `{@link #method!propertyIsEnumerable propertyIsEnumerable}` method. This method can determine whether the specified\nproperty in an object can be enumerated by a `for...in` loop, with the exception of properties\ninherited through the prototype chain. If the object does not have the specified property, this\nmethod returns false.\n\nThe following example shows the use of `{@link #method!propertyIsEnumerable propertyIsEnumerable}` on objects and arrays:\n\n    var o = {};\n    var a = [];\n    o.prop = 'is enumerable';\n    a[0] = 'is enumerable';\n\n    o.propertyIsEnumerable('prop');   // returns true\n    a.propertyIsEnumerable(0);        // returns true\n\nThe following example demonstrates the enumerability of user-defined versus built-in properties:\n\n    var a = ['is enumerable'];\n\n    a.propertyIsEnumerable(0);          // returns true\n    a.propertyIsEnumerable('length');   // returns false\n\n    Math.propertyIsEnumerable('random');   // returns false\n    this.propertyIsEnumerable('Math');     // returns false\n\nDirect versus inherited properties\n\n    var a = [];\n    a.propertyIsEnumerable('constructor');         // returns false\n\n    function firstConstructor()\n    {\n        this.property = 'is not enumerable';\n    }\n    firstConstructor.prototype.firstMethod = function () {};\n\n    function secondConstructor()\n    {\n        this.method = function method() { return 'is enumerable'; };\n    }\n\n    secondConstructor.prototype = new firstConstructor;\n    secondConstructor.prototype.constructor = secondConstructor;\n\n    var o = new secondConstructor();\n    o.arbitraryProperty = 'is enumerable';\n\n    o.propertyIsEnumerable('arbitraryProperty');   // returns true\n    o.propertyIsEnumerable('method');              // returns true\n    o.propertyIsEnumerable('property');            // returns false\n\n    o.property = 'is enumerable';\n\n    o.propertyIsEnumerable('property');            // returns true\n\n    // These return false as they are on the prototype which\n    // propertyIsEnumerable does not consider (even though the last two\n    // are iteratable with for-in)\n    o.propertyIsEnumerable('prototype'); // returns false (as of JS 1.8.1/FF3.6)\n    o.propertyIsEnumerable('constructor'); // returns false\n    o.propertyIsEnumerable('firstMethod'); // returns false\n",
                "items": [
                  {
                    "$type": "param",
                    "name": "prop",
                    "text": "The name of the property to test.\n",
                    "type": "String",
                    "src": {
                      "name": "1,220,20",
                      "text": "1,220,25,34",
                      "type": "1,220,12"
                    }
                  },
                  {
                    "$type": "return",
                    "text": "If the object does not have the specified property, this\nmethod returns false.\n",
                    "type": "Boolean",
                    "src": {
                      "text": "1,221,22,57:1,222,4,22",
                      "type": "1,221,13"
                    }
                  }
                ],
                "src": {
                  "name": "1,155,12",
                  "text": "1,156,4,2313"
                }
              },
              {
                "$type": "method",
                "access": "private",
                "name": "removeComponent",
                "items": [
                  {
                    "$type": "param",
                    "name": "comp",
                    "src": {
                      "name": "0,266,0"
                    }
                  }
                ],
                "src": {
                  "access": "0,264,8",
                  "name": "0,266,0"
                }
              },
              {
                "$type": "method",
                "name": "setDisabled",
                "text": "Sets the disabled state of all components configured by this Action.  Shortcut method\nfor {@link #method!enable #enable} and {@link #method!disable #disable}.\n",
                "items": [
                  {
                    "$type": "param",
                    "name": "disabled",
                    "text": "True to disable the component, false to enable it\n",
                    "type": "Boolean",
                    "src": {
                      "name": "0,155,25",
                      "text": "0,155,34,50",
                      "type": "0,155,16"
                    }
                  }
                ],
                "src": {
                  "name": "0,157,0",
                  "text": "0,153,8,128"
                }
              },
              {
                "$type": "method",
                "name": "setHandler",
                "text": "Sets the function that will be called by each Component using this action when its primary event is triggered.\n",
                "items": [
                  {
                    "$type": "param",
                    "name": "fn",
                    "text": "The function that will be invoked by the action's components.  The function\nwill be called with no arguments.\n",
                    "type": "Function",
                    "src": {
                      "name": "0,216,26",
                      "text": "0,216,29,76:0,217,8,34",
                      "type": "0,216,16"
                    }
                  },
                  {
                    "$type": "param",
                    "name": "scope",
                    "text": "The scope (this reference) in which the function is executed. Defaults to the Component\nfiring the event.\n",
                    "type": "Object",
                    "src": {
                      "name": "0,218,24",
                      "text": "0,218,30,88:0,219,8,18",
                      "type": "0,218,16"
                    }
                  }
                ],
                "src": {
                  "name": "0,221,0",
                  "text": "0,215,8,111"
                }
              },
              {
                "$type": "method",
                "name": "setHidden",
                "text": "Sets the hidden state of all components configured by this Action.  Shortcut method\nfor `{@link #method!hide #hide}` and `{@link #method!show #show}`.\n",
                "items": [
                  {
                    "$type": "param",
                    "name": "hidden",
                    "text": "True to hide the component, false to show it.\n",
                    "type": "Boolean",
                    "src": {
                      "name": "0,186,25",
                      "text": "0,186,32,46",
                      "type": "0,186,16"
                    }
                  }
                ],
                "src": {
                  "name": "0,188,0",
                  "text": "0,184,8,125"
                }
              },
              {
                "$type": "method",
                "name": "setIconCls",
                "text": "Sets the {@link #cfg!iconCls #iconCls} for all components configured by this\nAction.  The class should supply a background image that will be used as the icon\nimage.\n",
                "items": [
                  {
                    "$type": "param",
                    "name": "cls",
                    "text": "The CSS class supplying the icon image\n",
                    "type": "String",
                    "src": {
                      "name": "0,138,24",
                      "text": "0,138,28,39",
                      "type": "0,138,16"
                    }
                  }
                ],
                "src": {
                  "name": "0,140,0",
                  "text": "0,135,8,168"
                }
              },
              {
                "$type": "method",
                "name": "setText",
                "text": "Sets the text to be displayed by all components configured by this Action.\n",
                "items": [
                  {
                    "$type": "param",
                    "name": "text",
                    "text": "The text to display\n",
                    "type": "String",
                    "src": {
                      "name": "0,120,24",
                      "text": "0,120,29,20",
                      "type": "0,120,16"
                    }
                  }
                ],
                "src": {
                  "name": "0,122,0",
                  "text": "0,119,8,75"
                }
              },
              {
                "$type": "method",
                "name": "show",
                "text": "Shows all components configured by this Action.\n",
                "src": {
                  "name": "0,196,0",
                  "text": "0,194,8,48"
                }
              },
              {
                "$type": "method",
                "name": "toLocaleString",
                "text": "Returns a string representing the object. This method is meant to be overridden by derived objects\nfor locale-specific purposes.\n\n`{@link Object}`'s `{@link #method!toLocaleString toLocaleString}` returns the result of calling `{@link #method!toString toString}`.\n\nThis function is provided to give objects a generic `{@link #method!toLocaleString toLocaleString}` method, even though not all\nmay use it. Currently, only `{@link Array}`, `{@link Number}`, and `{@link Date}` override `{@link #method!toLocaleString toLocaleString}`.\n",
                "items": [
                  {
                    "$type": "return",
                    "text": "Object represented as a string.\n",
                    "type": "String",
                    "src": {
                      "text": "1,235,21,32",
                      "type": "1,235,13"
                    }
                  }
                ],
                "src": {
                  "name": "1,226,12",
                  "text": "1,227,4,384"
                }
              },
              {
                "$type": "method",
                "name": "toString",
                "text": "Returns a string representation of the object.\n\nEvery object has a `toString()` method that is automatically called when the object is to be\nrepresented as a text value or when an object is referred to in a manner in which a string is\nexpected. By default, the `toString()` method is inherited by every object descended from `{@link Object}`.\nIf this method is not overridden in a custom object, `toString()` returns \"[object type]\", where\n`type` is the object type. The following code illustrates this:\n\n    var o = new Object();\n    o.toString();           // returns [object Object]\n\nYou can create a function to be called in place of the default `toString()` method. The\n`toString()` method takes no arguments and should return a string. The `toString()` method you\ncreate can be any value you want, but it will be most useful if it carries information about the\nobject.\n\nThe following code defines the `Dog` object type and creates `theDog`, an object of type `Dog`:\n\n    function Dog(name,breed,color,sex) {\n        this.name=name;\n        this.breed=breed;\n        this.color=color;\n        this.sex=sex;\n    }\n\n    theDog = new Dog(\"Gabby\",\"Lab\",\"chocolate\",\"female\");\n\nIf you call the `toString()` method on this custom object, it returns the default value inherited\nfrom `{@link Object}`:\n\n    theDog.toString(); //returns [object Object]\n\nThe following code creates and assigns `dogToString()` to override the default `toString()` method.\nThis function generates a string containing the name, breed, color, and sex of the object, in the\nform `\"property = value;\"`.\n\n    Dog.prototype.toString = function dogToString() {\n        var ret = \"Dog \" + this.name + \" is a \" + this.sex + \" \" + this.color + \" \" + this.breed;\n        return ret;\n    }\n\nWith the preceding code in place, any time theDog is used in a string context, JavaScript\nautomatically calls the `dogToString()` function, which returns the following string:\n\n    Dog Gabby is a female chocolate Lab\n\n`toString()` can be used with every object and allows you to get its class. To use the\n`Object.prototype.toString()` with every object, you need to call `Function.prototype.call()` or\n`Function.prototype.apply()` on it, passing the object you want to inspect as the first parameter\ncalled `thisArg`.\n\n    var toString = Object.prototype.toString;\n\n    toString.call(new Date); // [object Date]\n    toString.call(new String); // [object String]\n    toString.call(Math); // [object Math]\n",
                "items": [
                  {
                    "$type": "return",
                    "text": "Object represented as a string.\n",
                    "type": "String",
                    "src": {
                      "text": "1,297,21,32",
                      "type": "1,297,13"
                    }
                  }
                ],
                "src": {
                  "name": "1,239,12",
                  "text": "1,240,4,2445"
                }
              },
              {
                "$type": "method",
                "name": "valueOf",
                "text": "Returns the primitive value of the specified object.\n\nJavaScript calls the `{@link #method!valueOf valueOf}` method to convert an object to a primitive value. You rarely need to\ninvoke the `{@link #method!valueOf valueOf}` method yourself; JavaScript automatically invokes it when encountering an\nobject where a primitive value is expected.\n\nBy default, the `{@link #method!valueOf valueOf}` method is inherited by every object descended from `{@link Object}`. Every built-\nin core object overrides this method to return an appropriate value. If an object has no primitive\nvalue, `{@link #method!valueOf valueOf}` returns the object itself, which is displayed as:\n\n    [object Object]\n\nYou can use `{@link #method!valueOf valueOf}` within your own code to convert a built-in object into a primitive value.\nWhen you create a custom object, you can override `Object.valueOf` to call a custom method instead\nof the default `{@link Object}` method.\n\nYou can create a function to be called in place of the default `{@link #method!valueOf valueOf}` method. Your function must\ntake no arguments.\n\nSuppose you have an object type `myNumberType` and you want to create a `{@link #method!valueOf valueOf}` method for it.\nThe following code assigns a user-defined function to the object's valueOf method:\n\n    myNumberType.prototype.valueOf = new Function(functionText)\n\nWith the preceding code in place, any time an object of type `myNumberType` is used in a context\nwhere it is to be represented as a primitive value, JavaScript automatically calls the function\ndefined in the preceding code.\n\nAn object's `{@link #method!valueOf valueOf}` method is usually invoked by JavaScript, but you can invoke it yourself as\nfollows:\n\n    myNumber.valueOf()\n\nNote: Objects in string contexts convert via the `{@link #method!toString toString}` method, which is different from\n`{@link String}` objects converting to string primitives using `{@link #method!valueOf valueOf}`. All objects have a string\nconversion, if only `\"[object type]\"`. But many objects do not convert to number, boolean, or\nfunction.\n",
                "items": [
                  {
                    "$type": "return",
                    "text": "Returns value of the object or the object itself.\n",
                    "type": "Object",
                    "src": {
                      "text": "1,340,21,50",
                      "type": "1,340,13"
                    }
                  }
                ],
                "src": {
                  "name": "1,301,12",
                  "text": "1,302,4,1821"
                }
              }
            ]
          },
          {
            "$type": "properties",
            "items": [
              {
                "$type": "property",
                "name": "constructor",
                "text": " Specifies the function that creates an object's prototype.\n\n Returns a reference to the Object function that created the instance's prototype. Note that the\n value of this property is a reference to the function itself, not a string containing the\n function's name, but it isn't read only (except for primitive Boolean, Number or String values: 1,\n true, \"read-only\").\n\n All objects inherit a `constructor` property from their `{@link #property!prototype prototype}`:\n\n     o = new Object // or o = {} in JavaScript 1.2\n     o.constructor == Object\n     a = new Array // or a = [] in JavaScript 1.2\n     a.constructor == Array\n     n = new Number(3)\n     n.constructor == Number\n\n Even though you cannot construct most HTML objects, you can do comparisons. For example,\n\n     document.constructor == Document\n     document.form3.constructor == Form\n\n The following example creates a prototype, `Tree`, and an object of that type, theTree. The example then displays the `constructor` property for the object `theTree`.\n\n     function Tree(name) {\n         this.name = name;\n     }\n     theTree = new Tree(\"Redwood\");\n     console.log(\"theTree.constructor is \" + theTree.constructor);\n\n This example displays the following output:\n\n     theTree.constructor is function Tree(name) {\n         this.name = name;\n     }\n\n The following example shows how to modify constructor value of generic objects. Only true, 1 and\n \"test\" variable constructors will not be changed. This example explains that is not always so safe\n to believe in constructor function.\n\n     function Type(){};\n     var\ttypes = [\n \t    new Array,\t[],\n\t    new Boolean,\ttrue,\n\t    new Date,\n\t    new Error,\n\t    new Function,\tfunction(){},\n\t    Math,\n\t    new Number,\t1,\n\t    new Object,\t{},\n\t    new RegExp,\t/(?:)/,\n\t    new String,\t\"test\"\n     ];\n     for(var i = 0; i < types.length; i++){\n         types[i].constructor = Type;\n         types[i] = [types[i].constructor, types[i] instanceof Type, types[i].toString()];\n     };\n     alert(types.join(\"\\n\"));\n",
                "src": {
                  "name": "1,346,14",
                  "text": "1,347,3,1996"
                }
              },
              {
                "$type": "property",
                "name": "isAction",
                "text": "`true` in this class to identify an object as an instantiated Action, or subclass thereof.\n",
                "type": "Boolean",
                "src": {
                  "name": "0,113,28",
                  "text": "0,114,8,91",
                  "type": "0,113,19"
                }
              },
              {
                "$type": "property",
                "name": "prototype",
                "text": "Allows the addition of properties to all objects of type Object.\n",
                "src": {
                  "name": "1,46,14",
                  "text": "1,47,4,65"
                }
              }
            ]
          }
        ],
        "src": {
          "name": "0,63,0",
          "text": "0,2,4,2172"
        }
      }
    ]
  },
  "version": 1
}