{
  "$type": "doxi",
  "files": [
    "../../../ext/packages/charts/src/draw/Point.js",
    "../../../../docs/docs/js/primitives/Object.js"
  ],
  "global": {
    "$type": "namespace",
    "items": [
      {
        "$type": "class",
        "extended": "Object",
        "extends": "Object",
        "name": "Ext.draw.Point",
        "requires": "Ext.draw.Draw,Ext.draw.Matrix",
        "text": "A helper class to facilitate common operations on points and vectors.\n",
        "items": [
          {
            "$type": "methods",
            "items": [
              {
                "$type": "method",
                "name": "abs",
                "text": "Returns a new point with absolute values of the x and y values of this point.\nThis point is not modified.\n",
                "items": [
                  {
                    "$type": "return",
                    "type": "Ext.draw.Point",
                    "src": {
                      "type": "0,322,17"
                    }
                  },
                  {
                    "$type": "param",
                    "name": "x",
                    "src": {
                      "name": "0,324,0"
                    }
                  },
                  {
                    "$type": "param",
                    "name": "y",
                    "src": {
                      "name": "0,324,0"
                    }
                  }
                ],
                "src": {
                  "name": "0,324,0",
                  "text": "0,320,8,106"
                }
              },
              {
                "$type": "method",
                "name": "add",
                "text": "Adds another vector to this one and returns the resulting vector\nwithout changing this vector.\n",
                "items": [
                  {
                    "$type": "param",
                    "name": "x",
                    "type": "Number/Number[]/Object/Ext.draw.Point",
                    "src": {
                      "name": "0,173,15",
                      "type": "0,173,18"
                    }
                  },
                  {
                    "$type": "param",
                    "name": "y",
                    "type": "Number/Number[]/Object/Ext.draw.Point",
                    "src": {
                      "name": "0,174,15",
                      "type": "0,174,18"
                    }
                  },
                  {
                    "$type": "return",
                    "type": "Ext.draw.Point",
                    "src": {
                      "type": "0,175,17"
                    }
                  }
                ],
                "src": {
                  "name": "0,177,0",
                  "text": "0,171,8,95"
                }
              },
              {
                "$type": "method",
                "name": "ceil",
                "text": "Returns a new point with ceiled x and y values. This point is not modified.\n",
                "items": [
                  {
                    "$type": "return",
                    "type": "Ext.draw.Point",
                    "src": {
                      "type": "0,299,17"
                    }
                  }
                ],
                "src": {
                  "name": "0,301,0",
                  "text": "0,298,8,76"
                }
              },
              {
                "$type": "method",
                "name": "clone",
                "text": "Returns a copy of the point.\n",
                "items": [
                  {
                    "$type": "return",
                    "type": "Ext.draw.Point",
                    "src": {
                      "type": "0,164,17"
                    }
                  }
                ],
                "src": {
                  "name": "0,166,0",
                  "text": "0,163,8,29"
                }
              },
              {
                "$type": "method",
                "name": "constructor",
                "text": "Creates a point.\n\n    new Ext.draw.Point(3, 4);\n    new Ext.draw.Point(3); // both x and y equal 3\n    new Ext.draw.Point([3, 4]);\n    new Ext.draw.Point({x: 3, y: 4});\n    new Ext.draw.Point(p); // where `p` is a Ext.draw.Point instance.\n",
                "items": [
                  {
                    "$type": "param",
                    "name": "x",
                    "type": "Number/Number[]/Object/Ext.draw.Point",
                    "src": {
                      "name": "0,53,15",
                      "type": "0,53,18"
                    }
                  },
                  {
                    "$type": "param",
                    "name": "y",
                    "type": "Number/Number[]/Object/Ext.draw.Point",
                    "src": {
                      "name": "0,54,15",
                      "type": "0,54,18"
                    }
                  }
                ],
                "src": {
                  "name": "0,56,0",
                  "text": "0,45,8,240"
                }
              },
              {
                "$type": "method",
                "name": "div",
                "text": "Returns a vector which coordinates are the result of division of this vector's\ncoordinates by the given number. This vector is not modified.\nThis vector is not modified.\n",
                "items": [
                  {
                    "$type": "param",
                    "name": "n",
                    "text": "The denominator.\n",
                    "type": "Number",
                    "src": {
                      "name": "0,208,15",
                      "text": "0,208,26,17",
                      "type": "0,208,18"
                    }
                  },
                  {
                    "$type": "return",
                    "type": "Ext.draw.Point",
                    "src": {
                      "type": "0,209,17"
                    }
                  }
                ],
                "src": {
                  "name": "0,211,0",
                  "text": "0,205,8,170"
                }
              },
              {
                "$type": "method",
                "name": "dot",
                "text": "Returns the dot product of this vector and the given vector.\n",
                "items": [
                  {
                    "$type": "param",
                    "name": "x",
                    "type": "Number/Number[]/Object/Ext.draw.Point",
                    "src": {
                      "name": "0,217,15",
                      "type": "0,217,18"
                    }
                  },
                  {
                    "$type": "param",
                    "name": "y",
                    "type": "Number/Number[]/Object/Ext.draw.Point",
                    "src": {
                      "name": "0,218,15",
                      "type": "0,218,18"
                    }
                  },
                  {
                    "$type": "return",
                    "type": "Number",
                    "src": {
                      "type": "0,219,17"
                    }
                  }
                ],
                "src": {
                  "name": "0,221,0",
                  "text": "0,216,8,61"
                }
              },
              {
                "$type": "method",
                "name": "equals",
                "text": "Checks whether coordinates of the point match those of the point provided.\n",
                "items": [
                  {
                    "$type": "param",
                    "name": "x",
                    "type": "Number/Number[]/Object/Ext.draw.Point",
                    "src": {
                      "name": "0,228,15",
                      "type": "0,228,18"
                    }
                  },
                  {
                    "$type": "param",
                    "name": "y",
                    "type": "Number/Number[]/Object/Ext.draw.Point",
                    "src": {
                      "name": "0,229,15",
                      "type": "0,229,18"
                    }
                  },
                  {
                    "$type": "return",
                    "type": "Boolean",
                    "src": {
                      "type": "0,230,17"
                    }
                  }
                ],
                "src": {
                  "name": "0,232,0",
                  "text": "0,227,8,75"
                }
              },
              {
                "$type": "method",
                "name": "floor",
                "text": "Returns a new point with floored x and y values. This point is not modified.\n",
                "items": [
                  {
                    "$type": "return",
                    "type": "Ext.draw.Point",
                    "src": {
                      "type": "0,310,17"
                    }
                  }
                ],
                "src": {
                  "name": "0,312,0",
                  "text": "0,309,8,77"
                }
              },
              {
                "$type": "method",
                "name": "getDistanceToLine",
                "text": "Returns the vector from the point perpendicular to the line (shortest distance).\nWhere line is specified using two points or the coordinates of those points.\n",
                "items": [
                  {
                    "$type": "param",
                    "name": "p1",
                    "type": "Ext.draw.Point",
                    "src": {
                      "name": "0,358,15",
                      "type": "0,358,19"
                    }
                  },
                  {
                    "$type": "param",
                    "name": "p2",
                    "type": "Ext.draw.Point",
                    "src": {
                      "name": "0,359,15",
                      "type": "0,359,19"
                    }
                  },
                  {
                    "$type": "return",
                    "type": "Ext.draw.Point",
                    "src": {
                      "type": "0,360,17"
                    }
                  }
                ],
                "src": {
                  "name": "0,362,0",
                  "text": "0,356,8,158"
                }
              },
              {
                "$type": "method",
                "name": "hasOwnProperty",
                "text": "Returns a boolean indicating whether an object contains the specified property as a direct property\nof that object and not inherited through the prototype chain.\n\nEvery object descended from `{@link Object}` inherits the `{@link #method!hasOwnProperty hasOwnProperty}` method. This method can be used\nto determine whether an object has the specified property as a direct property of that object;\nunlike the `in` operator, this method does not check down the object's prototype chain.\n\nThe following example determines whether the o object contains a property named prop:\n\n    o = new Object();\n    o.prop = 'exists';\n\n    function changeO() {\n        o.newprop = o.prop;\n        delete o.prop;\n    }\n\n    o.hasOwnProperty('prop');   //returns true\n    changeO();\n    o.hasOwnProperty('prop');   //returns false\n\nThe following example differentiates between direct properties and properties inherited through the\nprototype chain:\n\n    o = new Object();\n    o.prop = 'exists';\n    o.hasOwnProperty('prop');             // returns true\n    o.hasOwnProperty('toString');         // returns false\n    o.hasOwnProperty('hasOwnProperty');   // returns false\n\nThe following example shows how to iterate over the properties of an object without executing on\ninherit properties.\n\n    var buz = {\n        fog: 'stack'\n    };\n\n    for (var name in buz) {\n        if (buz.hasOwnProperty(name)) {\n            alert(\"this is fog (\" + name + \") for sure. Value: \" + buz[name]);\n        }\n        else {\n            alert(name); // toString or something else\n        }\n    }\n",
                "items": [
                  {
                    "$type": "param",
                    "name": "prop",
                    "text": "The name of the property to test.\n",
                    "type": "String",
                    "src": {
                      "name": "1,100,20",
                      "text": "1,100,25,34",
                      "type": "1,100,12"
                    }
                  },
                  {
                    "$type": "return",
                    "text": "Returns true if object contains specified property; else\nreturns false.\n",
                    "type": "Boolean",
                    "src": {
                      "text": "1,101,22,57:1,102,4,15",
                      "type": "1,101,13"
                    }
                  }
                ],
                "src": {
                  "name": "1,53,12",
                  "text": "1,54,4,1520"
                }
              },
              {
                "$type": "method",
                "name": "isNumber",
                "text": "Checks if both x and y coordinates of the point are valid numbers.\n",
                "items": [
                  {
                    "$type": "return",
                    "type": "Boolean",
                    "src": {
                      "type": "0,383,17"
                    }
                  }
                ],
                "src": {
                  "name": "0,385,0",
                  "text": "0,382,8,67"
                }
              },
              {
                "$type": "method",
                "name": "isPrototypeOf",
                "text": "Returns a boolean indication whether the specified object is in the prototype chain of the object\nthis method is called upon.\n\n`{@link #method!isPrototypeOf isPrototypeOf}` allows you to check whether or not an object exists within another object's\nprototype chain.\n\nFor example, consider the following prototype chain:\n\n    function Fee() {\n        // . . .\n    }\n\n    function Fi() {\n        // . . .\n    }\n    Fi.prototype = new Fee();\n\n    function Fo() {\n        // . . .\n    }\n    Fo.prototype = new Fi();\n\n    function Fum() {\n        // . . .\n    }\n    Fum.prototype = new Fo();\n\nLater on down the road, if you instantiate `Fum` and need to check if `Fi`'s prototype exists\nwithin the `Fum` prototype chain, you could do this:\n\n    var fum = new Fum();\n    . . .\n\n    if (Fi.prototype.isPrototypeOf(fum)) {\n    // do something safe\n    }\n\nThis, along with the `instanceof` operator particularly comes in handy if you have code that can\nonly function when dealing with objects descended from a specific prototype chain, e.g., to\nguarantee that certain methods or properties will be present on that object.\n",
                "items": [
                  {
                    "$type": "param",
                    "name": "prototype",
                    "text": "an object to be tested against each link in the prototype chain of the\n*object* argument\n",
                    "type": "Object",
                    "src": {
                      "name": "1,148,20",
                      "text": "1,148,30,71:1,149,4,18",
                      "type": "1,148,12"
                    }
                  },
                  {
                    "$type": "param",
                    "name": "object",
                    "text": "the object whose prototype chain will be searched\n",
                    "type": "Object",
                    "src": {
                      "name": "1,150,20",
                      "text": "1,150,27,50",
                      "type": "1,150,12"
                    }
                  },
                  {
                    "$type": "return",
                    "text": "Returns true if object is a prototype and false if not.\n",
                    "type": "Boolean",
                    "src": {
                      "text": "1,151,22,56",
                      "type": "1,151,13"
                    }
                  }
                ],
                "src": {
                  "name": "1,106,12",
                  "text": "1,107,4,1084"
                }
              },
              {
                "$type": "method",
                "name": "isZero",
                "text": "Checks if both x and y coordinates of the point are zero.\n",
                "items": [
                  {
                    "$type": "return",
                    "type": "Boolean",
                    "src": {
                      "type": "0,375,17"
                    }
                  }
                ],
                "src": {
                  "name": "0,377,0",
                  "text": "0,374,8,58"
                }
              },
              {
                "$type": "method",
                "name": "mul",
                "text": "Returns the result of scalar multiplication of this vector by the given factor.\nThis vector is not modified.\n",
                "items": [
                  {
                    "$type": "param",
                    "name": "n",
                    "text": "The factor.\n",
                    "type": "Number",
                    "src": {
                      "name": "0,197,15",
                      "text": "0,197,26,12",
                      "type": "0,197,18"
                    }
                  },
                  {
                    "$type": "return",
                    "type": "Ext.draw.Point",
                    "src": {
                      "type": "0,198,17"
                    }
                  }
                ],
                "src": {
                  "name": "0,200,0",
                  "text": "0,195,8,109"
                }
              },
              {
                "$type": "method",
                "name": "normalize",
                "text": "Normalizes the vector by changing its length to 1 without changing its angle.\nThe returned result is a normalized vector. This vector is not modified.\n",
                "items": [
                  {
                    "$type": "param",
                    "name": "length",
                    "text": "[length=1] The length of the normalized vector. Defaults to 1.\n",
                    "type": "Number",
                    "src": {
                      "name": "0,334,15",
                      "text": "0,334,31,63",
                      "type": "0,334,23"
                    }
                  },
                  {
                    "$type": "return",
                    "type": "Ext.draw.Point",
                    "src": {
                      "type": "0,335,17"
                    }
                  }
                ],
                "src": {
                  "name": "0,337,0",
                  "text": "0,332,8,151"
                }
              },
              {
                "$type": "method",
                "name": "propertyIsEnumerable",
                "text": "Returns a boolean indicating if the internal ECMAScript DontEnum attribute is set.\n\nEvery object has a `{@link #method!propertyIsEnumerable propertyIsEnumerable}` method. This method can determine whether the specified\nproperty in an object can be enumerated by a `for...in` loop, with the exception of properties\ninherited through the prototype chain. If the object does not have the specified property, this\nmethod returns false.\n\nThe following example shows the use of `{@link #method!propertyIsEnumerable propertyIsEnumerable}` on objects and arrays:\n\n    var o = {};\n    var a = [];\n    o.prop = 'is enumerable';\n    a[0] = 'is enumerable';\n\n    o.propertyIsEnumerable('prop');   // returns true\n    a.propertyIsEnumerable(0);        // returns true\n\nThe following example demonstrates the enumerability of user-defined versus built-in properties:\n\n    var a = ['is enumerable'];\n\n    a.propertyIsEnumerable(0);          // returns true\n    a.propertyIsEnumerable('length');   // returns false\n\n    Math.propertyIsEnumerable('random');   // returns false\n    this.propertyIsEnumerable('Math');     // returns false\n\nDirect versus inherited properties\n\n    var a = [];\n    a.propertyIsEnumerable('constructor');         // returns false\n\n    function firstConstructor()\n    {\n        this.property = 'is not enumerable';\n    }\n    firstConstructor.prototype.firstMethod = function () {};\n\n    function secondConstructor()\n    {\n        this.method = function method() { return 'is enumerable'; };\n    }\n\n    secondConstructor.prototype = new firstConstructor;\n    secondConstructor.prototype.constructor = secondConstructor;\n\n    var o = new secondConstructor();\n    o.arbitraryProperty = 'is enumerable';\n\n    o.propertyIsEnumerable('arbitraryProperty');   // returns true\n    o.propertyIsEnumerable('method');              // returns true\n    o.propertyIsEnumerable('property');            // returns false\n\n    o.property = 'is enumerable';\n\n    o.propertyIsEnumerable('property');            // returns true\n\n    // These return false as they are on the prototype which\n    // propertyIsEnumerable does not consider (even though the last two\n    // are iteratable with for-in)\n    o.propertyIsEnumerable('prototype'); // returns false (as of JS 1.8.1/FF3.6)\n    o.propertyIsEnumerable('constructor'); // returns false\n    o.propertyIsEnumerable('firstMethod'); // returns false\n",
                "items": [
                  {
                    "$type": "param",
                    "name": "prop",
                    "text": "The name of the property to test.\n",
                    "type": "String",
                    "src": {
                      "name": "1,220,20",
                      "text": "1,220,25,34",
                      "type": "1,220,12"
                    }
                  },
                  {
                    "$type": "return",
                    "text": "If the object does not have the specified property, this\nmethod returns false.\n",
                    "type": "Boolean",
                    "src": {
                      "text": "1,221,22,57:1,222,4,22",
                      "type": "1,221,13"
                    }
                  }
                ],
                "src": {
                  "name": "1,155,12",
                  "text": "1,156,4,2313"
                }
              },
              {
                "$type": "method",
                "name": "rotate",
                "text": "Rotates the point by the given angle. This point is not modified.\n",
                "items": [
                  {
                    "$type": "param",
                    "name": "angle",
                    "text": "The rotation angle.\n",
                    "type": "Number",
                    "src": {
                      "name": "0,239,15",
                      "text": "0,239,30,20",
                      "type": "0,239,22"
                    }
                  },
                  {
                    "$type": "param",
                    "name": "center",
                    "text": "The center of rotation (optional). Defaults to origin.\n",
                    "type": "Ext.draw.Point",
                    "src": {
                      "name": "0,240,15",
                      "text": "0,240,39,55",
                      "type": "0,240,23"
                    }
                  },
                  {
                    "$type": "return",
                    "text": "The rotated point.\n",
                    "type": "Ext.draw.Point",
                    "src": {
                      "text": "0,241,33,19",
                      "type": "0,241,17"
                    }
                  }
                ],
                "src": {
                  "name": "0,243,0",
                  "text": "0,238,8,66"
                }
              },
              {
                "$type": "method",
                "name": "round",
                "text": "Returns a new point with rounded x and y values. This point is not modified.\n",
                "items": [
                  {
                    "$type": "return",
                    "type": "Ext.draw.Point",
                    "src": {
                      "type": "0,288,17"
                    }
                  }
                ],
                "src": {
                  "name": "0,290,0",
                  "text": "0,287,8,77"
                }
              },
              {
                "$type": "method",
                "name": "set",
                "text": "Sets coordinates of the point.\nTakes the same parameters as the {@link #constructor}.\n",
                "items": [
                  {
                    "$type": "param",
                    "name": "x",
                    "type": "Number/Number[]/Object/Ext.draw.Point",
                    "src": {
                      "name": "0,122,15",
                      "type": "0,122,18"
                    }
                  },
                  {
                    "$type": "param",
                    "name": "y",
                    "type": "Number/Number[]/Object/Ext.draw.Point",
                    "src": {
                      "name": "0,123,15",
                      "type": "0,123,18"
                    }
                  }
                ],
                "src": {
                  "name": "0,125,0",
                  "text": "0,120,8,86"
                }
              },
              {
                "$type": "method",
                "name": "setAngle",
                "text": "Sets the angle of the vector (measured from the x-axis to the vector)\nwithout changing its length.\n",
                "items": [
                  {
                    "$type": "param",
                    "name": "angle",
                    "type": "Number",
                    "src": {
                      "name": "0,132,15",
                      "type": "0,132,22"
                    }
                  }
                ],
                "src": {
                  "name": "0,134,0",
                  "text": "0,130,8,99"
                }
              },
              {
                "$type": "method",
                "name": "setLength",
                "text": "Sets the length of the vector without changing its angle.\n",
                "items": [
                  {
                    "$type": "param",
                    "name": "length",
                    "type": "Number",
                    "src": {
                      "name": "0,141,15",
                      "type": "0,141,23"
                    }
                  }
                ],
                "src": {
                  "name": "0,143,0",
                  "text": "0,140,8,58"
                }
              },
              {
                "$type": "method",
                "name": "setPolar",
                "text": "Sets both the angle and the length of the vector.\nA point can be thought of as a vector pointing from the origin to the point's location.\nThis can also be interpreted as setting coordinates of a point in the polar\ncoordinate system.\n",
                "items": [
                  {
                    "$type": "param",
                    "name": "angle",
                    "type": "Number",
                    "src": {
                      "name": "0,153,15",
                      "type": "0,153,22"
                    }
                  },
                  {
                    "$type": "param",
                    "name": "length",
                    "type": "Number",
                    "src": {
                      "name": "0,154,15",
                      "type": "0,154,23"
                    }
                  }
                ],
                "src": {
                  "name": "0,156,0",
                  "text": "0,149,8,233"
                }
              },
              {
                "$type": "method",
                "name": "setX",
                "text": "Sets the x-coordinate of the point.\n",
                "items": [
                  {
                    "$type": "param",
                    "name": "x",
                    "type": "Number",
                    "src": {
                      "name": "0,103,15",
                      "type": "0,103,18"
                    }
                  }
                ],
                "src": {
                  "name": "0,105,0",
                  "text": "0,102,8,36"
                }
              },
              {
                "$type": "method",
                "name": "setY",
                "text": "Sets the y-coordinate of the point.\n",
                "items": [
                  {
                    "$type": "param",
                    "name": "y",
                    "type": "Number",
                    "src": {
                      "name": "0,112,15",
                      "type": "0,112,18"
                    }
                  }
                ],
                "src": {
                  "name": "0,114,0",
                  "text": "0,111,8,36"
                }
              },
              {
                "$type": "method",
                "name": "sub",
                "text": "Subtracts another vector from this one and returns the resulting vector\nwithout changing this vector.\n",
                "items": [
                  {
                    "$type": "param",
                    "name": "x",
                    "type": "Number/Number[]/Object/Ext.draw.Point",
                    "src": {
                      "name": "0,185,15",
                      "type": "0,185,18"
                    }
                  },
                  {
                    "$type": "param",
                    "name": "y",
                    "type": "Number/Number[]/Object/Ext.draw.Point",
                    "src": {
                      "name": "0,186,15",
                      "type": "0,186,18"
                    }
                  },
                  {
                    "$type": "return",
                    "type": "Ext.draw.Point",
                    "src": {
                      "type": "0,187,17"
                    }
                  }
                ],
                "src": {
                  "name": "0,189,0",
                  "text": "0,183,8,102"
                }
              },
              {
                "$type": "method",
                "name": "toLocaleString",
                "text": "Returns a string representing the object. This method is meant to be overridden by derived objects\nfor locale-specific purposes.\n\n`{@link Object}`'s `{@link #method!toLocaleString toLocaleString}` returns the result of calling `{@link #method!toString toString}`.\n\nThis function is provided to give objects a generic `{@link #method!toLocaleString toLocaleString}` method, even though not all\nmay use it. Currently, only `{@link Array}`, `{@link Number}`, and `{@link Date}` override `{@link #method!toLocaleString toLocaleString}`.\n",
                "items": [
                  {
                    "$type": "return",
                    "text": "Object represented as a string.\n",
                    "type": "String",
                    "src": {
                      "text": "1,235,21,32",
                      "type": "1,235,13"
                    }
                  }
                ],
                "src": {
                  "name": "1,226,12",
                  "text": "1,227,4,384"
                }
              },
              {
                "$type": "method",
                "name": "toString",
                "text": "Returns a string representation of the object.\n\nEvery object has a `toString()` method that is automatically called when the object is to be\nrepresented as a text value or when an object is referred to in a manner in which a string is\nexpected. By default, the `toString()` method is inherited by every object descended from `{@link Object}`.\nIf this method is not overridden in a custom object, `toString()` returns \"[object type]\", where\n`type` is the object type. The following code illustrates this:\n\n    var o = new Object();\n    o.toString();           // returns [object Object]\n\nYou can create a function to be called in place of the default `toString()` method. The\n`toString()` method takes no arguments and should return a string. The `toString()` method you\ncreate can be any value you want, but it will be most useful if it carries information about the\nobject.\n\nThe following code defines the `Dog` object type and creates `theDog`, an object of type `Dog`:\n\n    function Dog(name,breed,color,sex) {\n        this.name=name;\n        this.breed=breed;\n        this.color=color;\n        this.sex=sex;\n    }\n\n    theDog = new Dog(\"Gabby\",\"Lab\",\"chocolate\",\"female\");\n\nIf you call the `toString()` method on this custom object, it returns the default value inherited\nfrom `{@link Object}`:\n\n    theDog.toString(); //returns [object Object]\n\nThe following code creates and assigns `dogToString()` to override the default `toString()` method.\nThis function generates a string containing the name, breed, color, and sex of the object, in the\nform `\"property = value;\"`.\n\n    Dog.prototype.toString = function dogToString() {\n        var ret = \"Dog \" + this.name + \" is a \" + this.sex + \" \" + this.color + \" \" + this.breed;\n        return ret;\n    }\n\nWith the preceding code in place, any time theDog is used in a string context, JavaScript\nautomatically calls the `dogToString()` function, which returns the following string:\n\n    Dog Gabby is a female chocolate Lab\n\n`toString()` can be used with every object and allows you to get its class. To use the\n`Object.prototype.toString()` with every object, you need to call `Function.prototype.call()` or\n`Function.prototype.apply()` on it, passing the object you want to inspect as the first parameter\ncalled `thisArg`.\n\n    var toString = Object.prototype.toString;\n\n    toString.call(new Date); // [object Date]\n    toString.call(new String); // [object String]\n    toString.call(Math); // [object Math]\n",
                "items": [
                  {
                    "$type": "return",
                    "text": "Object represented as a string.\n",
                    "type": "String",
                    "src": {
                      "text": "1,297,21,32",
                      "type": "1,297,13"
                    }
                  }
                ],
                "src": {
                  "name": "1,239,12",
                  "text": "1,240,4,2445"
                }
              },
              {
                "$type": "method",
                "name": "transform",
                "text": "Transforms the point from one coordinate system to another\nusing the transformation matrix provided. This point is not modified.\n",
                "items": [
                  {
                    "$type": "param",
                    "name": "matrix",
                    "text": "A trasformation matrix or its elements.\n",
                    "type": "Ext.draw.Matrix/Number[]",
                    "src": {
                      "name": "0,273,15",
                      "text": "0,273,49,40",
                      "type": "0,273,23"
                    }
                  },
                  {
                    "$type": "return",
                    "type": "Ext.draw.Point",
                    "src": {
                      "type": "0,274,17"
                    }
                  }
                ],
                "src": {
                  "name": "0,276,0",
                  "text": "0,271,8,129"
                }
              },
              {
                "$type": "method",
                "name": "valueOf",
                "text": "Returns the primitive value of the specified object.\n\nJavaScript calls the `{@link #method!valueOf valueOf}` method to convert an object to a primitive value. You rarely need to\ninvoke the `{@link #method!valueOf valueOf}` method yourself; JavaScript automatically invokes it when encountering an\nobject where a primitive value is expected.\n\nBy default, the `{@link #method!valueOf valueOf}` method is inherited by every object descended from `{@link Object}`. Every built-\nin core object overrides this method to return an appropriate value. If an object has no primitive\nvalue, `{@link #method!valueOf valueOf}` returns the object itself, which is displayed as:\n\n    [object Object]\n\nYou can use `{@link #method!valueOf valueOf}` within your own code to convert a built-in object into a primitive value.\nWhen you create a custom object, you can override `Object.valueOf` to call a custom method instead\nof the default `{@link Object}` method.\n\nYou can create a function to be called in place of the default `{@link #method!valueOf valueOf}` method. Your function must\ntake no arguments.\n\nSuppose you have an object type `myNumberType` and you want to create a `{@link #method!valueOf valueOf}` method for it.\nThe following code assigns a user-defined function to the object's valueOf method:\n\n    myNumberType.prototype.valueOf = new Function(functionText)\n\nWith the preceding code in place, any time an object of type `myNumberType` is used in a context\nwhere it is to be represented as a primitive value, JavaScript automatically calls the function\ndefined in the preceding code.\n\nAn object's `{@link #method!valueOf valueOf}` method is usually invoked by JavaScript, but you can invoke it yourself as\nfollows:\n\n    myNumber.valueOf()\n\nNote: Objects in string contexts convert via the `{@link #method!toString toString}` method, which is different from\n`{@link String}` objects converting to string primitives using `{@link #method!valueOf valueOf}`. All objects have a string\nconversion, if only `\"[object type]\"`. But many objects do not convert to number, boolean, or\nfunction.\n",
                "items": [
                  {
                    "$type": "return",
                    "text": "Returns value of the object or the object itself.\n",
                    "type": "Object",
                    "src": {
                      "text": "1,340,21,50",
                      "type": "1,340,13"
                    }
                  }
                ],
                "src": {
                  "name": "1,301,12",
                  "text": "1,302,4,1821"
                }
              }
            ]
          },
          {
            "$type": "properties",
            "items": [
              {
                "$type": "property",
                "name": "constructor",
                "text": " Specifies the function that creates an object's prototype.\n\n Returns a reference to the Object function that created the instance's prototype. Note that the\n value of this property is a reference to the function itself, not a string containing the\n function's name, but it isn't read only (except for primitive Boolean, Number or String values: 1,\n true, \"read-only\").\n\n All objects inherit a `constructor` property from their `{@link #property!prototype prototype}`:\n\n     o = new Object // or o = {} in JavaScript 1.2\n     o.constructor == Object\n     a = new Array // or a = [] in JavaScript 1.2\n     a.constructor == Array\n     n = new Number(3)\n     n.constructor == Number\n\n Even though you cannot construct most HTML objects, you can do comparisons. For example,\n\n     document.constructor == Document\n     document.form3.constructor == Form\n\n The following example creates a prototype, `Tree`, and an object of that type, theTree. The example then displays the `constructor` property for the object `theTree`.\n\n     function Tree(name) {\n         this.name = name;\n     }\n     theTree = new Tree(\"Redwood\");\n     console.log(\"theTree.constructor is \" + theTree.constructor);\n\n This example displays the following output:\n\n     theTree.constructor is function Tree(name) {\n         this.name = name;\n     }\n\n The following example shows how to modify constructor value of generic objects. Only true, 1 and\n \"test\" variable constructors will not be changed. This example explains that is not always so safe\n to believe in constructor function.\n\n     function Type(){};\n     var\ttypes = [\n \t    new Array,\t[],\n\t    new Boolean,\ttrue,\n\t    new Date,\n\t    new Error,\n\t    new Function,\tfunction(){},\n\t    Math,\n\t    new Number,\t1,\n\t    new Object,\t{},\n\t    new RegExp,\t/(?:)/,\n\t    new String,\t\"test\"\n     ];\n     for(var i = 0; i < types.length; i++){\n         types[i].constructor = Type;\n         types[i] = [types[i].constructor, types[i] instanceof Type, types[i].toString()];\n     };\n     alert(types.join(\"\\n\"));\n",
                "src": {
                  "name": "1,346,14",
                  "text": "1,347,3,1996"
                }
              },
              {
                "$type": "property",
                "name": "prototype",
                "text": "Allows the addition of properties to all objects of type Object.\n",
                "src": {
                  "name": "1,46,14",
                  "text": "1,47,4,65"
                }
              }
            ]
          },
          {
            "$type": "static-methods",
            "items": [
              {
                "$type": "method",
                "name": "fly",
                "static": true,
                "text": "Creates a flyweight Ext.draw.Point instance.\nTakes the same parameters as the {@link Ext.draw.Point#constructor}.\nDo not hold the instance of the flyweight point.\n",
                "items": [
                  {
                    "$type": "param",
                    "name": "point",
                    "type": "Number/Number[]/Object/Ext.draw.Point",
                    "src": {
                      "name": "0,29,19",
                      "type": "0,29,26"
                    }
                  },
                  {
                    "$type": "return",
                    "type": "Ext.draw.Point",
                    "src": {
                      "type": "0,30,21"
                    }
                  }
                ],
                "src": {
                  "name": "0,32,0",
                  "static": "0,24,12",
                  "text": "0,25,12,164"
                }
              }
            ]
          }
        ],
        "src": {
          "name": "0,4,0",
          "requires": "0,7,0,0:0,8,0,0",
          "text": "0,2,4,70"
        }
      }
    ]
  },
  "version": 1
}