{
  "$type": "doxi",
  "files": [
    "../../../ext/packages/core/src/data/operation/Create.js",
    "../../../ext/packages/core/src/data/operation/Operation.js",
    "../../../../docs/docs/js/primitives/Object.js"
  ],
  "global": {
    "$type": "namespace",
    "items": [
      {
        "$type": "class",
        "alias": "data.operation.create",
        "extended": "Ext.data.operation.Operation,Object",
        "extends": "Ext.data.operation.Operation",
        "name": "Ext.data.operation.Create",
        "text": "Enacpsulates a create operation as performed by a {@link Ext.data.proxy.Proxy}.\n\nThis class is instantiated by {@link Ext.data.Store} and {@link Ext.data.Model} and should\nnot need to be instantiated in user code.\n",
        "items": [
          {
            "$type": "configs",
            "items": [
              {
                "$type": "property",
                "name": "batch",
                "text": "The batch for this operation, if applicable\n",
                "type": "Ext.data.Batch",
                "src": {
                  "name": "1,91,0",
                  "text": "1,89,12,44",
                  "type": "1,88,18"
                }
              },
              {
                "$type": "property",
                "name": "callback",
                "text": "Function to execute when operation completed.\n",
                "type": "Function",
                "items": [
                  {
                    "$type": "property",
                    "name": "records",
                    "text": "Array of records.\n",
                    "type": "Ext.data.Model[]",
                    "src": {
                      "name": "1,36,45",
                      "text": "1,36,53,18",
                      "type": "1,36,18"
                    }
                  },
                  {
                    "$type": "property",
                    "name": "operation",
                    "text": "The Operation itself.\n",
                    "type": "Ext.data.operation.Operation",
                    "src": {
                      "name": "1,37,57",
                      "text": "1,37,67,22",
                      "type": "1,37,18"
                    }
                  },
                  {
                    "$type": "property",
                    "name": "success",
                    "text": "True when operation completed successfully.\n",
                    "type": "Boolean",
                    "src": {
                      "name": "1,38,36",
                      "text": "1,38,44,44",
                      "type": "1,38,18"
                    }
                  }
                ],
                "src": {
                  "name": "1,34,28",
                  "text": "1,35,12,46",
                  "type": "1,34,18"
                }
              },
              {
                "$type": "property",
                "name": "id",
                "text": "The id of the operation.\n",
                "type": "Object",
                "src": {
                  "name": "1,76,26",
                  "text": "1,77,12,25",
                  "type": "1,76,18"
                }
              },
              {
                "$type": "property",
                "access": "private",
                "name": "internalCallback",
                "text": "A callback to run before the {@link #cfg!callback #callback}.\n",
                "type": "Function",
                "src": {
                  "access": "1,106,12",
                  "name": "1,104,28",
                  "text": "1,105,12,48",
                  "type": "1,104,18"
                }
              },
              {
                "$type": "property",
                "access": "private",
                "name": "internalScope",
                "text": "Scope to run the {@link #cfg!internalCallback #internalCallback}\n",
                "type": "Object",
                "src": {
                  "access": "1,113,12",
                  "name": "1,111,26",
                  "text": "1,112,12,43",
                  "type": "1,111,18"
                }
              },
              {
                "$type": "property",
                "name": "params",
                "text": "Parameters to pass along with the request when performing the operation.\n",
                "type": "Object",
                "src": {
                  "name": "1,28,26",
                  "text": "1,29,12,73",
                  "type": "1,28,18"
                }
              },
              {
                "$type": "property",
                "name": "proxy",
                "text": "The proxy for this operation\n",
                "type": "Ext.data.proxy.Proxy",
                "src": {
                  "name": "1,82,40",
                  "text": "1,83,12,29",
                  "type": "1,82,18"
                }
              },
              {
                "$type": "property",
                "access": "private",
                "name": "recordCreator",
                "text": "Passed to the reader, see {@link Ext.data.reader.Reader#method!read Ext.data.reader.Reader#read}\n",
                "type": "Function",
                "src": {
                  "access": "1,96,12",
                  "name": "1,94,28",
                  "text": "1,95,12,62",
                  "type": "1,94,18"
                }
              },
              {
                "$type": "property",
                "name": "records",
                "text": "The records associated with this operation. If this is a `read` operation, this will be\n`{@link null}` until data is returned from the {@link Ext.data.proxy.Proxy}.\n",
                "type": "Ext.data.Model[]",
                "src": {
                  "name": "1,69,36",
                  "text": "1,70,12,157",
                  "type": "1,69,18"
                }
              },
              {
                "$type": "property",
                "name": "request",
                "text": "The request for this operation.\n",
                "type": "Ext.data.Request",
                "src": {
                  "name": "1,63,36",
                  "text": "1,64,12,32",
                  "type": "1,63,18"
                }
              },
              {
                "$type": "property",
                "access": "private",
                "name": "response",
                "text": "The response for this operation.\n",
                "type": "Object",
                "src": {
                  "access": "1,56,12",
                  "name": "1,57,26",
                  "text": "1,58,12,33",
                  "type": "1,57,18"
                }
              },
              {
                "$type": "property",
                "accessor": true,
                "name": "resultSet",
                "text": "The ResultSet for this operation.\n",
                "type": "Ext.data.ResultSet",
                "src": {
                  "accessor": "1,51,12",
                  "name": "1,49,38",
                  "text": "1,50,12,34",
                  "type": "1,49,18"
                }
              },
              {
                "$type": "property",
                "name": "scope",
                "text": "Scope for the {@link #cfg!callback #callback} function.\n",
                "type": "Object",
                "src": {
                  "name": "1,43,26",
                  "text": "1,44,12,42",
                  "type": "1,43,18"
                }
              },
              {
                "$type": "property",
                "name": "synchronous",
                "text": "True if this Operation is to be executed synchronously. This property is inspected by a\n{@link Ext.data.Batch} to see if a series of Operations can be executed in parallel or not.\n",
                "type": "Boolean",
                "src": {
                  "name": "1,15,27",
                  "text": "1,16,12,186",
                  "type": "1,15,18"
                }
              },
              {
                "$type": "property",
                "name": "url",
                "text": "The url for this operation. Typically this will be provided by a proxy and not configured here.\n",
                "type": "String",
                "src": {
                  "name": "1,22,26",
                  "text": "1,23,12,96",
                  "type": "1,22,18"
                }
              }
            ]
          },
          {
            "$type": "methods",
            "items": [
              {
                "$type": "method",
                "name": "abort",
                "text": "Aborts the processing of this operation on the {@link #cfg!proxy #proxy}.\nThis is only valid for proxies that make asynchronous requests.\n",
                "src": {
                  "name": "1,251,0",
                  "text": "1,248,8,127"
                }
              },
              {
                "$type": "method",
                "name": "allowWrite",
                "text": "Checks whether this operation should cause writing to occur.\n",
                "items": [
                  {
                    "$type": "return",
                    "text": "Whether the operation should cause a write to occur.\n",
                    "type": "Boolean",
                    "src": {
                      "text": "1,490,26,53",
                      "type": "1,490,17"
                    }
                  }
                ],
                "src": {
                  "name": "1,492,0",
                  "text": "1,489,8,61"
                }
              },
              {
                "$type": "method",
                "name": "constructor",
                "text": "Creates new Operation object.\n",
                "items": [
                  {
                    "$type": "param",
                    "name": "config",
                    "text": "(optional) Config object.\n",
                    "type": "Object",
                    "src": {
                      "name": "1,194,24",
                      "text": "1,194,31,26",
                      "type": "1,194,16"
                    }
                  }
                ],
                "src": {
                  "name": "1,196,0",
                  "text": "1,193,8,30"
                }
              },
              {
                "$type": "method",
                "access": "protected",
                "name": "doProcess",
                "text": "Process records in the operation after the response is successful and the result\nset is parsed correctly. The base class implementation of this method is used by\n\"create\" and \"update\" operations to allow the server response to update the client\nside records.\n",
                "items": [
                  {
                    "$type": "param",
                    "name": "resultSet",
                    "text": "The result set\n",
                    "type": "Ext.data.ResultSet",
                    "src": {
                      "name": "1,290,36",
                      "text": "1,290,46,15",
                      "type": "1,290,16"
                    }
                  },
                  {
                    "$type": "param",
                    "name": "request",
                    "text": "The request\n",
                    "type": "Ext.data.Request",
                    "src": {
                      "name": "1,291,34",
                      "text": "1,291,42,12",
                      "type": "1,291,16"
                    }
                  },
                  {
                    "$type": "param",
                    "name": "response",
                    "text": "The response\n",
                    "type": "Object",
                    "src": {
                      "name": "1,292,24",
                      "text": "1,292,33,13",
                      "type": "1,292,16"
                    }
                  }
                ],
                "src": {
                  "access": "1,293,8",
                  "name": "1,295,0",
                  "text": "1,285,8,260"
                }
              },
              {
                "$type": "method",
                "access": "private",
                "name": "execute",
                "text": "Executes the operation on the configured {@link #cfg!proxy #proxy}.\n",
                "items": [
                  {
                    "$type": "return",
                    "text": "The request object\n",
                    "type": "Ext.data.Request",
                    "src": {
                      "text": "1,227,35,19",
                      "type": "1,227,17"
                    }
                  }
                ],
                "src": {
                  "access": "1,225,8",
                  "name": "1,229,0",
                  "text": "1,226,8,57"
                }
              },
              {
                "$type": "method",
                "name": "getError",
                "text": "Returns the error string or object that was set using {@link #method!setException #setException}\n",
                "items": [
                  {
                    "$type": "return",
                    "text": "The error object\n",
                    "type": "String/Object",
                    "src": {
                      "text": "1,432,32,17",
                      "type": "1,432,17"
                    }
                  }
                ],
                "src": {
                  "name": "1,434,0",
                  "text": "1,431,8,76"
                }
              },
              {
                "$type": "method",
                "name": "getRecords",
                "text": "Returns the {@link Ext.data.Model}s associated with this operation. For read\noperations the records as set by the {@link Ext.data.proxy.Proxy} will be\nreturned (returns `{@link null}` if the proxy has not yet set the records).\n\nFor create, update, and destroy operations the operation's initially configured\nrecords will be returned, although the proxy may modify these records' data at some\npoint after the operation is initialized.\n",
                "items": [
                  {
                    "$type": "return",
                    "type": "Ext.data.Model[]",
                    "src": {
                      "type": "1,447,17"
                    }
                  }
                ],
                "src": {
                  "name": "1,449,0",
                  "text": "1,439,8,440"
                }
              },
              {
                "$type": "method",
                "name": "hasException",
                "text": "Returns true if this Operation encountered an exception (see also {@link #method!getError #getError})\n",
                "items": [
                  {
                    "$type": "return",
                    "text": "True if there was an exception\n",
                    "type": "Boolean",
                    "src": {
                      "text": "1,424,26,31",
                      "type": "1,424,17"
                    }
                  }
                ],
                "src": {
                  "name": "1,426,0",
                  "text": "1,423,8,85"
                }
              },
              {
                "$type": "method",
                "name": "hasOwnProperty",
                "text": "Returns a boolean indicating whether an object contains the specified property as a direct property\nof that object and not inherited through the prototype chain.\n\nEvery object descended from `{@link Object}` inherits the `{@link #method!hasOwnProperty hasOwnProperty}` method. This method can be used\nto determine whether an object has the specified property as a direct property of that object;\nunlike the `in` operator, this method does not check down the object's prototype chain.\n\nThe following example determines whether the o object contains a property named prop:\n\n    o = new Object();\n    o.prop = 'exists';\n\n    function changeO() {\n        o.newprop = o.prop;\n        delete o.prop;\n    }\n\n    o.hasOwnProperty('prop');   //returns true\n    changeO();\n    o.hasOwnProperty('prop');   //returns false\n\nThe following example differentiates between direct properties and properties inherited through the\nprototype chain:\n\n    o = new Object();\n    o.prop = 'exists';\n    o.hasOwnProperty('prop');             // returns true\n    o.hasOwnProperty('toString');         // returns false\n    o.hasOwnProperty('hasOwnProperty');   // returns false\n\nThe following example shows how to iterate over the properties of an object without executing on\ninherit properties.\n\n    var buz = {\n        fog: 'stack'\n    };\n\n    for (var name in buz) {\n        if (buz.hasOwnProperty(name)) {\n            alert(\"this is fog (\" + name + \") for sure. Value: \" + buz[name]);\n        }\n        else {\n            alert(name); // toString or something else\n        }\n    }\n",
                "items": [
                  {
                    "$type": "param",
                    "name": "prop",
                    "text": "The name of the property to test.\n",
                    "type": "String",
                    "src": {
                      "name": "2,100,20",
                      "text": "2,100,25,34",
                      "type": "2,100,12"
                    }
                  },
                  {
                    "$type": "return",
                    "text": "Returns true if object contains specified property; else\nreturns false.\n",
                    "type": "Boolean",
                    "src": {
                      "text": "2,101,22,57:2,102,4,15",
                      "type": "2,101,13"
                    }
                  }
                ],
                "src": {
                  "name": "2,53,12",
                  "text": "2,54,4,1520"
                }
              },
              {
                "$type": "method",
                "name": "isComplete",
                "text": "Returns true if the Operation has been completed\n",
                "items": [
                  {
                    "$type": "return",
                    "text": "True if the Operation is complete\n",
                    "type": "Boolean",
                    "src": {
                      "text": "1,474,26,34",
                      "type": "1,474,17"
                    }
                  }
                ],
                "src": {
                  "name": "1,476,0",
                  "text": "1,473,8,49"
                }
              },
              {
                "$type": "method",
                "name": "isPrototypeOf",
                "text": "Returns a boolean indication whether the specified object is in the prototype chain of the object\nthis method is called upon.\n\n`{@link #method!isPrototypeOf isPrototypeOf}` allows you to check whether or not an object exists within another object's\nprototype chain.\n\nFor example, consider the following prototype chain:\n\n    function Fee() {\n        // . . .\n    }\n\n    function Fi() {\n        // . . .\n    }\n    Fi.prototype = new Fee();\n\n    function Fo() {\n        // . . .\n    }\n    Fo.prototype = new Fi();\n\n    function Fum() {\n        // . . .\n    }\n    Fum.prototype = new Fo();\n\nLater on down the road, if you instantiate `Fum` and need to check if `Fi`'s prototype exists\nwithin the `Fum` prototype chain, you could do this:\n\n    var fum = new Fum();\n    . . .\n\n    if (Fi.prototype.isPrototypeOf(fum)) {\n    // do something safe\n    }\n\nThis, along with the `instanceof` operator particularly comes in handy if you have code that can\nonly function when dealing with objects descended from a specific prototype chain, e.g., to\nguarantee that certain methods or properties will be present on that object.\n",
                "items": [
                  {
                    "$type": "param",
                    "name": "prototype",
                    "text": "an object to be tested against each link in the prototype chain of the\n*object* argument\n",
                    "type": "Object",
                    "src": {
                      "name": "2,148,20",
                      "text": "2,148,30,71:2,149,4,18",
                      "type": "2,148,12"
                    }
                  },
                  {
                    "$type": "param",
                    "name": "object",
                    "text": "the object whose prototype chain will be searched\n",
                    "type": "Object",
                    "src": {
                      "name": "2,150,20",
                      "text": "2,150,27,50",
                      "type": "2,150,12"
                    }
                  },
                  {
                    "$type": "return",
                    "text": "Returns true if object is a prototype and false if not.\n",
                    "type": "Boolean",
                    "src": {
                      "text": "2,151,22,56",
                      "type": "2,151,13"
                    }
                  }
                ],
                "src": {
                  "name": "2,106,12",
                  "text": "2,107,4,1084"
                }
              },
              {
                "$type": "method",
                "name": "isRunning",
                "text": "Returns true if the Operation has been started but has not yet completed.\n",
                "items": [
                  {
                    "$type": "return",
                    "text": "True if the Operation is currently running\n",
                    "type": "Boolean",
                    "src": {
                      "text": "1,466,26,43",
                      "type": "1,466,17"
                    }
                  }
                ],
                "src": {
                  "name": "1,468,0",
                  "text": "1,465,8,74"
                }
              },
              {
                "$type": "method",
                "name": "isStarted",
                "text": "Returns true if the Operation has been started. Note that the Operation may have started AND completed, see\n{@link #method!isRunning #isRunning} to test if the Operation is currently running.\n",
                "items": [
                  {
                    "$type": "return",
                    "text": "True if the Operation has started\n",
                    "type": "Boolean",
                    "src": {
                      "text": "1,458,26,34",
                      "type": "1,458,17"
                    }
                  }
                ],
                "src": {
                  "name": "1,460,0",
                  "text": "1,456,8,174"
                }
              },
              {
                "$type": "method",
                "name": "propertyIsEnumerable",
                "text": "Returns a boolean indicating if the internal ECMAScript DontEnum attribute is set.\n\nEvery object has a `{@link #method!propertyIsEnumerable propertyIsEnumerable}` method. This method can determine whether the specified\nproperty in an object can be enumerated by a `for...in` loop, with the exception of properties\ninherited through the prototype chain. If the object does not have the specified property, this\nmethod returns false.\n\nThe following example shows the use of `{@link #method!propertyIsEnumerable propertyIsEnumerable}` on objects and arrays:\n\n    var o = {};\n    var a = [];\n    o.prop = 'is enumerable';\n    a[0] = 'is enumerable';\n\n    o.propertyIsEnumerable('prop');   // returns true\n    a.propertyIsEnumerable(0);        // returns true\n\nThe following example demonstrates the enumerability of user-defined versus built-in properties:\n\n    var a = ['is enumerable'];\n\n    a.propertyIsEnumerable(0);          // returns true\n    a.propertyIsEnumerable('length');   // returns false\n\n    Math.propertyIsEnumerable('random');   // returns false\n    this.propertyIsEnumerable('Math');     // returns false\n\nDirect versus inherited properties\n\n    var a = [];\n    a.propertyIsEnumerable('constructor');         // returns false\n\n    function firstConstructor()\n    {\n        this.property = 'is not enumerable';\n    }\n    firstConstructor.prototype.firstMethod = function () {};\n\n    function secondConstructor()\n    {\n        this.method = function method() { return 'is enumerable'; };\n    }\n\n    secondConstructor.prototype = new firstConstructor;\n    secondConstructor.prototype.constructor = secondConstructor;\n\n    var o = new secondConstructor();\n    o.arbitraryProperty = 'is enumerable';\n\n    o.propertyIsEnumerable('arbitraryProperty');   // returns true\n    o.propertyIsEnumerable('method');              // returns true\n    o.propertyIsEnumerable('property');            // returns false\n\n    o.property = 'is enumerable';\n\n    o.propertyIsEnumerable('property');            // returns true\n\n    // These return false as they are on the prototype which\n    // propertyIsEnumerable does not consider (even though the last two\n    // are iteratable with for-in)\n    o.propertyIsEnumerable('prototype'); // returns false (as of JS 1.8.1/FF3.6)\n    o.propertyIsEnumerable('constructor'); // returns false\n    o.propertyIsEnumerable('firstMethod'); // returns false\n",
                "items": [
                  {
                    "$type": "param",
                    "name": "prop",
                    "text": "The name of the property to test.\n",
                    "type": "String",
                    "src": {
                      "name": "2,220,20",
                      "text": "2,220,25,34",
                      "type": "2,220,12"
                    }
                  },
                  {
                    "$type": "return",
                    "text": "If the object does not have the specified property, this\nmethod returns false.\n",
                    "type": "Boolean",
                    "src": {
                      "text": "2,221,22,57:2,222,4,22",
                      "type": "2,221,13"
                    }
                  }
                ],
                "src": {
                  "name": "2,155,12",
                  "text": "2,156,4,2313"
                }
              },
              {
                "$type": "method",
                "name": "setCompleted",
                "text": "Marks the Operation as completed.\n",
                "src": {
                  "name": "1,362,0",
                  "text": "1,360,8,34"
                }
              },
              {
                "$type": "method",
                "name": "setException",
                "text": "Marks the Operation as having experienced an exception. Can be supplied with an option error message/object.\n",
                "items": [
                  {
                    "$type": "param",
                    "name": "error",
                    "text": "(optional) error string/object\n",
                    "type": "String/Object",
                    "src": {
                      "name": "1,390,31",
                      "text": "1,390,37,31",
                      "type": "1,390,16"
                    }
                  }
                ],
                "src": {
                  "name": "1,392,0",
                  "text": "1,389,8,109"
                }
              },
              {
                "$type": "method",
                "name": "setStarted",
                "text": "Marks the Operation as started.\n",
                "src": {
                  "name": "1,355,0",
                  "text": "1,353,8,32"
                }
              },
              {
                "$type": "method",
                "name": "setSuccessful",
                "text": "Marks the Operation as successful.\n",
                "items": [
                  {
                    "$type": "param",
                    "name": "complete",
                    "optional": true,
                    "text": "`true` to also mark this operation\nas being complete See {@link #method!setCompleted #setCompleted}.\n",
                    "type": "Boolean",
                    "src": {
                      "name": "1,378,26",
                      "text": "1,378,36,35:1,379,8,45",
                      "type": "1,378,16"
                    }
                  }
                ],
                "src": {
                  "name": "1,381,0",
                  "text": "1,377,8,35"
                }
              },
              {
                "$type": "method",
                "name": "toLocaleString",
                "text": "Returns a string representing the object. This method is meant to be overridden by derived objects\nfor locale-specific purposes.\n\n`{@link Object}`'s `{@link #method!toLocaleString toLocaleString}` returns the result of calling `{@link #method!toString toString}`.\n\nThis function is provided to give objects a generic `{@link #method!toLocaleString toLocaleString}` method, even though not all\nmay use it. Currently, only `{@link Array}`, `{@link Number}`, and `{@link Date}` override `{@link #method!toLocaleString toLocaleString}`.\n",
                "items": [
                  {
                    "$type": "return",
                    "text": "Object represented as a string.\n",
                    "type": "String",
                    "src": {
                      "text": "2,235,21,32",
                      "type": "2,235,13"
                    }
                  }
                ],
                "src": {
                  "name": "2,226,12",
                  "text": "2,227,4,384"
                }
              },
              {
                "$type": "method",
                "name": "toString",
                "text": "Returns a string representation of the object.\n\nEvery object has a `toString()` method that is automatically called when the object is to be\nrepresented as a text value or when an object is referred to in a manner in which a string is\nexpected. By default, the `toString()` method is inherited by every object descended from `{@link Object}`.\nIf this method is not overridden in a custom object, `toString()` returns \"[object type]\", where\n`type` is the object type. The following code illustrates this:\n\n    var o = new Object();\n    o.toString();           // returns [object Object]\n\nYou can create a function to be called in place of the default `toString()` method. The\n`toString()` method takes no arguments and should return a string. The `toString()` method you\ncreate can be any value you want, but it will be most useful if it carries information about the\nobject.\n\nThe following code defines the `Dog` object type and creates `theDog`, an object of type `Dog`:\n\n    function Dog(name,breed,color,sex) {\n        this.name=name;\n        this.breed=breed;\n        this.color=color;\n        this.sex=sex;\n    }\n\n    theDog = new Dog(\"Gabby\",\"Lab\",\"chocolate\",\"female\");\n\nIf you call the `toString()` method on this custom object, it returns the default value inherited\nfrom `{@link Object}`:\n\n    theDog.toString(); //returns [object Object]\n\nThe following code creates and assigns `dogToString()` to override the default `toString()` method.\nThis function generates a string containing the name, breed, color, and sex of the object, in the\nform `\"property = value;\"`.\n\n    Dog.prototype.toString = function dogToString() {\n        var ret = \"Dog \" + this.name + \" is a \" + this.sex + \" \" + this.color + \" \" + this.breed;\n        return ret;\n    }\n\nWith the preceding code in place, any time theDog is used in a string context, JavaScript\nautomatically calls the `dogToString()` function, which returns the following string:\n\n    Dog Gabby is a female chocolate Lab\n\n`toString()` can be used with every object and allows you to get its class. To use the\n`Object.prototype.toString()` with every object, you need to call `Function.prototype.call()` or\n`Function.prototype.apply()` on it, passing the object you want to inspect as the first parameter\ncalled `thisArg`.\n\n    var toString = Object.prototype.toString;\n\n    toString.call(new Date); // [object Date]\n    toString.call(new String); // [object String]\n    toString.call(Math); // [object Math]\n",
                "items": [
                  {
                    "$type": "return",
                    "text": "Object represented as a string.\n",
                    "type": "String",
                    "src": {
                      "text": "2,297,21,32",
                      "type": "2,297,13"
                    }
                  }
                ],
                "src": {
                  "name": "2,239,12",
                  "text": "2,240,4,2445"
                }
              },
              {
                "$type": "method",
                "name": "valueOf",
                "text": "Returns the primitive value of the specified object.\n\nJavaScript calls the `{@link #method!valueOf valueOf}` method to convert an object to a primitive value. You rarely need to\ninvoke the `{@link #method!valueOf valueOf}` method yourself; JavaScript automatically invokes it when encountering an\nobject where a primitive value is expected.\n\nBy default, the `{@link #method!valueOf valueOf}` method is inherited by every object descended from `{@link Object}`. Every built-\nin core object overrides this method to return an appropriate value. If an object has no primitive\nvalue, `{@link #method!valueOf valueOf}` returns the object itself, which is displayed as:\n\n    [object Object]\n\nYou can use `{@link #method!valueOf valueOf}` within your own code to convert a built-in object into a primitive value.\nWhen you create a custom object, you can override `Object.valueOf` to call a custom method instead\nof the default `{@link Object}` method.\n\nYou can create a function to be called in place of the default `{@link #method!valueOf valueOf}` method. Your function must\ntake no arguments.\n\nSuppose you have an object type `myNumberType` and you want to create a `{@link #method!valueOf valueOf}` method for it.\nThe following code assigns a user-defined function to the object's valueOf method:\n\n    myNumberType.prototype.valueOf = new Function(functionText)\n\nWith the preceding code in place, any time an object of type `myNumberType` is used in a context\nwhere it is to be represented as a primitive value, JavaScript automatically calls the function\ndefined in the preceding code.\n\nAn object's `{@link #method!valueOf valueOf}` method is usually invoked by JavaScript, but you can invoke it yourself as\nfollows:\n\n    myNumber.valueOf()\n\nNote: Objects in string contexts convert via the `{@link #method!toString toString}` method, which is different from\n`{@link String}` objects converting to string primitives using `{@link #method!valueOf valueOf}`. All objects have a string\nconversion, if only `\"[object type]\"`. But many objects do not convert to number, boolean, or\nfunction.\n",
                "items": [
                  {
                    "$type": "return",
                    "text": "Returns value of the object or the object itself.\n",
                    "type": "Object",
                    "src": {
                      "text": "2,340,21,50",
                      "type": "2,340,13"
                    }
                  }
                ],
                "src": {
                  "name": "2,301,12",
                  "text": "2,302,4,1821"
                }
              },
              {
                "$type": "method",
                "name": "wasSuccessful",
                "text": "Returns true if the Operation has completed and was successful\n",
                "items": [
                  {
                    "$type": "return",
                    "text": "True if successful\n",
                    "type": "Boolean",
                    "src": {
                      "text": "1,482,26,19",
                      "type": "1,482,17"
                    }
                  }
                ],
                "src": {
                  "name": "1,484,0",
                  "text": "1,481,8,63"
                }
              }
            ]
          },
          {
            "$type": "properties",
            "items": [
              {
                "$type": "property",
                "access": "private",
                "name": "commit",
                "text": "This private object is used to save on memory allocation. This instance is used to\napply server record updates as part of a record commit performed by calling the\nset() method on the record. See doProcess.\n",
                "src": {
                  "access": "1,277,8",
                  "name": "1,282,0",
                  "text": "1,278,8,206"
                }
              },
              {
                "$type": "property",
                "access": "private",
                "name": "complete",
                "readonly": true,
                "text": "The completion status of this Operation. Use {@link #method!isComplete #isComplete}.\n",
                "type": "Boolean",
                "src": {
                  "access": "1,161,8",
                  "name": "1,158,28",
                  "readonly": "1,160,8",
                  "text": "1,159,8,66",
                  "type": "1,158,19"
                }
              },
              {
                "$type": "property",
                "name": "constructor",
                "text": " Specifies the function that creates an object's prototype.\n\n Returns a reference to the Object function that created the instance's prototype. Note that the\n value of this property is a reference to the function itself, not a string containing the\n function's name, but it isn't read only (except for primitive Boolean, Number or String values: 1,\n true, \"read-only\").\n\n All objects inherit a `constructor` property from their `{@link #property!prototype prototype}`:\n\n     o = new Object // or o = {} in JavaScript 1.2\n     o.constructor == Object\n     a = new Array // or a = [] in JavaScript 1.2\n     a.constructor == Array\n     n = new Number(3)\n     n.constructor == Number\n\n Even though you cannot construct most HTML objects, you can do comparisons. For example,\n\n     document.constructor == Document\n     document.form3.constructor == Form\n\n The following example creates a prototype, `Tree`, and an object of that type, theTree. The example then displays the `constructor` property for the object `theTree`.\n\n     function Tree(name) {\n         this.name = name;\n     }\n     theTree = new Tree(\"Redwood\");\n     console.log(\"theTree.constructor is \" + theTree.constructor);\n\n This example displays the following output:\n\n     theTree.constructor is function Tree(name) {\n         this.name = name;\n     }\n\n The following example shows how to modify constructor value of generic objects. Only true, 1 and\n \"test\" variable constructors will not be changed. This example explains that is not always so safe\n to believe in constructor function.\n\n     function Type(){};\n     var\ttypes = [\n \t    new Array,\t[],\n\t    new Boolean,\ttrue,\n\t    new Date,\n\t    new Error,\n\t    new Function,\tfunction(){},\n\t    Math,\n\t    new Number,\t1,\n\t    new Object,\t{},\n\t    new RegExp,\t/(?:)/,\n\t    new String,\t\"test\"\n     ];\n     for(var i = 0; i < types.length; i++){\n         types[i].constructor = Type;\n         types[i] = [types[i].constructor, types[i] instanceof Type, types[i].toString()];\n     };\n     alert(types.join(\"\\n\"));\n",
                "src": {
                  "name": "2,346,14",
                  "text": "2,347,3,1996"
                }
              },
              {
                "$type": "property",
                "access": "private",
                "name": "error",
                "text": "The error object passed when {@link #method!setException #setException} was called. This could be any object or primitive.\n",
                "type": "String/Object",
                "src": {
                  "access": "1,186,8",
                  "name": "1,184,34",
                  "text": "1,185,8,102",
                  "type": "1,184,19"
                }
              },
              {
                "$type": "property",
                "access": "private",
                "name": "exception",
                "readonly": true,
                "text": "The exception status of this Operation. Use {@link #method!hasException #hasException} and see {@link #method!getError #getError}.\n",
                "type": "Boolean",
                "src": {
                  "access": "1,179,8",
                  "name": "1,176,28",
                  "readonly": "1,178,8",
                  "text": "1,177,8,93",
                  "type": "1,176,19"
                }
              },
              {
                "$type": "property",
                "access": "private",
                "name": "foreignKeyDirection",
                "readonly": true,
                "since": "5.0.0",
                "text": "This number is used by `{@link Ext.data.Batch#method!sort Ext.data.Batch#sort}` to order operations of the\nsame type. This value is multipled by the \"entity rank\" (which is determined by\nforeign-key dependencies) to invert the direction of the sort based on the type of\noperation. Only `{@link Ext.data.operation.Destroy}` overrides this value.\n",
                "type": "Number",
                "src": {
                  "access": "1,135,8",
                  "name": "1,130,27",
                  "readonly": "1,136,8",
                  "since": "1,137,15",
                  "text": "1,131,8,310",
                  "type": "1,130,19"
                }
              },
              {
                "$type": "property",
                "access": "private",
                "name": "order",
                "readonly": true,
                "since": "5.0.0",
                "text": "This number is used by `{@link Ext.data.Batch#method!sort Ext.data.Batch#sort}` to order operations. Order of\noperations of the same type is determined by foreign-key dependencies. The array of\noperations is sorted by ascending (increasing) values of `{@link #property!order order}`.\n",
                "type": "Number",
                "src": {
                  "access": "1,123,8",
                  "name": "1,119,27",
                  "readonly": "1,124,8",
                  "since": "1,125,15",
                  "text": "1,120,8,233",
                  "type": "1,119,19"
                }
              },
              {
                "$type": "property",
                "name": "prototype",
                "text": "Allows the addition of properties to all objects of type Object.\n",
                "src": {
                  "name": "2,46,14",
                  "text": "2,47,4,65"
                }
              },
              {
                "$type": "property",
                "access": "private",
                "name": "running",
                "readonly": true,
                "text": "The run status of this Operation. Use {@link #method!isRunning #isRunning}.\n",
                "type": "Boolean",
                "src": {
                  "access": "1,153,8",
                  "name": "1,150,28",
                  "readonly": "1,152,8",
                  "text": "1,151,8,58",
                  "type": "1,150,19"
                }
              },
              {
                "$type": "property",
                "access": "private",
                "name": "started",
                "readonly": true,
                "text": "The start status of this Operation. Use {@link #method!isStarted #isStarted}.\n",
                "type": "Boolean",
                "src": {
                  "access": "1,145,8",
                  "name": "1,142,28",
                  "readonly": "1,144,8",
                  "text": "1,143,8,60",
                  "type": "1,142,19"
                }
              },
              {
                "$type": "property",
                "access": "private",
                "name": "success",
                "readonly": true,
                "text": "Whether the Operation was successful or not. This starts as undefined and is set to true\nor false by the Proxy that is executing the Operation. It is also set to false by {@link #method!setException #setException}. Use\n{@link #method!wasSuccessful #wasSuccessful} to query success status.\n",
                "type": "Boolean",
                "src": {
                  "access": "1,171,8",
                  "name": "1,166,28",
                  "readonly": "1,170,8",
                  "text": "1,167,8,246",
                  "type": "1,166,19"
                }
              }
            ]
          }
        ],
        "src": {
          "alias": "0,10,0",
          "extends": "0,9,0",
          "name": "0,2,11",
          "text": "0,3,4,235"
        }
      }
    ]
  },
  "version": 1
}