{
  "$type": "doxi",
  "files": [
    "../../../ext/classic/classic/src/dd/DropTarget.js",
    "../../../ext/classic/classic/src/dd/DDTarget.js",
    "../../../ext/classic/classic/src/dd/DragDrop.js",
    "../../../../docs/docs/js/primitives/Object.js"
  ],
  "global": {
    "$type": "namespace",
    "items": [
      {
        "$type": "class",
        "extended": "Ext.dd.DDTarget,Ext.dd.DragDrop,Object",
        "extends": "Ext.dd.DDTarget",
        "name": "Ext.dd.DropTarget",
        "requires": "Ext.dd.ScrollManager",
        "text": "A simple class that provides the basic implementation needed to make any element a drop target that can have\ndraggable items dropped onto it.  The drop has no effect until an implementation of notifyDrop is provided.\n",
        "items": [
          {
            "$type": "configs",
            "items": [
              {
                "$type": "property",
                "name": "containerScroll",
                "text": "True to register this container with the ScrollManager for auto scrolling during\ndrag operations.\n",
                "type": "Boolean",
                "src": {
                  "name": "0,28,23",
                  "text": "0,29,8,98",
                  "type": "0,28,14"
                }
              },
              {
                "$type": "property",
                "name": "ddGroup",
                "text": "A named drag drop group to which this object belongs.  If a group is specified, then this object will only\ninteract with other drag drop objects in the same group.\n",
                "type": "String",
                "src": {
                  "name": "0,35,22",
                  "text": "0,36,8,164",
                  "type": "0,35,14"
                }
              },
              {
                "$type": "property",
                "name": "dropAllowed",
                "text": "The CSS class returned to the drag source when drop is allowed.\n",
                "type": "String",
                "src": {
                  "name": "0,44,22",
                  "text": "0,45,8,64",
                  "type": "0,44,14"
                }
              },
              {
                "$type": "property",
                "name": "dropNotAllowed",
                "text": "The CSS class returned to the drag source when drop is not allowed.\n",
                "type": "String",
                "src": {
                  "name": "0,49,22",
                  "text": "0,50,8,68",
                  "type": "0,49,14"
                }
              },
              {
                "$type": "property",
                "name": "overClass",
                "optional": true,
                "text": "The CSS class applied to the drop target element while the drag source is over it.\n",
                "type": "String",
                "value": "\"\"",
                "src": {
                  "name": "0,40,23",
                  "text": "0,41,8,83",
                  "type": "0,40,14",
                  "value": "0,40,33"
                }
              }
            ]
          },
          {
            "$type": "methods",
            "items": [
              {
                "$type": "method",
                "name": "addInvalidHandleClass",
                "text": "Overridden and disabled. A DDTarget does not support being dragged.\n",
                "src": {
                  "name": "1,141,0",
                  "text": "1,138,8,68"
                }
              },
              {
                "$type": "method",
                "name": "addInvalidHandleId",
                "text": "Overridden and disabled. A DDTarget does not support being dragged.\n",
                "src": {
                  "name": "1,146,0",
                  "text": "1,143,8,68"
                }
              },
              {
                "$type": "method",
                "name": "addInvalidHandleType",
                "text": "Overridden and disabled. A DDTarget does not support being dragged.\n",
                "src": {
                  "name": "1,151,0",
                  "text": "1,148,8,68"
                }
              },
              {
                "$type": "method",
                "name": "addToGroup",
                "text": "Adds this instance to a group of related drag/drop objects.  All\ninstances belong to at least one group, and can belong to as many\ngroups as needed.\n",
                "items": [
                  {
                    "$type": "param",
                    "name": "sGroup",
                    "text": "the name of the group\n",
                    "type": "String",
                    "src": {
                      "name": "2,711,24",
                      "text": "2,711,31,22",
                      "type": "2,711,16"
                    }
                  }
                ],
                "src": {
                  "name": "2,713,0",
                  "text": "2,708,8,149"
                }
              },
              {
                "$type": "method",
                "name": "applyConfig",
                "text": "Applies the configuration parameters that were passed into the constructor.\nThis is supposed to happen at each level through the inheritance chain.  So\na DDProxy implentation will execute apply config on DDProxy, DD, and\nDragDrop in order to get all of the parameters that are available in\neach object.\n",
                "src": {
                  "name": "2,624,0",
                  "text": "2,618,8,303"
                }
              },
              {
                "$type": "method",
                "access": "private",
                "name": "b4Drag",
                "text": "Code that executes immediately before the onDrag event\n",
                "items": [
                  {
                    "$type": "param",
                    "name": "e",
                    "src": {
                      "name": "2,336,0"
                    }
                  }
                ],
                "src": {
                  "access": "2,334,8",
                  "name": "2,336,0",
                  "text": "2,333,8,55"
                }
              },
              {
                "$type": "method",
                "access": "private",
                "name": "b4DragDrop",
                "text": "Code that executes immediately before the onDragDrop event\n",
                "items": [
                  {
                    "$type": "param",
                    "name": "e",
                    "src": {
                      "name": "2,390,0"
                    }
                  }
                ],
                "src": {
                  "access": "2,388,8",
                  "name": "2,390,0",
                  "text": "2,387,8,59"
                }
              },
              {
                "$type": "method",
                "access": "private",
                "name": "b4DragOut",
                "text": "Code that executes immediately before the onDragOut event\n",
                "items": [
                  {
                    "$type": "param",
                    "name": "e",
                    "src": {
                      "name": "2,375,0"
                    }
                  }
                ],
                "src": {
                  "access": "2,373,8",
                  "name": "2,375,0",
                  "text": "2,372,8,58"
                }
              },
              {
                "$type": "method",
                "access": "private",
                "name": "b4DragOver",
                "text": "Code that executes immediately before the onDragOver event\n",
                "items": [
                  {
                    "$type": "param",
                    "name": "e",
                    "src": {
                      "name": "2,359,0"
                    }
                  }
                ],
                "src": {
                  "access": "2,357,8",
                  "name": "2,359,0",
                  "text": "2,356,8,59"
                }
              },
              {
                "$type": "method",
                "access": "private",
                "name": "b4EndDrag",
                "text": "Code that executes immediately before the endDrag event\n",
                "items": [
                  {
                    "$type": "param",
                    "name": "e",
                    "src": {
                      "name": "2,413,0"
                    }
                  }
                ],
                "src": {
                  "access": "2,411,8",
                  "name": "2,413,0",
                  "text": "2,410,8,56"
                }
              },
              {
                "$type": "method",
                "access": "private",
                "name": "b4MouseDown",
                "text": "Code executed immediately before the onMouseDown event\n",
                "items": [
                  {
                    "$type": "param",
                    "name": "e",
                    "text": "the mousedown event\n",
                    "type": "Event",
                    "src": {
                      "name": "2,423,23",
                      "text": "2,423,25,20",
                      "type": "2,423,16"
                    }
                  }
                ],
                "src": {
                  "access": "2,424,8",
                  "name": "2,426,0",
                  "text": "2,422,8,55"
                }
              },
              {
                "$type": "method",
                "access": "private",
                "name": "b4StartDrag",
                "text": "Code that executes immediately before the startDrag event\n",
                "items": [
                  {
                    "$type": "param",
                    "name": "x",
                    "src": {
                      "name": "2,322,0"
                    }
                  },
                  {
                    "$type": "param",
                    "name": "y",
                    "src": {
                      "name": "2,322,0"
                    }
                  }
                ],
                "src": {
                  "access": "2,320,8",
                  "name": "2,322,0",
                  "text": "2,319,8,58"
                }
              },
              {
                "$type": "method",
                "name": "clearConstraints",
                "text": "Overridden and disabled. A DDTarget does not support being dragged.\n",
                "src": {
                  "name": "1,111,0",
                  "text": "1,108,8,68"
                }
              },
              {
                "$type": "method",
                "name": "clearTicks",
                "text": "Overridden and disabled. A DDTarget does not support being dragged.\n",
                "src": {
                  "name": "1,116,0",
                  "text": "1,113,8,68"
                }
              },
              {
                "$type": "method",
                "name": "constrainTo",
                "text": "Initializes the drag drop object's constraints to restrict movement to a certain element.\n\nUsage:\n\n    var dd = new Ext.dd.DDProxy(\"dragDiv1\", \"proxytest\",\n                   { dragElId: \"existingProxyDiv\" });\n    dd.startDrag = function(){\n        this.constrainTo(\"parent-id\");\n    };\n\nOr you can initalize it using the {@link Ext.dom.Element} object:\n\n    Ext.get(\"dragDiv1\").initDDProxy(\"proxytest\", {dragElId: \"existingProxyDiv\"}, {\n        startDrag : function(){\n            this.constrainTo(\"parent-id\");\n        }\n    });\n",
                "items": [
                  {
                    "$type": "param",
                    "name": "constrainTo",
                    "text": "The element or element ID to constrain to.\n",
                    "type": "String/HTMLElement/Ext.dom.Element",
                    "src": {
                      "name": "2,477,52",
                      "text": "2,477,64,43",
                      "type": "2,477,16"
                    }
                  },
                  {
                    "$type": "param",
                    "name": "pad",
                    "text": "(optional) Pad provides a way to specify \"padding\" of the constraints,\nand can be either a number for symmetrical padding (4 would be equal to `{left:4, right:4, top:4, bottom:4}`) or\nan object containing the sides to pad. For example: `{right:10, bottom:10}`\n",
                    "type": "Object/Number",
                    "src": {
                      "name": "2,478,31",
                      "text": "2,478,35,71:2,479,8,189",
                      "type": "2,478,16"
                    }
                  },
                  {
                    "$type": "param",
                    "name": "inContent",
                    "text": "(optional) Constrain the draggable in the content box of the element (inside padding and borders)\n",
                    "type": "Boolean",
                    "src": {
                      "name": "2,481,25",
                      "text": "2,481,35,98",
                      "type": "2,481,16"
                    }
                  }
                ],
                "src": {
                  "name": "2,483,0",
                  "text": "2,459,8,532"
                }
              },
              {
                "$type": "method",
                "name": "constructor",
                "text": "Creates new DropTarget.\n",
                "items": [
                  {
                    "$type": "param",
                    "name": "el",
                    "text": "The container element or ID of it.\n",
                    "type": "String/HTMLElement/Ext.dom.Element",
                    "src": {
                      "name": "0,11,52",
                      "text": "0,11,55,35",
                      "type": "0,11,16"
                    }
                  },
                  {
                    "$type": "param",
                    "name": "config",
                    "type": "Object",
                    "src": {
                      "name": "0,12,24",
                      "type": "0,12,16"
                    }
                  }
                ],
                "src": {
                  "name": "0,14,0",
                  "text": "0,10,8,24"
                }
              },
              {
                "$type": "method",
                "name": "endDrag",
                "text": "Overridden and disabled. A DDTarget does not support being dragged.\n",
                "src": {
                  "name": "1,51,0",
                  "text": "1,48,8,68"
                }
              },
              {
                "$type": "method",
                "name": "getDragEl",
                "text": "Overridden and disabled. A DDTarget does not support being dragged.\n",
                "src": {
                  "name": "1,36,0",
                  "text": "1,33,8,68"
                }
              },
              {
                "$type": "method",
                "name": "getEl",
                "text": "Returns a reference to the linked element\n",
                "items": [
                  {
                    "$type": "return",
                    "text": "the html element\n",
                    "type": "HTMLElement",
                    "src": {
                      "text": "2,530,30,17",
                      "type": "2,530,17"
                    }
                  }
                ],
                "src": {
                  "name": "2,532,0",
                  "text": "2,529,8,42"
                }
              },
              {
                "$type": "method",
                "access": "private",
                "name": "getTick",
                "text": "Normally the drag element is moved pixel by pixel, but we can specify\nthat it move a number of pixels at a time.  This method resolves the\nlocation when we have it set up like this.\n",
                "items": [
                  {
                    "$type": "param",
                    "name": "val",
                    "text": "where we want to place the object\n",
                    "type": "Number",
                    "src": {
                      "name": "2,1094,24",
                      "text": "2,1094,28,34",
                      "type": "2,1094,16"
                    }
                  },
                  {
                    "$type": "param",
                    "name": "tickArray",
                    "text": "sorted array of valid points\n",
                    "type": "Number[]",
                    "src": {
                      "name": "2,1095,26",
                      "text": "2,1095,36,29",
                      "type": "2,1095,16"
                    }
                  },
                  {
                    "$type": "return",
                    "text": "the closest tick\n",
                    "type": "Number",
                    "src": {
                      "text": "2,1096,25,17",
                      "type": "2,1096,17"
                    }
                  }
                ],
                "src": {
                  "access": "2,1097,8",
                  "name": "2,1099,0",
                  "text": "2,1091,8,182"
                }
              },
              {
                "$type": "method",
                "access": "private",
                "name": "handleMouseDown",
                "text": "Called when this object is clicked\n",
                "items": [
                  {
                    "$type": "param",
                    "name": "e",
                    "type": "Event",
                    "src": {
                      "name": "2,806,23",
                      "type": "2,806,16"
                    }
                  },
                  {
                    "$type": "param",
                    "name": "oDD",
                    "text": "the clicked dd object (this dd obj)\n",
                    "type": "Ext.dd.DragDrop",
                    "src": {
                      "name": "2,807,33",
                      "text": "2,807,37,36",
                      "type": "2,807,16"
                    }
                  }
                ],
                "src": {
                  "access": "2,808,8",
                  "name": "2,810,0",
                  "text": "2,805,8,35"
                }
              },
              {
                "$type": "method",
                "access": "private",
                "name": "handleOnAvailable",
                "text": "Executed when the linked element is available\n",
                "src": {
                  "access": "2,636,8",
                  "name": "2,638,0",
                  "text": "2,635,8,46"
                }
              },
              {
                "$type": "method",
                "name": "hasOwnProperty",
                "text": "Returns a boolean indicating whether an object contains the specified property as a direct property\nof that object and not inherited through the prototype chain.\n\nEvery object descended from `{@link Object}` inherits the `{@link #method!hasOwnProperty hasOwnProperty}` method. This method can be used\nto determine whether an object has the specified property as a direct property of that object;\nunlike the `in` operator, this method does not check down the object's prototype chain.\n\nThe following example determines whether the o object contains a property named prop:\n\n    o = new Object();\n    o.prop = 'exists';\n\n    function changeO() {\n        o.newprop = o.prop;\n        delete o.prop;\n    }\n\n    o.hasOwnProperty('prop');   //returns true\n    changeO();\n    o.hasOwnProperty('prop');   //returns false\n\nThe following example differentiates between direct properties and properties inherited through the\nprototype chain:\n\n    o = new Object();\n    o.prop = 'exists';\n    o.hasOwnProperty('prop');             // returns true\n    o.hasOwnProperty('toString');         // returns false\n    o.hasOwnProperty('hasOwnProperty');   // returns false\n\nThe following example shows how to iterate over the properties of an object without executing on\ninherit properties.\n\n    var buz = {\n        fog: 'stack'\n    };\n\n    for (var name in buz) {\n        if (buz.hasOwnProperty(name)) {\n            alert(\"this is fog (\" + name + \") for sure. Value: \" + buz[name]);\n        }\n        else {\n            alert(name); // toString or something else\n        }\n    }\n",
                "items": [
                  {
                    "$type": "param",
                    "name": "prop",
                    "text": "The name of the property to test.\n",
                    "type": "String",
                    "src": {
                      "name": "3,100,20",
                      "text": "3,100,25,34",
                      "type": "3,100,12"
                    }
                  },
                  {
                    "$type": "return",
                    "text": "Returns true if object contains specified property; else\nreturns false.\n",
                    "type": "Boolean",
                    "src": {
                      "text": "3,101,22,57:3,102,4,15",
                      "type": "3,101,13"
                    }
                  }
                ],
                "src": {
                  "name": "3,53,12",
                  "text": "3,54,4,1520"
                }
              },
              {
                "$type": "method",
                "name": "init",
                "text": "Sets up the DragDrop object.  Must be called in the constructor of any\nExt.dd.DragDrop subclass\n",
                "items": [
                  {
                    "$type": "param",
                    "name": "id",
                    "text": "the id of the linked element\n",
                    "type": "String",
                    "src": {
                      "name": "2,553,24",
                      "text": "2,553,27,29",
                      "type": "2,553,16"
                    }
                  },
                  {
                    "$type": "param",
                    "name": "sGroup",
                    "text": "the group of related items\n",
                    "type": "String",
                    "src": {
                      "name": "2,554,24",
                      "text": "2,554,31,27",
                      "type": "2,554,16"
                    }
                  },
                  {
                    "$type": "param",
                    "name": "config",
                    "text": "configuration attributes\n",
                    "type": "Object",
                    "src": {
                      "name": "2,555,24",
                      "text": "2,555,31,25",
                      "type": "2,555,16"
                    }
                  }
                ],
                "src": {
                  "name": "2,557,0",
                  "text": "2,551,8,96"
                }
              },
              {
                "$type": "method",
                "name": "initTarget",
                "text": "Initializes Targeting functionality only... the object does not\nget a mousedown handler.\n",
                "items": [
                  {
                    "$type": "param",
                    "name": "id",
                    "text": "the id of the linked element\n",
                    "type": "String",
                    "src": {
                      "name": "2,575,24",
                      "text": "2,575,27,29",
                      "type": "2,575,16"
                    }
                  },
                  {
                    "$type": "param",
                    "name": "sGroup",
                    "text": "the group of related items\n",
                    "type": "String",
                    "src": {
                      "name": "2,576,24",
                      "text": "2,576,31,27",
                      "type": "2,576,16"
                    }
                  },
                  {
                    "$type": "param",
                    "name": "config",
                    "text": "configuration attributes\n",
                    "type": "Object",
                    "src": {
                      "name": "2,577,24",
                      "text": "2,577,31,25",
                      "type": "2,577,16"
                    }
                  }
                ],
                "src": {
                  "name": "2,579,0",
                  "text": "2,573,8,89"
                }
              },
              {
                "$type": "method",
                "name": "isLocked",
                "text": "Returns true if this instance is locked, or the drag drop mgr is locked\n(meaning that all drag/drop is disabled on the page.)\n",
                "items": [
                  {
                    "$type": "return",
                    "text": "true if this obj or all drag/drop is locked, else\nfalse\n",
                    "type": "Boolean",
                    "src": {
                      "text": "2,797,26,50:2,798,8,6",
                      "type": "2,797,17"
                    }
                  }
                ],
                "src": {
                  "name": "2,800,0",
                  "text": "2,795,8,126"
                }
              },
              {
                "$type": "method",
                "name": "isPrototypeOf",
                "text": "Returns a boolean indication whether the specified object is in the prototype chain of the object\nthis method is called upon.\n\n`{@link #method!isPrototypeOf isPrototypeOf}` allows you to check whether or not an object exists within another object's\nprototype chain.\n\nFor example, consider the following prototype chain:\n\n    function Fee() {\n        // . . .\n    }\n\n    function Fi() {\n        // . . .\n    }\n    Fi.prototype = new Fee();\n\n    function Fo() {\n        // . . .\n    }\n    Fo.prototype = new Fi();\n\n    function Fum() {\n        // . . .\n    }\n    Fum.prototype = new Fo();\n\nLater on down the road, if you instantiate `Fum` and need to check if `Fi`'s prototype exists\nwithin the `Fum` prototype chain, you could do this:\n\n    var fum = new Fum();\n    . . .\n\n    if (Fi.prototype.isPrototypeOf(fum)) {\n    // do something safe\n    }\n\nThis, along with the `instanceof` operator particularly comes in handy if you have code that can\nonly function when dealing with objects descended from a specific prototype chain, e.g., to\nguarantee that certain methods or properties will be present on that object.\n",
                "items": [
                  {
                    "$type": "param",
                    "name": "prototype",
                    "text": "an object to be tested against each link in the prototype chain of the\n*object* argument\n",
                    "type": "Object",
                    "src": {
                      "name": "3,148,20",
                      "text": "3,148,30,71:3,149,4,18",
                      "type": "3,148,12"
                    }
                  },
                  {
                    "$type": "param",
                    "name": "object",
                    "text": "the object whose prototype chain will be searched\n",
                    "type": "Object",
                    "src": {
                      "name": "3,150,20",
                      "text": "3,150,27,50",
                      "type": "3,150,12"
                    }
                  },
                  {
                    "$type": "return",
                    "text": "Returns true if object is a prototype and false if not.\n",
                    "type": "Boolean",
                    "src": {
                      "text": "3,151,22,56",
                      "type": "3,151,13"
                    }
                  }
                ],
                "src": {
                  "name": "3,106,12",
                  "text": "3,107,4,1084"
                }
              },
              {
                "$type": "method",
                "name": "isValidHandleChild",
                "text": "Overridden and disabled. A DDTarget does not support being dragged.\n",
                "src": {
                  "name": "1,41,0",
                  "text": "1,38,8,68"
                }
              },
              {
                "$type": "method",
                "name": "lock",
                "text": "Locks this instance\n",
                "src": {
                  "name": "2,178,0",
                  "text": "2,176,8,20"
                }
              },
              {
                "$type": "method",
                "name": "notifyDrop",
                "template": true,
                "text": "The function a {@link Ext.dd.DragSource} calls once to notify this drop target that the dragged item has\nbeen dropped on it. This method removes any `{@link #cfg!overClass overClass}` and returns false, so you must provide an\nimplementation that does something to process the drop event and returns true so that the drag source's\nrepair action does not run.\n\nYou should `callParent` from an override of this method to ensure proper cleanup is\nperformed.\n",
                "items": [
                  {
                    "$type": "param",
                    "name": "source",
                    "text": "The drag source that was dragged over this drop target\n",
                    "type": "Ext.dd.DragSource",
                    "src": {
                      "name": "0,121,35",
                      "text": "0,121,42,55",
                      "type": "0,121,16"
                    }
                  },
                  {
                    "$type": "param",
                    "name": "e",
                    "text": "The event\n",
                    "type": "Event",
                    "src": {
                      "name": "0,122,23",
                      "text": "0,122,25,10",
                      "type": "0,122,16"
                    }
                  },
                  {
                    "$type": "param",
                    "name": "data",
                    "text": "An object containing arbitrary data supplied by the drag source\n",
                    "type": "Object",
                    "src": {
                      "name": "0,123,24",
                      "text": "0,123,29,64",
                      "type": "0,123,16"
                    }
                  },
                  {
                    "$type": "return",
                    "text": "False if the drop was invalid.\n",
                    "type": "Boolean",
                    "src": {
                      "text": "0,124,26,31",
                      "type": "0,124,17"
                    }
                  }
                ],
                "src": {
                  "name": "0,127,0",
                  "template": "0,125,8",
                  "text": "0,113,8,432"
                }
              },
              {
                "$type": "method",
                "name": "notifyEnter",
                "template": true,
                "text": "The function a {@link Ext.dd.DragSource} calls once to notify this drop target that the source is now over the\ntarget.  This default implementation adds the CSS class specified by overClass (if any) to the drop element\nand returns the dropAllowed config value.  This method should be overridden if drop validation is required.\n",
                "items": [
                  {
                    "$type": "param",
                    "name": "source",
                    "text": "The drag source that was dragged over this drop target\n",
                    "type": "Ext.dd.DragSource",
                    "src": {
                      "name": "0,68,35",
                      "text": "0,68,42,55",
                      "type": "0,68,16"
                    }
                  },
                  {
                    "$type": "param",
                    "name": "e",
                    "text": "The event\n",
                    "type": "Event",
                    "src": {
                      "name": "0,69,23",
                      "text": "0,69,25,10",
                      "type": "0,69,16"
                    }
                  },
                  {
                    "$type": "param",
                    "name": "data",
                    "text": "An object containing arbitrary data supplied by the drag source\n",
                    "type": "Object",
                    "src": {
                      "name": "0,70,24",
                      "text": "0,70,29,64",
                      "type": "0,70,16"
                    }
                  },
                  {
                    "$type": "return",
                    "text": "status The CSS class that communicates the drop status back to the source so that the\nunderlying {@link Ext.dd.StatusProxy} can be updated\n",
                    "type": "String",
                    "src": {
                      "text": "0,71,25,86:0,72,8,53",
                      "type": "0,71,17"
                    }
                  }
                ],
                "src": {
                  "name": "0,75,0",
                  "template": "0,73,8",
                  "text": "0,65,8,327"
                }
              },
              {
                "$type": "method",
                "name": "notifyOut",
                "template": true,
                "text": "The function a {@link Ext.dd.DragSource} calls once to notify this drop target that the source has been dragged\nout of the target without dropping. This default implementation simply removes the CSS class specified by\n`{@link #cfg!overClass overClass}` (if any) from the drop element.\n",
                "items": [
                  {
                    "$type": "param",
                    "name": "source",
                    "text": "The drag source that was dragged over this drop target\n",
                    "type": "Ext.dd.DragSource",
                    "src": {
                      "name": "0,101,35",
                      "text": "0,101,42,55",
                      "type": "0,101,16"
                    }
                  },
                  {
                    "$type": "param",
                    "name": "e",
                    "text": "The event\n",
                    "type": "Event",
                    "src": {
                      "name": "0,102,23",
                      "text": "0,102,25,10",
                      "type": "0,102,16"
                    }
                  },
                  {
                    "$type": "param",
                    "name": "data",
                    "text": "An object containing arbitrary data supplied by the drag source\n",
                    "type": "Object",
                    "src": {
                      "name": "0,103,24",
                      "text": "0,103,29,64",
                      "type": "0,103,16"
                    }
                  }
                ],
                "src": {
                  "name": "0,106,0",
                  "template": "0,104,8",
                  "text": "0,98,8,262"
                }
              },
              {
                "$type": "method",
                "name": "notifyOver",
                "template": true,
                "text": "The function a {@link Ext.dd.DragSource} calls continuously while it is being dragged over the target.\nThis method will be called on every mouse movement while the drag source is over the drop target.\nThis default implementation simply returns the dropAllowed config value.\n",
                "items": [
                  {
                    "$type": "param",
                    "name": "source",
                    "text": "The drag source that was dragged over this drop target\n",
                    "type": "Ext.dd.DragSource",
                    "src": {
                      "name": "0,86,35",
                      "text": "0,86,42,55",
                      "type": "0,86,16"
                    }
                  },
                  {
                    "$type": "param",
                    "name": "e",
                    "text": "The event\n",
                    "type": "Event",
                    "src": {
                      "name": "0,87,23",
                      "text": "0,87,25,10",
                      "type": "0,87,16"
                    }
                  },
                  {
                    "$type": "param",
                    "name": "data",
                    "text": "An object containing arbitrary data supplied by the drag source\n",
                    "type": "Object",
                    "src": {
                      "name": "0,88,24",
                      "text": "0,88,29,64",
                      "type": "0,88,16"
                    }
                  },
                  {
                    "$type": "return",
                    "text": "status The CSS class that communicates the drop status back to the source so that the\nunderlying {@link Ext.dd.StatusProxy} can be updated\n",
                    "type": "String",
                    "src": {
                      "text": "0,89,25,86:0,90,8,53",
                      "type": "0,89,17"
                    }
                  }
                ],
                "src": {
                  "name": "0,93,0",
                  "template": "0,91,8",
                  "text": "0,83,8,274"
                }
              },
              {
                "$type": "method",
                "name": "onAvailable",
                "text": "Override the onAvailable method to do what is needed after the initial\nposition was determined.\n",
                "src": {
                  "name": "2,444,0",
                  "text": "2,441,8,96"
                }
              },
              {
                "$type": "method",
                "name": "onDrag",
                "text": "Overridden and disabled. A DDTarget does not support being dragged.\n",
                "src": {
                  "name": "1,56,0",
                  "text": "1,53,8,68"
                }
              },
              {
                "$type": "method",
                "name": "onDragDrop",
                "text": "Overridden and disabled. A DDTarget does not support being dragged.\n",
                "src": {
                  "name": "1,61,0",
                  "text": "1,58,8,68"
                }
              },
              {
                "$type": "method",
                "name": "onDragEnter",
                "text": "Overridden and disabled. A DDTarget does not support being dragged.\n",
                "src": {
                  "name": "1,66,0",
                  "text": "1,63,8,68"
                }
              },
              {
                "$type": "method",
                "name": "onDragOut",
                "text": "Overridden and disabled. A DDTarget does not support being dragged.\n",
                "src": {
                  "name": "1,71,0",
                  "text": "1,68,8,68"
                }
              },
              {
                "$type": "method",
                "name": "onDragOver",
                "text": "Overridden and disabled. A DDTarget does not support being dragged.\n",
                "src": {
                  "name": "1,76,0",
                  "text": "1,73,8,68"
                }
              },
              {
                "$type": "method",
                "name": "onInvalidDrop",
                "text": "Overridden and disabled. A DDTarget does not support being dragged.\n",
                "src": {
                  "name": "1,81,0",
                  "text": "1,78,8,68"
                }
              },
              {
                "$type": "method",
                "name": "onMouseDown",
                "text": "Overridden and disabled. A DDTarget does not support being dragged.\n",
                "src": {
                  "name": "1,86,0",
                  "text": "1,83,8,68"
                }
              },
              {
                "$type": "method",
                "name": "onMouseUp",
                "text": "Overridden and disabled. A DDTarget does not support being dragged.\n",
                "src": {
                  "name": "1,91,0",
                  "text": "1,88,8,68"
                }
              },
              {
                "$type": "method",
                "name": "propertyIsEnumerable",
                "text": "Returns a boolean indicating if the internal ECMAScript DontEnum attribute is set.\n\nEvery object has a `{@link #method!propertyIsEnumerable propertyIsEnumerable}` method. This method can determine whether the specified\nproperty in an object can be enumerated by a `for...in` loop, with the exception of properties\ninherited through the prototype chain. If the object does not have the specified property, this\nmethod returns false.\n\nThe following example shows the use of `{@link #method!propertyIsEnumerable propertyIsEnumerable}` on objects and arrays:\n\n    var o = {};\n    var a = [];\n    o.prop = 'is enumerable';\n    a[0] = 'is enumerable';\n\n    o.propertyIsEnumerable('prop');   // returns true\n    a.propertyIsEnumerable(0);        // returns true\n\nThe following example demonstrates the enumerability of user-defined versus built-in properties:\n\n    var a = ['is enumerable'];\n\n    a.propertyIsEnumerable(0);          // returns true\n    a.propertyIsEnumerable('length');   // returns false\n\n    Math.propertyIsEnumerable('random');   // returns false\n    this.propertyIsEnumerable('Math');     // returns false\n\nDirect versus inherited properties\n\n    var a = [];\n    a.propertyIsEnumerable('constructor');         // returns false\n\n    function firstConstructor()\n    {\n        this.property = 'is not enumerable';\n    }\n    firstConstructor.prototype.firstMethod = function () {};\n\n    function secondConstructor()\n    {\n        this.method = function method() { return 'is enumerable'; };\n    }\n\n    secondConstructor.prototype = new firstConstructor;\n    secondConstructor.prototype.constructor = secondConstructor;\n\n    var o = new secondConstructor();\n    o.arbitraryProperty = 'is enumerable';\n\n    o.propertyIsEnumerable('arbitraryProperty');   // returns true\n    o.propertyIsEnumerable('method');              // returns true\n    o.propertyIsEnumerable('property');            // returns false\n\n    o.property = 'is enumerable';\n\n    o.propertyIsEnumerable('property');            // returns true\n\n    // These return false as they are on the prototype which\n    // propertyIsEnumerable does not consider (even though the last two\n    // are iteratable with for-in)\n    o.propertyIsEnumerable('prototype'); // returns false (as of JS 1.8.1/FF3.6)\n    o.propertyIsEnumerable('constructor'); // returns false\n    o.propertyIsEnumerable('firstMethod'); // returns false\n",
                "items": [
                  {
                    "$type": "param",
                    "name": "prop",
                    "text": "The name of the property to test.\n",
                    "type": "String",
                    "src": {
                      "name": "3,220,20",
                      "text": "3,220,25,34",
                      "type": "3,220,12"
                    }
                  },
                  {
                    "$type": "return",
                    "text": "If the object does not have the specified property, this\nmethod returns false.\n",
                    "type": "Boolean",
                    "src": {
                      "text": "3,221,22,57:3,222,4,22",
                      "type": "3,221,13"
                    }
                  }
                ],
                "src": {
                  "name": "3,155,12",
                  "text": "3,156,4,2313"
                }
              },
              {
                "$type": "method",
                "name": "removeFromGroup",
                "text": "Removes this instance from the supplied interaction group\n",
                "items": [
                  {
                    "$type": "param",
                    "name": "sGroup",
                    "text": "The group to drop\n",
                    "type": "String",
                    "src": {
                      "name": "2,720,24",
                      "text": "2,720,31,18",
                      "type": "2,720,16"
                    }
                  }
                ],
                "src": {
                  "name": "2,722,0",
                  "text": "2,719,8,58"
                }
              },
              {
                "$type": "method",
                "name": "removeInvalidHandleClass",
                "text": "Overridden and disabled. A DDTarget does not support being dragged.\n",
                "src": {
                  "name": "1,156,0",
                  "text": "1,153,8,68"
                }
              },
              {
                "$type": "method",
                "name": "removeInvalidHandleId",
                "text": "Overridden and disabled. A DDTarget does not support being dragged.\n",
                "src": {
                  "name": "1,161,0",
                  "text": "1,158,8,68"
                }
              },
              {
                "$type": "method",
                "name": "removeInvalidHandleType",
                "text": "Overridden and disabled. A DDTarget does not support being dragged.\n",
                "src": {
                  "name": "1,166,0",
                  "text": "1,163,8,68"
                }
              },
              {
                "$type": "method",
                "name": "resetConstraints",
                "text": "Overridden and disabled. A DDTarget does not support being dragged.\n",
                "src": {
                  "name": "1,106,0",
                  "text": "1,103,8,68"
                }
              },
              {
                "$type": "method",
                "name": "setDragElId",
                "text": "Overridden and disabled. A DDTarget does not support being dragged.\n",
                "src": {
                  "name": "1,126,0",
                  "text": "1,123,8,68"
                }
              },
              {
                "$type": "method",
                "name": "setHandleElId",
                "text": "Overridden and disabled. A DDTarget does not support being dragged.\n",
                "src": {
                  "name": "1,131,0",
                  "text": "1,128,8,68"
                }
              },
              {
                "$type": "method",
                "name": "setInitPosition",
                "text": "Overridden and disabled. A DDTarget does not support being dragged.\n",
                "src": {
                  "name": "1,121,0",
                  "text": "1,118,8,68"
                }
              },
              {
                "$type": "method",
                "name": "setOuterHandleElId",
                "text": "Overridden and disabled. A DDTarget does not support being dragged.\n",
                "src": {
                  "name": "1,136,0",
                  "text": "1,133,8,68"
                }
              },
              {
                "$type": "method",
                "name": "setPadding",
                "text": "Configures the padding for the target zone in px.  Effectively expands\n(or reduces) the virtual object size for targeting calculations.\nSupports css-style shorthand; if only one parameter is passed, all sides\nwill have that padding, and if only two are passed, the top and bottom\nwill have the first param, the left and right the second.\n",
                "items": [
                  {
                    "$type": "param",
                    "name": "iTop",
                    "text": "Top pad\n",
                    "type": "Number",
                    "src": {
                      "name": "2,650,24",
                      "text": "2,650,29,8",
                      "type": "2,650,16"
                    }
                  },
                  {
                    "$type": "param",
                    "name": "iRight",
                    "text": "Right pad\n",
                    "type": "Number",
                    "src": {
                      "name": "2,651,24",
                      "text": "2,651,31,10",
                      "type": "2,651,16"
                    }
                  },
                  {
                    "$type": "param",
                    "name": "iBot",
                    "text": "Bot pad\n",
                    "type": "Number",
                    "src": {
                      "name": "2,652,24",
                      "text": "2,652,29,8",
                      "type": "2,652,16"
                    }
                  },
                  {
                    "$type": "param",
                    "name": "iLeft",
                    "text": "Left pad\n",
                    "type": "Number",
                    "src": {
                      "name": "2,653,24",
                      "text": "2,653,30,9",
                      "type": "2,653,16"
                    }
                  }
                ],
                "src": {
                  "name": "2,655,0",
                  "text": "2,645,8,338"
                }
              },
              {
                "$type": "method",
                "access": "private",
                "name": "setStartPosition",
                "text": "Sets the start position of the element.  This is set when the obj\nis initialized, the reset when a drag is started.\n",
                "items": [
                  {
                    "$type": "param",
                    "name": "pos",
                    "text": "current position (from previous lookup)\n",
                    "src": {
                      "name": "2,696,15",
                      "text": "2,696,19,40"
                    }
                  }
                ],
                "src": {
                  "access": "2,697,8",
                  "name": "2,699,0",
                  "text": "2,694,8,116"
                }
              },
              {
                "$type": "method",
                "name": "setXConstraint",
                "text": "Overridden and disabled. A DDTarget does not support being dragged.\n",
                "src": {
                  "name": "1,96,0",
                  "text": "1,93,8,68"
                }
              },
              {
                "$type": "method",
                "access": "private",
                "name": "setXTicks",
                "text": "Creates the array of horizontal tick marks if an interval was specified\nin setXConstraint().\n",
                "items": [
                  {
                    "$type": "param",
                    "name": "iStartX",
                    "src": {
                      "name": "2,944,0"
                    }
                  },
                  {
                    "$type": "param",
                    "name": "iTickSize",
                    "src": {
                      "name": "2,944,0"
                    }
                  }
                ],
                "src": {
                  "access": "2,942,8",
                  "name": "2,944,0",
                  "text": "2,940,8,93"
                }
              },
              {
                "$type": "method",
                "name": "setYConstraint",
                "text": "Overridden and disabled. A DDTarget does not support being dragged.\n",
                "src": {
                  "name": "1,101,0",
                  "text": "1,98,8,68"
                }
              },
              {
                "$type": "method",
                "access": "private",
                "name": "setYTicks",
                "text": "Creates the array of vertical tick marks if an interval was specified in\nsetYConstraint().\n",
                "items": [
                  {
                    "$type": "param",
                    "name": "iStartY",
                    "src": {
                      "name": "2,973,0"
                    }
                  },
                  {
                    "$type": "param",
                    "name": "iTickSize",
                    "src": {
                      "name": "2,973,0"
                    }
                  }
                ],
                "src": {
                  "access": "2,971,8",
                  "name": "2,973,0",
                  "text": "2,969,8,91"
                }
              },
              {
                "$type": "method",
                "name": "startDrag",
                "text": "Overridden and disabled. A DDTarget does not support being dragged.\n",
                "src": {
                  "name": "1,46,0",
                  "text": "1,43,8,68"
                }
              },
              {
                "$type": "method",
                "name": "toLocaleString",
                "text": "Returns a string representing the object. This method is meant to be overridden by derived objects\nfor locale-specific purposes.\n\n`{@link Object}`'s `{@link #method!toLocaleString toLocaleString}` returns the result of calling `{@link #method!toString toString}`.\n\nThis function is provided to give objects a generic `{@link #method!toLocaleString toLocaleString}` method, even though not all\nmay use it. Currently, only `{@link Array}`, `{@link Number}`, and `{@link Date}` override `{@link #method!toLocaleString toLocaleString}`.\n",
                "items": [
                  {
                    "$type": "return",
                    "text": "Object represented as a string.\n",
                    "type": "String",
                    "src": {
                      "text": "3,235,21,32",
                      "type": "3,235,13"
                    }
                  }
                ],
                "src": {
                  "name": "3,226,12",
                  "text": "3,227,4,384"
                }
              },
              {
                "$type": "method",
                "name": "toString",
                "text": "toString method\n",
                "items": [
                  {
                    "$type": "return",
                    "text": "string representation of the dd obj\n",
                    "type": "String",
                    "src": {
                      "text": "2,1127,25,36",
                      "type": "2,1127,17"
                    }
                  }
                ],
                "src": {
                  "name": "2,1129,0",
                  "text": "2,1126,8,16"
                }
              },
              {
                "$type": "method",
                "name": "unlock",
                "text": "Unlocks this instace\n",
                "src": {
                  "name": "2,192,0",
                  "text": "2,190,8,21"
                }
              },
              {
                "$type": "method",
                "name": "unreg",
                "text": "Removes all drag and drop hooks for this element\n",
                "src": {
                  "name": "2,775,0",
                  "text": "2,773,8,49"
                }
              },
              {
                "$type": "method",
                "name": "valueOf",
                "text": "Returns the primitive value of the specified object.\n\nJavaScript calls the `{@link #method!valueOf valueOf}` method to convert an object to a primitive value. You rarely need to\ninvoke the `{@link #method!valueOf valueOf}` method yourself; JavaScript automatically invokes it when encountering an\nobject where a primitive value is expected.\n\nBy default, the `{@link #method!valueOf valueOf}` method is inherited by every object descended from `{@link Object}`. Every built-\nin core object overrides this method to return an appropriate value. If an object has no primitive\nvalue, `{@link #method!valueOf valueOf}` returns the object itself, which is displayed as:\n\n    [object Object]\n\nYou can use `{@link #method!valueOf valueOf}` within your own code to convert a built-in object into a primitive value.\nWhen you create a custom object, you can override `Object.valueOf` to call a custom method instead\nof the default `{@link Object}` method.\n\nYou can create a function to be called in place of the default `{@link #method!valueOf valueOf}` method. Your function must\ntake no arguments.\n\nSuppose you have an object type `myNumberType` and you want to create a `{@link #method!valueOf valueOf}` method for it.\nThe following code assigns a user-defined function to the object's valueOf method:\n\n    myNumberType.prototype.valueOf = new Function(functionText)\n\nWith the preceding code in place, any time an object of type `myNumberType` is used in a context\nwhere it is to be represented as a primitive value, JavaScript automatically calls the function\ndefined in the preceding code.\n\nAn object's `{@link #method!valueOf valueOf}` method is usually invoked by JavaScript, but you can invoke it yourself as\nfollows:\n\n    myNumber.valueOf()\n\nNote: Objects in string contexts convert via the `{@link #method!toString toString}` method, which is different from\n`{@link String}` objects converting to string primitives using `{@link #method!valueOf valueOf}`. All objects have a string\nconversion, if only `\"[object type]\"`. But many objects do not convert to number, boolean, or\nfunction.\n",
                "items": [
                  {
                    "$type": "return",
                    "text": "Returns value of the object or the object itself.\n",
                    "type": "Object",
                    "src": {
                      "text": "3,340,21,50",
                      "type": "3,340,13"
                    }
                  }
                ],
                "src": {
                  "name": "3,301,12",
                  "text": "3,302,4,1821"
                }
              }
            ]
          },
          {
            "$type": "properties",
            "items": [
              {
                "$type": "property",
                "access": "private",
                "name": "__ygDragDrop",
                "text": "Internal typeof flag\n",
                "src": {
                  "access": "2,221,8",
                  "name": "2,219,18",
                  "text": "2,220,8,21"
                }
              },
              {
                "$type": "property",
                "access": "private",
                "name": "_domRef",
                "text": "Cached reference to the linked element\n",
                "src": {
                  "access": "2,214,8",
                  "name": "2,212,18",
                  "text": "2,213,8,39"
                }
              },
              {
                "$type": "property",
                "name": "available",
                "text": "The available property is false until the linked dom element is accessible.\n",
                "type": "Boolean",
                "src": {
                  "name": "2,301,28",
                  "text": "2,302,8,76",
                  "type": "2,301,19"
                }
              },
              {
                "$type": "property",
                "name": "config",
                "text": "Configuration attributes passed into the constructor\n",
                "type": "Object",
                "src": {
                  "name": "2,86,27",
                  "text": "2,87,8,53",
                  "type": "2,86,19"
                }
              },
              {
                "$type": "property",
                "access": "private",
                "name": "constrainX",
                "text": "Set to true when horizontal contraints are applied\n",
                "type": "Boolean",
                "src": {
                  "access": "2,228,8",
                  "name": "2,226,28",
                  "text": "2,227,8,51",
                  "type": "2,226,19"
                }
              },
              {
                "$type": "property",
                "access": "private",
                "name": "constrainY",
                "text": "Set to true when vertical contraints are applied\n",
                "type": "Boolean",
                "src": {
                  "access": "2,235,8",
                  "name": "2,233,28",
                  "text": "2,234,8,49",
                  "type": "2,233,19"
                }
              },
              {
                "$type": "property",
                "name": "constructor",
                "text": " Specifies the function that creates an object's prototype.\n\n Returns a reference to the Object function that created the instance's prototype. Note that the\n value of this property is a reference to the function itself, not a string containing the\n function's name, but it isn't read only (except for primitive Boolean, Number or String values: 1,\n true, \"read-only\").\n\n All objects inherit a `constructor` property from their `{@link #property!prototype prototype}`:\n\n     o = new Object // or o = {} in JavaScript 1.2\n     o.constructor == Object\n     a = new Array // or a = [] in JavaScript 1.2\n     a.constructor == Array\n     n = new Number(3)\n     n.constructor == Number\n\n Even though you cannot construct most HTML objects, you can do comparisons. For example,\n\n     document.constructor == Document\n     document.form3.constructor == Form\n\n The following example creates a prototype, `Tree`, and an object of that type, theTree. The example then displays the `constructor` property for the object `theTree`.\n\n     function Tree(name) {\n         this.name = name;\n     }\n     theTree = new Tree(\"Redwood\");\n     console.log(\"theTree.constructor is \" + theTree.constructor);\n\n This example displays the following output:\n\n     theTree.constructor is function Tree(name) {\n         this.name = name;\n     }\n\n The following example shows how to modify constructor value of generic objects. Only true, 1 and\n \"test\" variable constructors will not be changed. This example explains that is not always so safe\n to believe in constructor function.\n\n     function Type(){};\n     var\ttypes = [\n \t    new Array,\t[],\n\t    new Boolean,\ttrue,\n\t    new Date,\n\t    new Error,\n\t    new Function,\tfunction(){},\n\t    Math,\n\t    new Number,\t1,\n\t    new Object,\t{},\n\t    new RegExp,\t/(?:)/,\n\t    new String,\t\"test\"\n     ];\n     for(var i = 0; i < types.length; i++){\n         types[i].constructor = Type;\n         types[i] = [types[i].constructor, types[i] instanceof Type, types[i].toString()];\n     };\n     alert(types.join(\"\\n\"));\n",
                "src": {
                  "name": "3,346,14",
                  "text": "3,347,3,1996"
                }
              },
              {
                "$type": "property",
                "name": "defaultPadding",
                "text": "Provides default constraint padding to \"constrainTo\" elements.\n",
                "type": "Object",
                "src": {
                  "name": "2,448,27",
                  "text": "2,449,8,63",
                  "type": "2,448,19"
                }
              },
              {
                "$type": "property",
                "access": "private",
                "name": "dragElId",
                "text": "The id of the element that will be dragged.  By default this is same\nas the linked element, but could be changed to another element. Ex:\nExt.dd.DDProxy\n",
                "type": "String",
                "src": {
                  "access": "2,96,8",
                  "name": "2,92,27",
                  "text": "2,93,8,152",
                  "type": "2,92,19"
                }
              },
              {
                "$type": "property",
                "name": "groups",
                "text": "The group defines a logical collection of DragDrop objects that are\nrelated.  Instances only get events when interacting with other\nDragDrop object in the same group.  This lets us define multiple\ngroups using a single DragDrop subclass if we want.\n\nAn object in the format {'group1':true, 'group2':true}\n",
                "type": "Object",
                "src": {
                  "name": "2,157,27",
                  "text": "2,158,8,305",
                  "type": "2,157,19"
                }
              },
              {
                "$type": "property",
                "access": "private",
                "name": "handleElId",
                "text": "The ID of the element that initiates the drag operation.  By default\nthis is the linked element, but could be changed to be a child of this\nelement.  This lets us do things like only starting the drag when the\nheader element within the linked html element is clicked.\n",
                "type": "String",
                "src": {
                  "access": "2,106,8",
                  "name": "2,101,27",
                  "text": "2,102,8,268",
                  "type": "2,101,19"
                }
              },
              {
                "$type": "property",
                "name": "hasOuterHandles",
                "text": "By default, drags can only be initiated if the mousedown occurs in the\nregion the linked element is.  This is done in part to work around a\nbug in some browsers that mis-report the mousedown if the previous\nmouseup happened outside of the window.  This property is set to true\nif outer handles are defined. Defaults to false.\n",
                "type": "Boolean",
                "src": {
                  "name": "2,307,28",
                  "text": "2,308,8,326",
                  "type": "2,307,19"
                }
              },
              {
                "$type": "property",
                "name": "id",
                "text": "The id of the element associated with this object.  This is what we\nrefer to as the \"linked element\" because the size and position of\nthis element is used to determine when the drag and drop objects have\ninteracted.\n",
                "type": "String",
                "src": {
                  "name": "2,77,27",
                  "text": "2,78,8,216",
                  "type": "2,77,19"
                }
              },
              {
                "$type": "property",
                "name": "ignoreSelf",
                "text": "Set to false to enable a DragDrop object to fire drag events while dragging\nover its own Element. Defaults to true - DragDrop objects do not by default\nfire drag events to themselves.\n",
                "type": "Boolean",
                "src": {
                  "name": "2,70,28",
                  "text": "2,71,8,184",
                  "type": "2,70,19"
                }
              },
              {
                "$type": "property",
                "name": "invalidHandleClasses",
                "text": "An Array of CSS class names for elements to be considered in valid as drag handles.\n",
                "type": "String[]",
                "src": {
                  "name": "2,135,29",
                  "text": "2,136,8,84",
                  "type": "2,135,19"
                }
              },
              {
                "$type": "property",
                "name": "invalidHandleIds",
                "text": "An object who's property names identify the IDs of elements to be considered invalid as drag handles.\nA non-null property value identifies the ID as invalid. For example, to prevent\ndragging from being initiated on element ID \"foo\", use:\n\n    {\n        foo: true\n    }\n",
                "type": "Object",
                "src": {
                  "name": "2,123,27",
                  "text": "2,124,8,269",
                  "type": "2,123,19"
                }
              },
              {
                "$type": "property",
                "name": "invalidHandleTypes",
                "text": "An object who's property names identify HTML tags to be considered invalid as drag handles.\nA non-null property value identifies the tag as invalid. Defaults to the\nfollowing value which prevents drag operations from being initiated by `<a>` elements:\n\n    {\n        A: \"A\"\n    }\n",
                "type": "Object",
                "src": {
                  "name": "2,111,27",
                  "text": "2,112,8,280",
                  "type": "2,111,19"
                }
              },
              {
                "$type": "property",
                "access": "private",
                "name": "isNotifyTarget",
                "src": {
                  "access": "0,60,8",
                  "name": "0,62,0"
                }
              },
              {
                "$type": "property",
                "access": "private",
                "name": "isTarget",
                "src": {
                  "access": "0,55,8",
                  "name": "0,57,0"
                }
              },
              {
                "$type": "property",
                "access": "private",
                "name": "locked",
                "text": "Individual drag/drop instances can be locked.  This will prevent\nonmousedown start drag.\n",
                "type": "Boolean",
                "src": {
                  "access": "2,171,8",
                  "name": "2,168,28",
                  "text": "2,169,8,89",
                  "type": "2,168,19"
                }
              },
              {
                "$type": "property",
                "name": "maintainOffset",
                "text": "Maintain offsets when we resetconstraints.  Set to true when you want\nthe position of the element relative to its parent to stay the same\nwhen the page changes\n",
                "type": "Boolean",
                "src": {
                  "name": "2,268,28",
                  "text": "2,269,8,160",
                  "type": "2,268,19"
                }
              },
              {
                "$type": "property",
                "access": "private",
                "name": "maxX",
                "text": "The right constraint\n",
                "type": "Number",
                "src": {
                  "access": "2,249,8",
                  "name": "2,247,27",
                  "text": "2,248,8,21",
                  "type": "2,247,19"
                }
              },
              {
                "$type": "property",
                "access": "private",
                "name": "maxY",
                "text": "The down constraint\n",
                "type": "Number",
                "src": {
                  "access": "2,263,8",
                  "name": "2,261,27",
                  "text": "2,262,8,20",
                  "type": "2,261,19"
                }
              },
              {
                "$type": "property",
                "access": "private",
                "name": "minX",
                "text": "The left constraint\n",
                "type": "Number",
                "src": {
                  "access": "2,242,8",
                  "name": "2,240,27",
                  "text": "2,241,8,20",
                  "type": "2,240,19"
                }
              },
              {
                "$type": "property",
                "access": "private",
                "name": "minY",
                "text": "The up constraint\n",
                "type": "Number",
                "src": {
                  "access": "2,256,8",
                  "name": "2,254,27",
                  "text": "2,255,8,18",
                  "type": "2,254,19"
                }
              },
              {
                "$type": "property",
                "name": "moveOnly",
                "text": "When set to true, other DD objects in cooperating DDGroups do not receive\nnotification events when this DD object is dragged over them.\n",
                "type": "Boolean",
                "src": {
                  "name": "2,183,28",
                  "text": "2,184,8,136",
                  "type": "2,183,19"
                }
              },
              {
                "$type": "property",
                "name": "padding",
                "text": "The padding configured for this drag and drop object for calculating\nthe drop zone intersection with this object.\nAn array containing the 4 padding values: [top, right, bottom, left]\n",
                "type": "Number[]",
                "src": {
                  "name": "2,204,29",
                  "text": "2,205,8,183",
                  "type": "2,204,19"
                }
              },
              {
                "$type": "property",
                "name": "primaryButtonOnly",
                "text": "By default the drag and drop instance will only respond to the primary\nbutton click (left button for a right-handed mouse).  Set to true to\nallow drag and drop to start with any mouse click that is propogated\nby the browser\n",
                "type": "Boolean",
                "src": {
                  "name": "2,292,28",
                  "text": "2,293,8,224",
                  "type": "2,292,19"
                }
              },
              {
                "$type": "property",
                "name": "prototype",
                "text": "Allows the addition of properties to all objects of type Object.\n",
                "src": {
                  "name": "3,46,14",
                  "text": "3,47,4,65"
                }
              },
              {
                "$type": "property",
                "access": "private",
                "name": "startPageX",
                "text": "The linked element's absolute X position at the time the drag was\nstarted\n",
                "type": "Number",
                "src": {
                  "access": "2,144,8",
                  "name": "2,141,27",
                  "text": "2,142,8,74",
                  "type": "2,141,19"
                }
              },
              {
                "$type": "property",
                "access": "private",
                "name": "startPageY",
                "text": "The linked element's absolute X position at the time the drag was\nstarted\n",
                "type": "Number",
                "src": {
                  "access": "2,152,8",
                  "name": "2,149,27",
                  "text": "2,150,8,74",
                  "type": "2,149,19"
                }
              },
              {
                "$type": "property",
                "name": "xTicks",
                "text": "Array of pixel locations the element will snap to if we specified a\nhorizontal graduation/interval.  This array is generated automatically\nwhen you define a tick interval.\n",
                "type": "Number[]",
                "src": {
                  "name": "2,276,29",
                  "text": "2,277,8,172",
                  "type": "2,276,19"
                }
              },
              {
                "$type": "property",
                "name": "yTicks",
                "text": "Array of pixel locations the element will snap to if we specified a\nvertical graduation/interval.  This array is generated automatically\nwhen you define a tick interval.\n",
                "type": "Number[]",
                "src": {
                  "name": "2,284,29",
                  "text": "2,285,8,170",
                  "type": "2,284,19"
                }
              }
            ]
          }
        ],
        "src": {
          "extends": "0,6,0",
          "name": "0,5,0",
          "requires": "0,7,0",
          "text": "0,2,4,217"
        }
      }
    ]
  },
  "version": 1
}