{
  "$type": "doxi",
  "files": [
    "../../../packages/exporter/src/exporter/file/excel/Table.js",
    "../../../packages/exporter/src/exporter/file/Base.js",
    "../../../../docs/docs/js/primitives/Object.js"
  ],
  "global": {
    "$type": "namespace",
    "items": [
      {
        "$type": "class",
        "extended": "Ext.exporter.file.Base,Object",
        "extends": "Ext.exporter.file.Base",
        "name": "Ext.exporter.file.excel.Table",
        "text": "This class is used to create an xml Excel Table\n",
        "items": [
          {
            "$type": "configs",
            "items": [
              {
                "$type": "property",
                "name": "columns",
                "text": "\nCollection of column definitions available on this table\n",
                "type": "Ext.exporter.file.excel.Column[]",
                "src": {
                  "name": "0,74,52",
                  "text": "0,75,12,58",
                  "type": "0,74,18"
                }
              },
              {
                "$type": "property",
                "name": "defaultColumnWidth",
                "optional": true,
                "text": "\nSpecifies the default width of columns in this table. This attribute is specified in points.\n",
                "type": "Number",
                "value": "48",
                "src": {
                  "name": "0,44,27",
                  "text": "0,45,12,94",
                  "type": "0,44,18",
                  "value": "0,44,46"
                }
              },
              {
                "$type": "property",
                "name": "defaultRowHeight",
                "optional": true,
                "text": "\nSpecifies the default height of rows in this table. This attribute is specified in points.\n",
                "type": "Number",
                "value": "12.75",
                "src": {
                  "name": "0,50,27",
                  "text": "0,51,12,92",
                  "type": "0,50,18",
                  "value": "0,50,44"
                }
              },
              {
                "$type": "property",
                "access": "private",
                "name": "expandedColumnCount",
                "text": "This attribute specifies the total number of columns in this table. If specified, this attribute\nmust be in sync with the table. Columns indices in the table should begin at 1 and go to\nExpandedColumnCount. If this value is out-of-sync with the table, the specified XML Spreadsheet\ndocument is invalid.\n",
                "src": {
                  "access": "0,14,12",
                  "name": "0,16,0",
                  "text": "0,9,12,304"
                }
              },
              {
                "$type": "property",
                "access": "private",
                "name": "expandedRowCount",
                "text": "Specifies the total number of rows in this table without regard for sparseness. This attribute defines\nthe overall size of the table, if the specified rows and columns were expanded to full size.\nIf specified, this attribute must be in sync with the table. Row indices in the table should begin\nat 1 and go to ExpandedRowCount. If this value is out-of-sync with the table, the specified XML\nSpreadsheet document is invalid.\n",
                "src": {
                  "access": "0,24,12",
                  "name": "0,26,0",
                  "text": "0,18,12,425"
                }
              },
              {
                "$type": "property",
                "access": "private",
                "name": "fullColumns",
                "text": "WebCalc will set x:FullColumns to 1 when the data in the table represents full columns of data.\nExcel will save x:FullColumns to 1 if the Table extends the full height. This attribute is ignored\non file load, but on XML Spreadsheet paste it is taken to indicate that the source clip has full columns.\n",
                "src": {
                  "access": "0,32,12",
                  "name": "0,34,0",
                  "text": "0,28,12,302"
                }
              },
              {
                "$type": "property",
                "access": "private",
                "name": "fullRows",
                "text": "WebCalc will set x:FullRows to 1 when the data in the table represents full rows of data. Excel will\nsave x:FullRows to 1 if the Table extends the full width. This attribute is ignored on file load, but on\nXML Spreadsheet paste it is taken to indicate that the source clip has full rows.\n",
                "src": {
                  "access": "0,40,12",
                  "name": "0,42,0",
                  "text": "0,36,12,289"
                }
              },
              {
                "$type": "property",
                "name": "id",
                "text": "\nUnique id for this object. Auto generated when missing.\n",
                "type": "String",
                "src": {
                  "name": "1,14,26",
                  "text": "1,15,12,57",
                  "type": "1,14,18"
                }
              },
              {
                "$type": "property",
                "name": "leftCell",
                "optional": true,
                "text": "\nSpecifies the column index that this table should be placed at. This value must be greater than zero.\n",
                "type": "Number",
                "value": "1",
                "src": {
                  "name": "0,62,27",
                  "text": "0,63,12,103",
                  "type": "0,62,18",
                  "value": "0,62,36"
                }
              },
              {
                "$type": "property",
                "name": "rows",
                "text": "\nCollection of row definitions available on this table\n",
                "type": "Ext.exporter.file.excel.Row[]",
                "src": {
                  "name": "0,80,49",
                  "text": "0,81,12,55",
                  "type": "0,80,18"
                }
              },
              {
                "$type": "property",
                "name": "styleId",
                "text": "\nExcel style attached to this table\n",
                "type": "String",
                "src": {
                  "name": "0,56,26",
                  "text": "0,57,12,36",
                  "type": "0,56,18"
                }
              },
              {
                "$type": "property",
                "name": "topCell",
                "optional": true,
                "text": "\nSpecifies the row index that this table should be placed at. This value must be greater than zero.\n",
                "type": "Number",
                "value": "1",
                "src": {
                  "name": "0,68,27",
                  "text": "0,69,12,100",
                  "type": "0,68,18",
                  "value": "0,68,35"
                }
              }
            ]
          },
          {
            "$type": "methods",
            "items": [
              {
                "$type": "method",
                "name": "addColumn",
                "text": "Convenience method to add columns. You can also use workbook.getColumns().add(config).\n",
                "items": [
                  {
                    "$type": "param",
                    "name": "config",
                    "type": "Object/Array",
                    "src": {
                      "name": "0,139,30",
                      "type": "0,139,16"
                    }
                  },
                  {
                    "$type": "return",
                    "type": "Ext.exporter.file.excel.Column/Ext.exporter.file.excel.Column[]",
                    "src": {
                      "type": "0,140,17"
                    }
                  }
                ],
                "src": {
                  "name": "0,142,0",
                  "text": "0,138,8,87"
                }
              },
              {
                "$type": "method",
                "name": "addRow",
                "text": "Convenience method to add rows. You can also use workbook.getRows().add(config).\n",
                "items": [
                  {
                    "$type": "param",
                    "name": "config",
                    "type": "Object/Array",
                    "src": {
                      "name": "0,157,30",
                      "type": "0,157,16"
                    }
                  },
                  {
                    "$type": "return",
                    "type": "Ext.exporter.file.excel.Row/Ext.exporter.file.excel.Row[]",
                    "src": {
                      "type": "0,158,17"
                    }
                  }
                ],
                "src": {
                  "name": "0,160,0",
                  "text": "0,156,8,81"
                }
              },
              {
                "$type": "method",
                "name": "checkCollection",
                "text": "This method could be used in config appliers that need to initialize a\nCollection that has items of type className.\n",
                "items": [
                  {
                    "$type": "param",
                    "name": "data",
                    "src": {
                      "name": "1,44,15"
                    }
                  },
                  {
                    "$type": "param",
                    "name": "dataCollection",
                    "src": {
                      "name": "1,45,15"
                    }
                  },
                  {
                    "$type": "param",
                    "name": "className",
                    "src": {
                      "name": "1,46,15"
                    }
                  },
                  {
                    "$type": "return",
                    "type": "*",
                    "src": {
                      "type": "1,47,18"
                    }
                  }
                ],
                "src": {
                  "name": "1,49,0",
                  "text": "1,41,8,117"
                }
              },
              {
                "$type": "method",
                "access": "private",
                "name": "constructCollection",
                "text": "Create a new Collection with a decoder for the specified className.\n",
                "items": [
                  {
                    "$type": "param",
                    "name": "className",
                    "src": {
                      "name": "1,64,15"
                    }
                  },
                  {
                    "$type": "return",
                    "type": "Ext.util.Collection",
                    "src": {
                      "type": "1,65,18"
                    }
                  }
                ],
                "src": {
                  "access": "1,67,8",
                  "name": "1,69,0",
                  "text": "1,62,8,69"
                }
              },
              {
                "$type": "method",
                "name": "constructor",
                "text": "Creates new Object.\n",
                "items": [
                  {
                    "$type": "param",
                    "name": "value",
                    "optional": true,
                    "text": "The value to wrap.\n",
                    "type": "Object",
                    "src": {
                      "name": "2,40,21",
                      "text": "2,40,28,19",
                      "type": "2,40,12"
                    }
                  }
                ],
                "src": {
                  "name": "2,38,12",
                  "text": "2,39,4,20"
                }
              },
              {
                "$type": "method",
                "access": "private",
                "name": "getCollectionDecoder",
                "text": "Builds a Collection decoder for the specified className.\n",
                "items": [
                  {
                    "$type": "param",
                    "name": "className",
                    "src": {
                      "name": "1,78,15"
                    }
                  },
                  {
                    "$type": "return",
                    "type": "Function",
                    "src": {
                      "type": "1,79,18"
                    }
                  }
                ],
                "src": {
                  "access": "1,81,8",
                  "name": "1,83,0",
                  "text": "1,76,8,58"
                }
              },
              {
                "$type": "method",
                "name": "getColumn",
                "text": "Convenience method to fetch a column by its id.\n",
                "items": [
                  {
                    "$type": "param",
                    "name": "id",
                    "src": {
                      "name": "0,148,15"
                    }
                  },
                  {
                    "$type": "return",
                    "type": "Ext.exporter.file.excel.Column",
                    "src": {
                      "type": "0,149,17"
                    }
                  }
                ],
                "src": {
                  "name": "0,151,0",
                  "text": "0,147,8,48"
                }
              },
              {
                "$type": "method",
                "name": "getColumns",
                "items": [
                  {
                    "$type": "return",
                    "text": "\nReturns the collection of columns available in this table\n",
                    "type": "Ext.util.Collection",
                    "src": {
                      "text": "0,90,8,59",
                      "type": "0,89,17"
                    }
                  }
                ],
                "src": {
                  "name": "0,88,16"
                }
              },
              {
                "$type": "method",
                "name": "getRenderData",
                "text": "Return the data used when rendering the template\n",
                "items": [
                  {
                    "$type": "return",
                    "type": "Object",
                    "src": {
                      "type": "1,101,18"
                    }
                  }
                ],
                "src": {
                  "name": "1,103,0",
                  "text": "1,99,8,50"
                }
              },
              {
                "$type": "method",
                "name": "getRow",
                "text": "Convenience method to fetch a row by its id.\n",
                "items": [
                  {
                    "$type": "param",
                    "name": "id",
                    "src": {
                      "name": "0,166,15"
                    }
                  },
                  {
                    "$type": "return",
                    "type": "Ext.exporter.file.excel.Row",
                    "src": {
                      "type": "0,167,17"
                    }
                  }
                ],
                "src": {
                  "name": "0,169,0",
                  "text": "0,165,8,45"
                }
              },
              {
                "$type": "method",
                "name": "getRows",
                "items": [
                  {
                    "$type": "return",
                    "text": "\nReturns the collection of rows available in this table\n",
                    "type": "Ext.util.Collection",
                    "src": {
                      "text": "0,97,8,56",
                      "type": "0,96,17"
                    }
                  }
                ],
                "src": {
                  "name": "0,95,16"
                }
              },
              {
                "$type": "method",
                "name": "hasOwnProperty",
                "text": "Returns a boolean indicating whether an object contains the specified property as a direct property\nof that object and not inherited through the prototype chain.\n\nEvery object descended from `{@link Object}` inherits the `{@link #method!hasOwnProperty hasOwnProperty}` method. This method can be used\nto determine whether an object has the specified property as a direct property of that object;\nunlike the `in` operator, this method does not check down the object's prototype chain.\n\nThe following example determines whether the o object contains a property named prop:\n\n    o = new Object();\n    o.prop = 'exists';\n\n    function changeO() {\n        o.newprop = o.prop;\n        delete o.prop;\n    }\n\n    o.hasOwnProperty('prop');   //returns true\n    changeO();\n    o.hasOwnProperty('prop');   //returns false\n\nThe following example differentiates between direct properties and properties inherited through the\nprototype chain:\n\n    o = new Object();\n    o.prop = 'exists';\n    o.hasOwnProperty('prop');             // returns true\n    o.hasOwnProperty('toString');         // returns false\n    o.hasOwnProperty('hasOwnProperty');   // returns false\n\nThe following example shows how to iterate over the properties of an object without executing on\ninherit properties.\n\n    var buz = {\n        fog: 'stack'\n    };\n\n    for (var name in buz) {\n        if (buz.hasOwnProperty(name)) {\n            alert(\"this is fog (\" + name + \") for sure. Value: \" + buz[name]);\n        }\n        else {\n            alert(name); // toString or something else\n        }\n    }\n",
                "items": [
                  {
                    "$type": "param",
                    "name": "prop",
                    "text": "The name of the property to test.\n",
                    "type": "String",
                    "src": {
                      "name": "2,100,20",
                      "text": "2,100,25,34",
                      "type": "2,100,12"
                    }
                  },
                  {
                    "$type": "return",
                    "text": "Returns true if object contains specified property; else\nreturns false.\n",
                    "type": "Boolean",
                    "src": {
                      "text": "2,101,22,57:2,102,4,15",
                      "type": "2,101,13"
                    }
                  }
                ],
                "src": {
                  "name": "2,53,12",
                  "text": "2,54,4,1520"
                }
              },
              {
                "$type": "method",
                "name": "isPrototypeOf",
                "text": "Returns a boolean indication whether the specified object is in the prototype chain of the object\nthis method is called upon.\n\n`{@link #method!isPrototypeOf isPrototypeOf}` allows you to check whether or not an object exists within another object's\nprototype chain.\n\nFor example, consider the following prototype chain:\n\n    function Fee() {\n        // . . .\n    }\n\n    function Fi() {\n        // . . .\n    }\n    Fi.prototype = new Fee();\n\n    function Fo() {\n        // . . .\n    }\n    Fo.prototype = new Fi();\n\n    function Fum() {\n        // . . .\n    }\n    Fum.prototype = new Fo();\n\nLater on down the road, if you instantiate `Fum` and need to check if `Fi`'s prototype exists\nwithin the `Fum` prototype chain, you could do this:\n\n    var fum = new Fum();\n    . . .\n\n    if (Fi.prototype.isPrototypeOf(fum)) {\n    // do something safe\n    }\n\nThis, along with the `instanceof` operator particularly comes in handy if you have code that can\nonly function when dealing with objects descended from a specific prototype chain, e.g., to\nguarantee that certain methods or properties will be present on that object.\n",
                "items": [
                  {
                    "$type": "param",
                    "name": "prototype",
                    "text": "an object to be tested against each link in the prototype chain of the\n*object* argument\n",
                    "type": "Object",
                    "src": {
                      "name": "2,148,20",
                      "text": "2,148,30,71:2,149,4,18",
                      "type": "2,148,12"
                    }
                  },
                  {
                    "$type": "param",
                    "name": "object",
                    "text": "the object whose prototype chain will be searched\n",
                    "type": "Object",
                    "src": {
                      "name": "2,150,20",
                      "text": "2,150,27,50",
                      "type": "2,150,12"
                    }
                  },
                  {
                    "$type": "return",
                    "text": "Returns true if object is a prototype and false if not.\n",
                    "type": "Boolean",
                    "src": {
                      "text": "2,151,22,56",
                      "type": "2,151,13"
                    }
                  }
                ],
                "src": {
                  "name": "2,106,12",
                  "text": "2,107,4,1084"
                }
              },
              {
                "$type": "method",
                "name": "propertyIsEnumerable",
                "text": "Returns a boolean indicating if the internal ECMAScript DontEnum attribute is set.\n\nEvery object has a `{@link #method!propertyIsEnumerable propertyIsEnumerable}` method. This method can determine whether the specified\nproperty in an object can be enumerated by a `for...in` loop, with the exception of properties\ninherited through the prototype chain. If the object does not have the specified property, this\nmethod returns false.\n\nThe following example shows the use of `{@link #method!propertyIsEnumerable propertyIsEnumerable}` on objects and arrays:\n\n    var o = {};\n    var a = [];\n    o.prop = 'is enumerable';\n    a[0] = 'is enumerable';\n\n    o.propertyIsEnumerable('prop');   // returns true\n    a.propertyIsEnumerable(0);        // returns true\n\nThe following example demonstrates the enumerability of user-defined versus built-in properties:\n\n    var a = ['is enumerable'];\n\n    a.propertyIsEnumerable(0);          // returns true\n    a.propertyIsEnumerable('length');   // returns false\n\n    Math.propertyIsEnumerable('random');   // returns false\n    this.propertyIsEnumerable('Math');     // returns false\n\nDirect versus inherited properties\n\n    var a = [];\n    a.propertyIsEnumerable('constructor');         // returns false\n\n    function firstConstructor()\n    {\n        this.property = 'is not enumerable';\n    }\n    firstConstructor.prototype.firstMethod = function () {};\n\n    function secondConstructor()\n    {\n        this.method = function method() { return 'is enumerable'; };\n    }\n\n    secondConstructor.prototype = new firstConstructor;\n    secondConstructor.prototype.constructor = secondConstructor;\n\n    var o = new secondConstructor();\n    o.arbitraryProperty = 'is enumerable';\n\n    o.propertyIsEnumerable('arbitraryProperty');   // returns true\n    o.propertyIsEnumerable('method');              // returns true\n    o.propertyIsEnumerable('property');            // returns false\n\n    o.property = 'is enumerable';\n\n    o.propertyIsEnumerable('property');            // returns true\n\n    // These return false as they are on the prototype which\n    // propertyIsEnumerable does not consider (even though the last two\n    // are iteratable with for-in)\n    o.propertyIsEnumerable('prototype'); // returns false (as of JS 1.8.1/FF3.6)\n    o.propertyIsEnumerable('constructor'); // returns false\n    o.propertyIsEnumerable('firstMethod'); // returns false\n",
                "items": [
                  {
                    "$type": "param",
                    "name": "prop",
                    "text": "The name of the property to test.\n",
                    "type": "String",
                    "src": {
                      "name": "2,220,20",
                      "text": "2,220,25,34",
                      "type": "2,220,12"
                    }
                  },
                  {
                    "$type": "return",
                    "text": "If the object does not have the specified property, this\nmethod returns false.\n",
                    "type": "Boolean",
                    "src": {
                      "text": "2,221,22,57:2,222,4,22",
                      "type": "2,221,13"
                    }
                  }
                ],
                "src": {
                  "name": "2,155,12",
                  "text": "2,156,4,2313"
                }
              },
              {
                "$type": "method",
                "name": "render",
                "text": "Renders the content according to the template provided to the class\n",
                "items": [
                  {
                    "$type": "return",
                    "type": "String",
                    "src": {
                      "type": "1,92,18"
                    }
                  }
                ],
                "src": {
                  "name": "1,94,0",
                  "text": "1,90,8,69"
                }
              },
              {
                "$type": "method",
                "name": "toLocaleString",
                "text": "Returns a string representing the object. This method is meant to be overridden by derived objects\nfor locale-specific purposes.\n\n`{@link Object}`'s `{@link #method!toLocaleString toLocaleString}` returns the result of calling `{@link #method!toString toString}`.\n\nThis function is provided to give objects a generic `{@link #method!toLocaleString toLocaleString}` method, even though not all\nmay use it. Currently, only `{@link Array}`, `{@link Number}`, and `{@link Date}` override `{@link #method!toLocaleString toLocaleString}`.\n",
                "items": [
                  {
                    "$type": "return",
                    "text": "Object represented as a string.\n",
                    "type": "String",
                    "src": {
                      "text": "2,235,21,32",
                      "type": "2,235,13"
                    }
                  }
                ],
                "src": {
                  "name": "2,226,12",
                  "text": "2,227,4,384"
                }
              },
              {
                "$type": "method",
                "name": "toString",
                "text": "Returns a string representation of the object.\n\nEvery object has a `toString()` method that is automatically called when the object is to be\nrepresented as a text value or when an object is referred to in a manner in which a string is\nexpected. By default, the `toString()` method is inherited by every object descended from `{@link Object}`.\nIf this method is not overridden in a custom object, `toString()` returns \"[object type]\", where\n`type` is the object type. The following code illustrates this:\n\n    var o = new Object();\n    o.toString();           // returns [object Object]\n\nYou can create a function to be called in place of the default `toString()` method. The\n`toString()` method takes no arguments and should return a string. The `toString()` method you\ncreate can be any value you want, but it will be most useful if it carries information about the\nobject.\n\nThe following code defines the `Dog` object type and creates `theDog`, an object of type `Dog`:\n\n    function Dog(name,breed,color,sex) {\n        this.name=name;\n        this.breed=breed;\n        this.color=color;\n        this.sex=sex;\n    }\n\n    theDog = new Dog(\"Gabby\",\"Lab\",\"chocolate\",\"female\");\n\nIf you call the `toString()` method on this custom object, it returns the default value inherited\nfrom `{@link Object}`:\n\n    theDog.toString(); //returns [object Object]\n\nThe following code creates and assigns `dogToString()` to override the default `toString()` method.\nThis function generates a string containing the name, breed, color, and sex of the object, in the\nform `\"property = value;\"`.\n\n    Dog.prototype.toString = function dogToString() {\n        var ret = \"Dog \" + this.name + \" is a \" + this.sex + \" \" + this.color + \" \" + this.breed;\n        return ret;\n    }\n\nWith the preceding code in place, any time theDog is used in a string context, JavaScript\nautomatically calls the `dogToString()` function, which returns the following string:\n\n    Dog Gabby is a female chocolate Lab\n\n`toString()` can be used with every object and allows you to get its class. To use the\n`Object.prototype.toString()` with every object, you need to call `Function.prototype.call()` or\n`Function.prototype.apply()` on it, passing the object you want to inspect as the first parameter\ncalled `thisArg`.\n\n    var toString = Object.prototype.toString;\n\n    toString.call(new Date); // [object Date]\n    toString.call(new String); // [object String]\n    toString.call(Math); // [object Math]\n",
                "items": [
                  {
                    "$type": "return",
                    "text": "Object represented as a string.\n",
                    "type": "String",
                    "src": {
                      "text": "2,297,21,32",
                      "type": "2,297,13"
                    }
                  }
                ],
                "src": {
                  "name": "2,239,12",
                  "text": "2,240,4,2445"
                }
              },
              {
                "$type": "method",
                "name": "valueOf",
                "text": "Returns the primitive value of the specified object.\n\nJavaScript calls the `{@link #method!valueOf valueOf}` method to convert an object to a primitive value. You rarely need to\ninvoke the `{@link #method!valueOf valueOf}` method yourself; JavaScript automatically invokes it when encountering an\nobject where a primitive value is expected.\n\nBy default, the `{@link #method!valueOf valueOf}` method is inherited by every object descended from `{@link Object}`. Every built-\nin core object overrides this method to return an appropriate value. If an object has no primitive\nvalue, `{@link #method!valueOf valueOf}` returns the object itself, which is displayed as:\n\n    [object Object]\n\nYou can use `{@link #method!valueOf valueOf}` within your own code to convert a built-in object into a primitive value.\nWhen you create a custom object, you can override `Object.valueOf` to call a custom method instead\nof the default `{@link Object}` method.\n\nYou can create a function to be called in place of the default `{@link #method!valueOf valueOf}` method. Your function must\ntake no arguments.\n\nSuppose you have an object type `myNumberType` and you want to create a `{@link #method!valueOf valueOf}` method for it.\nThe following code assigns a user-defined function to the object's valueOf method:\n\n    myNumberType.prototype.valueOf = new Function(functionText)\n\nWith the preceding code in place, any time an object of type `myNumberType` is used in a context\nwhere it is to be represented as a primitive value, JavaScript automatically calls the function\ndefined in the preceding code.\n\nAn object's `{@link #method!valueOf valueOf}` method is usually invoked by JavaScript, but you can invoke it yourself as\nfollows:\n\n    myNumber.valueOf()\n\nNote: Objects in string contexts convert via the `{@link #method!toString toString}` method, which is different from\n`{@link String}` objects converting to string primitives using `{@link #method!valueOf valueOf}`. All objects have a string\nconversion, if only `\"[object type]\"`. But many objects do not convert to number, boolean, or\nfunction.\n",
                "items": [
                  {
                    "$type": "return",
                    "text": "Returns value of the object or the object itself.\n",
                    "type": "Object",
                    "src": {
                      "text": "2,340,21,50",
                      "type": "2,340,13"
                    }
                  }
                ],
                "src": {
                  "name": "2,301,12",
                  "text": "2,302,4,1821"
                }
              }
            ]
          },
          {
            "$type": "properties",
            "items": [
              {
                "$type": "property",
                "name": "constructor",
                "text": " Specifies the function that creates an object's prototype.\n\n Returns a reference to the Object function that created the instance's prototype. Note that the\n value of this property is a reference to the function itself, not a string containing the\n function's name, but it isn't read only (except for primitive Boolean, Number or String values: 1,\n true, \"read-only\").\n\n All objects inherit a `constructor` property from their `{@link #property!prototype prototype}`:\n\n     o = new Object // or o = {} in JavaScript 1.2\n     o.constructor == Object\n     a = new Array // or a = [] in JavaScript 1.2\n     a.constructor == Array\n     n = new Number(3)\n     n.constructor == Number\n\n Even though you cannot construct most HTML objects, you can do comparisons. For example,\n\n     document.constructor == Document\n     document.form3.constructor == Form\n\n The following example creates a prototype, `Tree`, and an object of that type, theTree. The example then displays the `constructor` property for the object `theTree`.\n\n     function Tree(name) {\n         this.name = name;\n     }\n     theTree = new Tree(\"Redwood\");\n     console.log(\"theTree.constructor is \" + theTree.constructor);\n\n This example displays the following output:\n\n     theTree.constructor is function Tree(name) {\n         this.name = name;\n     }\n\n The following example shows how to modify constructor value of generic objects. Only true, 1 and\n \"test\" variable constructors will not be changed. This example explains that is not always so safe\n to believe in constructor function.\n\n     function Type(){};\n     var\ttypes = [\n \t    new Array,\t[],\n\t    new Boolean,\ttrue,\n\t    new Date,\n\t    new Error,\n\t    new Function,\tfunction(){},\n\t    Math,\n\t    new Number,\t1,\n\t    new Object,\t{},\n\t    new RegExp,\t/(?:)/,\n\t    new String,\t\"test\"\n     ];\n     for(var i = 0; i < types.length; i++){\n         types[i].constructor = Type;\n         types[i] = [types[i].constructor, types[i] instanceof Type, types[i].toString()];\n     };\n     alert(types.join(\"\\n\"));\n",
                "src": {
                  "name": "2,346,14",
                  "text": "2,347,3,1996"
                }
              },
              {
                "$type": "property",
                "name": "prototype",
                "text": "Allows the addition of properties to all objects of type Object.\n",
                "src": {
                  "name": "2,46,14",
                  "text": "2,47,4,65"
                }
              }
            ]
          }
        ],
        "src": {
          "extends": "0,5,0",
          "name": "0,4,0",
          "text": "0,2,4,48"
        }
      }
    ]
  },
  "version": 1
}